# Resource object code (Python 3)
# Created by: object code
# Created by: The Resource Compiler for Qt version 5.15.2
# WARNING! All changes made in this file will be lost!

from sgtk.platform.qt import QtCore

qt_resource_data = b"\
\x00\x00DO\x89PNG\x0d\x0a\x1a\x0a\x00\x00\x00\x0d\
IHDR\x00\x00\x01\xf4\x00\x00\x01\xf4\x08\x06\x00\x00\
\x00\xcb\xd6\xdf\x8a\x00\x00\x00\xc1zTXtRaw\
 profile type ex\
if\x00\x00x\xdamP\xdb\x11\xc3 \x0c\xfb\xf7\x14\
\x1d\x01?p\xcc8\xa4M\xee\xbaA\xc7\xaf\xc1\xd0\x0b\
mu\x87$p\"\x8c\xe1x=O\xb85\x10\x0aH\
\xdeL\x8bjrH\x91B\xd5\x8d\xa5@\xed\x8cI:\
w\x9c2\x1c\xae\xe7\xf0)\x90+\xbbr\x14LCq\
\x9e\x8f\x1f\xa6bu\x97/Av\x1f\x85}-\x14\x09\
%\xfb\x0a\xa2\x10n\x1d5\xff\x18Ae\x041E\x01\
G@\x8dg%-\xb6]\x9f\xb0\x1fi\x85\xc5\x82F\
bk\xdb?\xfb\xcd\xa7\xf7\xc8~\x0f\x13\x1d\x8c\x9c\x9c\
\x995\x1a\xe0\xb6\x04\xb8v\xd3\xb8\xf8\x87\xc8\xea\x9e9\
w\x9ea>\x90\x7fs\x9a\x807\x7f\xeeY\x81\x92\xea\
\xd3\x96\x00\x00\x01\x84iCCPICC pr\
ofile\x00\x00x\x9c}\x91=H\xc3@\x1c\
\xc5_S\xc5\x0f*\x0ef\x10q\xc8P\x8b\x83]T\
\xc4\xb1V\xa1\x08\x15B\xad\xd0\xaa\x83\xc9\xa5_\xd0\xa4\
!Iqq\x14\\\x0b\x0e~,V\x1d\\\x9cuu\
p\x15\x04\xc1\x0f\x10g\x07'E\x17)\xf1\x7fi\xa1\
E\x8c\x07\xc7\xfdxw\xefq\xf7\x0e\x10\xeae\xa6\xdb\
]1@7\x1c+\x95\x88K\x99\xec\xaa\xd4\xf3\x0a\x01\
}\x10\x11\xc1\xb8\xc2lsN\x96\x93\xf0\x1d_\xf7\x08\
\xf0\xf5.\xca\xb3\xfc\xcf\xfd9\x06\xb4\x9c\xcd\x80\x80D\
\x1cc\xa6\xe5\x10o\x10\xcfl:&\xe7}b\x91\x15\
\x15\x8d\xf8\x9cx\xc2\xa2\x0b\x12?r]m\xf2\x1b\xe7\
\x82\xc7\x02\xcf\x14\xadtj\x9eX$\x96\x0a\x1d\xacv\
0+Z:\xf14qX\xd3\x0d\xca\x172M\xd68\
oq\xd6\xcbU\xd6\xba'\x7fa(g\xac,s\x9d\
\xe6(\x12X\xc4\x12dHPQE\x09e8\x88\xd2\
j\x90b#E\xfbq\x1f\xff\x88\xe7\x97\xc9\xa5\x92\xab\
\x04F\x8e\x05T\xa0C\xf1\xfc\xe0\x7f\xf0\xbb[;?\
5\xd9L\x0a\xc5\x81\xee\x17\xd7\xfd\x18\x03zv\x81F\
\xcdu\xbf\x8f]\xb7q\x02\x04\x9f\x81+\xa3\xed\xaf\xd4\
\x81\xd9O\xd2km-|\x04\x0cn\x03\x17\xd7mM\
\xdd\x03.w\x80\xe1'S\xb1\x14O\x0a\xd2\x14\xf2y\
\xe0\xfd\x8c\xbe)\x0b\x0c\xdd\x02\xfdk\xcd\xdeZ\xfb8\
}\x00\xd2\xd4U\xf2\x0688\x04\"\x05\xca^\xf7y\
wogo\xff\x9ei\xf5\xf7\x03\xad\xc6r\xbem\xe6\
\xca\x14\x00\x00\x0eYiTXtXML:co\
m.adobe.xmp\x00\x00\x00\x00\x00\
<?xpacket begin=\
\"\xef\xbb\xbf\" id=\"W5M0Mp\
CehiHzreSzNTczkc\
9d\"?>\x0a<x:xmpmeta\
 xmlns:x=\"adobe:\
ns:meta/\" x:xmpt\
k=\"XMP Core 4.4.\
0-Exiv2\">\x0a <rdf:\
RDF xmlns:rdf=\"h\
ttp://www.w3.org\
/1999/02/22-rdf-\
syntax-ns#\">\x0a  <\
rdf:Description \
rdf:about=\"\"\x0a   \
 xmlns:xmpMM=\"ht\
tp://ns.adobe.co\
m/xap/1.0/mm/\"\x0a \
   xmlns:stEvt=\"\
http://ns.adobe.\
com/xap/1.0/sTyp\
e/ResourceEvent#\
\"\x0a    xmlns:stRe\
f=\"http://ns.ado\
be.com/xap/1.0/s\
Type/ResourceRef\
#\"\x0a    xmlns:GIM\
P=\"http://www.gi\
mp.org/xmp/\"\x0a   \
 xmlns:dc=\"http:\
//purl.org/dc/el\
ements/1.1/\"\x0a   \
 xmlns:tiff=\"htt\
p://ns.adobe.com\
/tiff/1.0/\"\x0a    \
xmlns:xmp=\"http:\
//ns.adobe.com/x\
ap/1.0/\"\x0a   xmpM\
M:DocumentID=\"xm\
p.did:F91E5B2BAE\
4211EEAAE1B600F4\
AC3953\"\x0a   xmpMM\
:InstanceID=\"xmp\
.iid:01de80fb-72\
27-43e8-9559-77a\
cbab91e73\"\x0a   xm\
pMM:OriginalDocu\
mentID=\"xmp.did:\
0080117407206811\
871FA882204C4943\
\"\x0a   GIMP:API=\"2\
.0\"\x0a   GIMP:Plat\
form=\"Mac OS\"\x0a  \
 GIMP:TimeStamp=\
\"170751453189521\
6\"\x0a   GIMP:Versi\
on=\"2.10.36\"\x0a   \
dc:Format=\"image\
/png\"\x0a   tiff:Or\
ientation=\"1\"\x0a  \
 xmp:CreatorTool\
=\"GIMP 2.10\"\x0a   \
xmp:MetadataDate\
=\"2024:02:09T16:\
35:30-05:00\"\x0a   \
xmp:ModifyDate=\"\
2024:02:09T16:35\
:30-05:00\">\x0a   <\
xmpMM:History>\x0a \
   <rdf:Seq>\x0a   \
  <rdf:li\x0a      \
stEvt:action=\"sa\
ved\"\x0a      stEvt\
:changed=\"/\"\x0a   \
   stEvt:instanc\
eID=\"xmp.iid:e66\
dbd5a-4f33-44fd-\
9e5a-684bafb8b06\
3\"\x0a      stEvt:s\
oftwareAgent=\"Gi\
mp 2.10 (Mac OS)\
\"\x0a      stEvt:wh\
en=\"2024-02-09T1\
6:35:31-05:00\"/>\
\x0a    </rdf:Seq>\x0a\
   </xmpMM:Histo\
ry>\x0a   <xmpMM:De\
rivedFrom\x0a    st\
Ref:documentID=\"\
adobe:docid:phot\
oshop:060af42f-1\
f48-9d4b-848a-1b\
7841247ef0\"\x0a    \
stRef:instanceID\
=\"xmp.iid:8b414b\
91-01fa-41f0-a69\
c-519695056937\"/\
>\x0a  </rdf:Descri\
ption>\x0a </rdf:RD\
F>\x0a</x:xmpmeta>\x0a\
                \
                \
                \
                \
                \
                \
    \x0a           \
                \
                \
                \
                \
                \
         \x0a      \
                \
                \
                \
                \
                \
              \x0a \
                \
                \
                \
                \
                \
                \
   \x0a            \
                \
                \
                \
                \
                \
        \x0a       \
                \
                \
                \
                \
                \
             \x0a  \
                \
                \
                \
                \
                \
                \
  \x0a             \
                \
                \
                \
                \
                \
       \x0a        \
                \
                \
                \
                \
                \
            \x0a   \
                \
                \
                \
                \
                \
                \
 \x0a              \
                \
                \
                \
                \
                \
      \x0a         \
                \
                \
                \
                \
                \
           \x0a    \
                \
                \
                \
                \
                \
                \
\x0a               \
                \
                \
                \
                \
                \
     \x0a          \
                \
                \
                \
                \
                \
          \x0a     \
                \
                \
                \
                \
                \
               \x0a\
                \
                \
                \
                \
                \
                \
    \x0a           \
                \
                \
                \
                \
                \
         \x0a      \
                \
                \
                \
                \
                \
              \x0a \
                \
                \
                \
                \
                \
                \
   \x0a            \
               \x0a\
<?xpacket end=\"w\
\"?>\xfc\xf4\x92\x8a\x00\x00\x00\x06bKGD\x00\
\xff\x00\xff\x00\xff\xa0\xbd\xa7\x93\x00\x00\x00\x09pHY\
s\x00\x00\x0b\x13\x00\x00\x0b\x13\x01\x00\x9a\x9c\x18\x00\x00\
\x00\x07tIME\x07\xe8\x02\x09\x15#\x1f\x18G4\
\xaa\x00\x00 \x00IDATx\xda\xed\xddy\x8c\x1d\
\xd7\xa1\xdf\xf9\xdf9Uu\xf7\xde\xb94\x17q'E\
J\xa4HQ\xfb\xbey\x91\xfc\xbc\xc4~N\xde\xf3 \
\xcb\x1fI0\x98\xc1\x9b,\x03\x0c\x82d0\x03\x0c\x10\
d\x92\x19L\xe6\x9f$\xc8\xe0\x01\x092\xc9\xb3\xc6y\
\x8bw\xc9\xb2,\xcb\x92\xac\x8d\x16)\xee\xfbNv\xb3\
\xf7\xed\xee\xf7V\x9d3\x7ft[\xb6dI\x96\xd8M\
\xea\xde\xee\xef\x07\xa0,\xc3r\xeb\xde\xaa\xdb\xf5\xadS\
un\x1d#\xdc0w\xfew\x9f7~\xb2\xd2\x91\xdf\
\xb5fo\xb4\xba\xeb\x7f\xbcT\x9a|\xe4B\xa3\xd2\x1d\
x\xb6\x0d\x00|\x0a^R]\xd2\x84\x8c\xae\xc8\xf9\xd3\
~\xa8tT\x83\xd3\x07d\xcc\x09\xad\xec\x18\xd3d%\
\xd1P)q?9\xbdd\x8f\xb0!\x9f\x93\x1b\xa7>\
Q\xde\xb0\xf6\xde\xcdO\xe4\xd7\xf4<]v\xf1\x9dA\
\xc5\xe4\xe5\xbd$\xc3\xc6\x01\x80O\xceH\x8a$\xf5\xca\
++cV\x99\x95\x85\xddZYxJ\xb1;\xef\xa7\
k\xc7\x95\xf8\x83\xbeX?.ib\xee\x04`In\
$,\xf06]\xf7\xe8\x8e\xfe]\x7f\xe7\xb1\xbb\xa2\\\
\xea\xb1 \xb0\x8f\x98\xd0\xee(5\x1a\x1d\xe7\xc7G\xcc\
\xe9JQ\x81a\xb3\x03\xc0\xbcX#I\xb1\x127\xad\
\xd8\x0f\xc8\xea\x9c\xac=\xa4rc\xbf?>|\xd8\xfd\
\xd7#\x97\x09:\xae{[\xde\xfd\x0f\x9f\xe9\xea\xdb\xda\
\xbf-\xca\xa5\x1f\x0as\xe9g\xa2l\xea.\x1b\xd8^\
\xd7\x885S\xaf\xe9\xfc\xc4\xa8\xce\x10t\x00X\xd8\x8a\
Y+\x05Fr~L\xf5\xf8]\xd5\x93\x97d\xcc+\
\xfe\xf8\xf0i\xff\xec\xa1)/9\x82\x8eO\xb4\x0d\xef\
\xfdG\x7f\x90-\xac\xee^\x11\x152\xf7\xa4\xf2\xe9?\
\xcc\xf6u<\xe1\x9d\xebu\xb1\x0b\x8cd\xe4\xbd\x8a\x8d\
:A\x07\x80\x1b[4\xaf\xc0:\x193\xaej\xf3m\
M\xd7\x9e\xf5\x13\x957te\xe6\x9a{\xeed\x83\xa0\
\xe3Cmxj\xa7\xe9\xdf\xbb\xd1\xe6Wv\xe7\x1a\xc5\
\xea\xfd=[\xfb\xffZ\xba3\xfb\xb8w~\xad\xbc/\
x/+\xef\xdf\xdb\xc0\x04\x1d\x00nR\xd5\x8cq2\
\xa6,\xa3\x01\x8dW\xfe\xc2_\x9c\xfc\x0b\xad\xe9<\xea\
\xfe\xe5+\xc9b~\xeb\x01{\xff:U\\n\xf9\xde\
\xf5w\xf4l\\\xf17\x0bkz\xfff\x98\x8e\x1e\x93\
\xb4N\xdeg\xbd\xf3\xe6\x83gL\x8d$\xd1d\xb5\xa2\
\x89fC\x96\xa0\x03\xc0\x8d3;\x96JK\xeaQ.\
\xb5\xd1\xf4\xe6\xba5S\x9f6\x0f\xae\xbb\xea\xdf\xbc\xbc\
h'\xcc1\xcb\xfd:\xb6\xd9\xc3\xff\xcb76u\xae\
[\xf6P\xba3\xfb\x94\x0d\x82\xfbld\xd7{\xaf\xc8\
'\x8e\xad\x03\x00-\x11u/y\x05\x0a\xcdz\xa5\xc3\
\xaf\x99\x15\x85\x94\xc6\xcb\x0a\xfe\xf1Co'\xff\xf7\xeb\
u\x82\xbe\xb4\xd9\xbb\xff\xc13\xabV\xdc\xb1nG\x10\
\x05O\x86\x99\xe8\x8ba6\xbd[\xce\x05.\xf1\xb3\x1f\
\x1e\x00@k\x89\x9d\x14\xd8UJ\x87_VwV~\
\xaaV\xb6\xdf\xda}\xd4={h\xd1E\x9d\xa0\xff\x1e\
))x\xf0_\xfcq.\xdb[X\x13\xd7\x9b_\xc8\
tf\xbf\x11fR\xbb\xbd\xf7\x1d.\x8e\x03\xd1q\x00\
hm\x89\x93\x02\xbbB\x1d\xe9/\xab\x91LiE\xfe\
?\x1a\xe9\xf8b\x9b\xfdN\xd0?\xc2\xf6o\xdegn\
yp[0~fhu\x98M=\x9c\xe9\xce}=\
*d\xee\xf5\x89_\xe1\xe2$\xedg\xe7S\x02\x00\xda\
%\xea\xde\xf4\x99\xee\xec\xdf\x90tU_\xd8:\xe9\x7f\
zf\x80\xa0/~\xa6:Z\xecJ\x9a\xc9\x03\xeb\x1f\
\xbb\xed\x99(\x97z\xd8%n\xa3O\\\x97w\xdex\
.\xaf\x03@\xfbq>P`V\xa9#\xfdM\xf3\xf8\
\xc6k\xfa\xe9\x99\xbf\x94\xd4$\xe8\x8b\xd4\xb2\x8dks\
\xb7\xff\xdd\x87v\xf6\xdd\xba\xfaQ\xef\xdccA*\xbc\
[\xc6\xf4K\x92\x8b\x99\xf4\x06\x00\xed\x1dug\x15\xda\
=r\xc1S\xf6O\x1e<\xa1\\t\xc4\xfd\x1f\xaf,\
\x8a\x83;A\xff\x8d\xec3\xff\xfe\xef\xad\x8a\xb2\xa9;\
\xbd\xf4t\x90\x0a?'\xab\xb5>va\xd2\x88\xd9:\
\x00\xb0\x18x\x19y\xe5d\xcd\x83Z\x99?\xa5\x0b\x13\
\xe7%\x95\xb4\x08\x9e\xff\xbe\xe4\x83~\xd7\x9f|!\xea\
\xdd\xba\xaa+\xa9\xc7;\xa2l\xeaK\xa9\xce\xec36\
\x0cnu\xb1K\xf9\xd8Y>\xfd\x00\xb0\xc8$N\x0a\
\xedV\xd3\x91~\xd4G\xc1O\xecWv\x9cv?<\
\xd1\xf6O\x92[\xb2A\x7f\xf0\x9f}\xdd\xd4\xa6K\xd9\
B\x7f\xf7\xba0\x93\xfaJ\xe7\xdae_\xb6\xa1\xbd\xcd\
;\xd7\xe9\x9aI\x8a\xfb\xe4\x00\xb0\xa8G\xea\x91\x9c\xdf\
b\xba\xb3\x8f)\x9f\x1a\x90D\xd0\xdbU}\xbar\xcb\
\xf2\xdb\xd6>\x9e\xef\xef\xfe\xa2\xb5v\xaf\x8cY\xef\x9d\
\xcb\xfa\xd9\x87\x11\x00\x00\x163\xe7%i\x95z\xb2\x8f\
\xa8\xd2\xf8\xb1\xa4I\x82\xde^\xcc\xa6\xa7v-\xdb\xfe\
\xd7\xef\xdb\x93\xea\xca=\x11D\xc1c\xc6\xda]\xc6\x9a\
\x0e\x9fx1*\x07\x80\xa52B\xf7\x925\x9d\xca\x84\
\xb7\xfb\xf1\xf2\x06IC\x92j\x04\xbd\x0d\xdc\xf9\xf7\x9f\
\xeaXv\xfb\xda-\x99\xde\xc2\x03A\x18<\x13eS\
\xf7\x99\xc0.w\xcd\x84\xd9\xeb\x00\xb0\x14\x19ce\xcd\
2\xc5\xfev\xf3\xa5\xed'\xfds'\x87\x08zK\x87\
\xfc\xc9\xcc\xf2;\xd6/\x0b\xa2\xe0\xce \x1d}#\xdb\
W\xf8\x82\x9c_\xee\xe2$t\xcc^\x07\x80\xa5=J\
w\xca(\x1d\xdef6\xf6\xfc\xdc\xcf\x8e\xd2\x09z+\
\xe9[\xdfo\xb6\xff\xed\x07m\xd7-}\xe9\xe9\x8b\xa3\
we\xfb\x0a_\xcbt\xe6\x9er\x89\xdb\xe0\x1aq\x87\
\xf7\x0ax\xf6:\x00,\xf5\xa0KJ|\xcat\xa4\xb6\
(\x1bv\xb6\xfb\xdbY\x94A\x1f\xbf4\x94v\xb1\xdb\
\x9a\xee\xcc}a\xd5\xdd\x9b?'kv%q\xb2B\
^\x91w\x84\x1c\x0007B7&T:\xec\x97I\
\xba\x08zk\xb1\x8f\xfd\xf3?\xda\xd0\xb1\xa6\xf7\xfeT\
!\xf3\xa4\x09\xec\x03&\xb0\x9b\xbd\xf7i\x966\x05\x00\
|\x88@\xc6\xf4\xf88\xe9\x94\x94R\x1b\x7f}m\xb1\
\x04\xdd\xec\xfa;\x8f\xaeX\xff\xf8m\xb7\x06\xa9\xf0\xf1\
 \x15=\x1df\xa2\xbd.qi\x97$|\x0d\x0d\x00\
\xf0\x91\x03Ay_P3)H\x8a\x08\xfagxf\
\xf5\xc4\xbf\xfcV&\xdd\x95[\xdd,\xd7\x9fH\x15\xb2\
\xdf\x083\xe1]\xde\xf9\x9e\xa4\xc9\xd2\xa6\x00\x80\xdf?\
 \x94QJ^\x99vob[\xbe\xf8[\xff\xf0^\
\xb3\xf6\x81m\xc1\xc8\xb1+\xcb\x83Tx\x7f\xb6;\xff\
\x87\x1dkz\x1f\x94\xf3\xfd\xae\xe9\xd2^\xde\x12s\x00\
\xc0'\x12\x05\xd6\xa4\xc3\xd0H\xb6\x9d\xd3\xd1\x8eA7\
\xe5\xe1\xe9|\xd2\x88\xef\xdd\xf8\xe4\xae\xa7\xa3|\xfaQ\
#m\x91\xf3\xbd,m\x0a\x00\xf8\xf4U1F\xd6X\
\xa3\xbc\xf1*\x13\xf4\x9b!\xablf\xef?{z{\
\xdf\xf6\xd5\x0f\xdbT\xf8D\x10\x05\xf7Zk\xd6z\xef\
\xe5\x98\xf4\x06\x00\x98Wd\x02\xa3*#\xf4\x1b-\xfd\
\xc4\xbf\xf8\xd6\xca\xec\xb2\x8e=A:\xfcB\x98K}\
>H\x85\x1b\xe4|\x8a\x90\x03\x00\x16D\xb5\xbd{\xd2\
\xd2A\xbf\xed\x8f\x1f\x0c\xfbn]\xdd\x99\xea\xccnI\
\x172_Lwf\xbf\x92\xea\xc8\xecL\x9aI\xda\xc5\
\x09\xf7\xc9\x01\x00h\xe5\xa0\xef\xf8\xc6}\xa6c\xe3\xb2\
T\xba3\xb7:\xca\xa6\xbe\xd4\xb3q\xc5\xd7l\x14\xec\
rq\xd2\x934\xe24+\xa2\x01\x00\xd0\x06A\xafM\
\x94W\xad}l\xfb\xc3]\xeb\x96=\xed\xbd\xee\x915\
\x1b}\xe2\xf2\xf2bE4\x00\x00Z=\xe8]\xbd=\
=\x0f\xfd\xab\xbf\xbe;\xca\xa7\x1f\x0f\xa2\xe0qc\xcc\
n\x13\x98n\x1f;9B\x0e\x00@k\x07}\xef\x7f\
\xff\xc5|\xef\xd6\xfeM\x99\xee\xdc\xbda&z:\xcc\
\xa6\x1e\xb2\x81]\xe5\x9a\x89xd+\x00\x00-\x1e\xf4\
;\xff\xee\x93\xe9\xbe\x9dk{\xc2LjW\x98\x89\xbe\
\x9e\xed+|IR\xbfO\\*aiS\x00\x00Z\
;\xe8\xf7\xfdO_\xb1\x1d\xab{\xd2\xd5\xd1\xe2\xaeL\
w\xfe+\x99\xee\xdc\x17\x8d\xb5\x9b}\xe2\xbaX\xda\x14\
\x00\x80\xf6\x08z\xca5\xe3\x8d\xa9|\xfa\x0b\x9d\xeb\xfa\
>o\x83`\xb7\xbc\xef\xf7\xce\xa5X\xda\x14\x00\x80\xd6\
\x0f\xba\xd9\xfb\xdf~n\xed\x8a\xdd\xeb\xef\xcd-\xef|\
B\xde?\x1c\x04\xc1\xad2\xca8\xc7\xd7\xd0\x00\x00h\
\xf5\xa0\x9b\x9d\xff\xcdC}\x1b>\xbfk\x8b1\xe6\xd1\
 \x1d=\x1df\xa2{\xbd\xf39\x9f8\x9e\xbd\x0e\x00\
@\x8b\x07\xdd>\xfe\xbf\xffq&\xd3\x9d\xef\x8fk\xcd\
\x87S\xf9\xcc\xd7\xc3l\xea~\xc9/\x9b[\xda\xd4\xb0\
\xf9\x01\x00h\xd1\xa0\xef\xf8\xe3\x07\xcc\xaa;7\xda\x89\
sC\xbda&uw\xa6+\xff\x8d\xd4\xda\xec\xe3\xde\
\xb9U.N2\xf2b\x9dr\x00\x00Z=\xe8\xd3\x17\
F\xd2+n\xbf\xe5\xae\x0dO\xdc\xfet\x94\xcb<\xe6\
\x13\xb7\xcd;\xb7\xc2;g\x98\xf4\x06\x00@\xeb\x07=\
\xfd\xf0\xff\xfa\x87[\x96\xdd\xbe\xf6A\xe3\xf5D\x90\x0a\
\xef\x97\xd1z\x19Y\x17'li\x00\x00Z<\xe8\xd1\
\xe7\xfe\xaf\xbf\xb5\"\xdd\x95\xbb#H\x85O\x05Q\xf8\
\xb4\x0d\xedf\xef|\xc65\x099\x00\x00-\x1d\xf4\x7f\
\xfc\xef\xfe\xe7\xe0\xf0\xc4\xf9\x0e\x9f\x0d6\xa4\xbbs\x9f\
Owd\xbf\x1afS{]\x9cd\\\x9c\x18\xee\x93\
\x03\x00\xd0\x06A\xcf\x17\x0a\xdd\xa9Z\xfa+\xe9\xb5\xdd\
\xdf\x0c\xd3\xe1\x1e\xe3\xd5\xe7\x9aI\x86\xaf\xa1\x01\x00p\
\xf3\xd9\xeb\xf9?y\xef\xc3\xed;w\xac\xeb\xdb\xd4\xff\
\xb7\x82\xc8>\xee\x9d[\xe3\x9d'\xe6\x00\x00\xb4S\xd0\
%\x05\xa90\xd5\x11\x84\xe1fy\xe5}\xe2Y\xa7\x1c\
\x00\x806\x0c\xba\xf7\xcey\x97$1!\x07\x00\xa0}\
\x83\xfe\xeb\xa7\xbcQs\x00\x00\xda8\xe8\x00\x00\x80\xa0\
\x03\x00\x00\x82\x0e\x00\x00\x08:\x00\x00\x04\x1d\x00\x00\x10\
t\x00\x00@\xd0\x01\x00\x00A\x07\x00\x80\xa0\x03\x00\x00\
\x82\x0e\x00\x00\x08:\x00\x00 \xe8\x00\x00\x10t\x00\x00\
@\xd0\x01\x00\x00A\x07\x00\x00\x04\x1d\x00\x00\x82\x0e\x00\
\x00\x08:\x00\x00 \xe8\x00\x00\x80\xa0\x03\x00@\xd0\x01\
\x00\x00A\x07\x00\x00\x04\x1d\x00\x00\x10t\x00\x00\x08:\
\x00\x00 \xe8\x00\x00\xb4%\xdf\xce/>d\xff\x017\
\xe7(\xe1\xbdgC,\x11\xc6HF\x86\x0d\xd16;\
L^\xd64\x9cJ1A\x07\xf0\xb1\x9cw\x92k\xb6\
\xfb\x00\x00\x9f\xf4\x04\xce\x04\x92\x0d\x15\x10\xf56\xf9\x05\
\x95Q-^\x11n_\xbe\xc9\x9f\x1c/~6/A\
\xca)\xaf\xb5;\xd64\xa2tj\xec\xe8\xc1\xc3U\x82\
\x0e\xb4\xd2\x81\xdd{\x990\xd4W\xbb\xb6h\xef\xf2\xad\
\x0a\x0cw\xb9\x96\x82K\xc5a\xbd<~FW\xaaS\
J\x0cQo\xf1\xdfR)qaT\xaf?\x9c\xda\xd3\
\xddmn\xcfW\xbcn\xfeNK\xbcS\xc6\x86.\xb3\
l\xc5d*J}_\x07u\x8e\xa0\x03-52O\
d\xc2\xbc\x1e\xda\xb0W\xdf\xdc\xf3y\x85\x96_\xb9\xc5\
\xce\x18\xe9WW\x8e\xeb\xdc\xc1\xa2\x86+\x13\xaa\xc8\xca\
\x10\xf5\x96\xee\xb9\x89\x930\xf4\xf1\x13aw\xf4\xa8q\
\xa1n\xfe\x85\x15#\xeb\x12\x05&\x8c\xc3\xde\xec\xe50\
J\x1d\x94\x08:\xd0jCtyc\xd4\x93\xceku\
\xa1Oa\xc0\xaf\xdc\xe2\x0f\xba\xd1\xf2\\\x97\xb2aZ\
\xd6K2^\xe2\xd2{;\x08\xbdSh\x12/\x7f\xd3\
w\x97\x97w^\xde8\xeb\x13'\x05\xd7wk\x8e\xa3\
\x0bp\x13Xc\x15\xda@\xa1\x0d\xd8\x18K\xc0on\
\xad\x10\xf3v\x1a\xa9\xff\xfa$\xfc3\xd9g\xbf\x994\
\xeb\xfcu\xce\xa0\xe5\x86\x1ep\xd3\x8e\x14XR{\x9d\
o5\xe0\xba]\xdf\x09\x05A\x07Z\xf4\x97\x13\xecv\
\x80\xa0\x03\x00@\xd0\x01\x00\x00A\x07\x00\x00\x04\x1d\x00\
\x00\x10t\x00\x00\x08:\x00\x00 \xe8\x00\x00\x80\xa0\x03\
\x00\x00\x82\x0e\x00\x00A\x07\x00\x00\x04\x1d\x00\x00\x10t\
\x00\x00@\xd0\x01\x00 \xe8l\x02\x00\x00\x08:\x00\x00\
 \xe8\x00\x00\x80\xa0\x03\x00\x00\x82\x0e\x00\x00A\x07\x00\
\x00\x04\x1d\x00\x00\x10t\x00\x00@\xd0\x01\x00 \xe8\x00\
\x00\x80\xa0\x03\x00\x00\x82\x0e\x00\x00\x08:\x00\x00\x04\x1d\
\x00\x00\x10t\x00X*\x8c\x0c\x1b\x01\x04\x1d\x00\xda:\
\xe6\x86C+n\xbe\x90M\x00\xe0\xe3xI\xd5\xb8\xae\
\xc9\xf2\xb4\x8a\x95\x92\x8c\x99\x1d\x7f\xe2\xc3F\xe5\x921\
F\x97\xc6\x07T\xac\x95\x95\x18\xc3\xb6\x02A\x07\xd0\"\
A\xf7^\xc3\xe5I\xbdt\xf2M\xfd\x7f\xa7~\xa1\xd0\
X\"\xf51\xac1\x9a\xa8\x97t\xb6<\xa6\x9a\xb12\
\x86m\x05\x82\x0e\xa0E\xc6\xe8\xf5\xb8\xa1\xa9\xd2\xb4^\
\x1a:\xa1\xb4\x0dg\x83N\xa7>r\x94\x9eHr\x92\
D\xccA\xd0\x01\xb4^\xd6\xbd\xe4\x13\xd5\xbd\x9dm\xb9\
'V\x1fWuc\x0c\x13\xe3@\xd0\x01\xb4Z\xa0\xcc\
\xec\xa5c\x13\xc8r\x19\x19hIL\xc5\x04\x00\x80\xa0\
\x03\x00\x00\x82\x0e\x00\x00\x08:\x00\x00 \xe8\x00\x00\x10\
t\x00\x00@\xd0\x01\x00\x00A\x07\x00\x00\x04\x1d\x00\x00\
\x82\x0e\x00\x00\x08:\x00\x00 \xe8\x00\x00\x80\xa0\x03\x00\
@\xd0\x01\x00\x00A\x07\x00\x00\x04\x1d\x00\x00\x10t\x00\
\x00\x08:\x00\x00 \xe8\x00\x00\x80\xa0\x03\x00\x00\x82\x0e\
\x00\x00A\x07\x00\x00\x04\x1d\x00\x00\x10t\x00\x00@\xd0\
\x01\x00 \xe8\x00\x00\x80\xa0\x03\x00\x00\x82\x0e\x00\x00\x08\
:\x00\x00\x04\x1d\x00\x00\x10t\x00\x00@\xd0\x01\x00\x00\
A\x07\x00\x80\xa0\x03\x00\x00\x82\x0e\x00\x00\x08:\x00\x00\
 \xe8\x00\x00\x10t\x00\x00@\xd0\x01\x00\x00A\x07\x00\
\x00\xf3\x11\xb2\x09\x00\xfc>\xde{9\xe7\xa4\xa4.\xe7\
\x13IF2Ki\x0b\x18\xc9\x86\x0a\x0cc \x10t\
\x00\xed|\xa0\xb0\x81\x0a\xa9\x9c\x9e\xec\xd8\xa8\xc0\x06K\
(\xe6F^^\x0d\x97\xe8j\xb3\xa8\xf3IM\x01\x1f\
\x07\x10t\x00m\x994c\xb4<\xdb\xa5\xbb7\xedV\
O\xcf2\x99\xa554\x97\x93W\xa9Q\xd5+\xa7\xdf\
\xd2\xf9\xc1w\xe5\xbd\x97a\xa4\x0e\x82\x0e\xa0\xfd\xc6\xa8\
F\x85TV;Vl\xd0\xa6\xde\xd5K\xee\xfd{y\
\x95\x1bU\x8d\x8d\x0eJ\x83\xfb\xe5\xb5\xc4\xee6\x80\xa0\
\x03XD\x07\x0a\x1b\xa8#\x95UG*\xbb$\xdf\x7f\
*\x08\x95\x0b\xd3\x129G\x0b\xe3\xba\x11\x00|\x8c\xc4\
;\xd5\xe3\xa6\x9a.ac\x80\xa0\x03\x00\x00\x82\x0e\x00\
\x00\x08:\x00\x00\x04\x1d\x00\x00\x10t\x00\x00@\xd0\x01\
\x00\x00A\x07\x00\x80\xa0\x03\x00\x00\x82\x0e\x00\x00\x08:\
\x00\x00 \xe8\x00\x00\x10t\x00\x00@\xd0\x01\x00\x00A\
\x07\x00\x00\x04\x1d\x00\x00\x82\x0e\x00\x00\x08:\x00\x00 \
\xe8\x00\x00\x80\xa0\x03\x00@\xd0\x01\x00\x00A\x07\x00\x00\
\x04\x1d\x00\x00\x10t\x00\x00\x08:\x00\x00 \xe8\x00\x00\
\x80\xa0\x03\x00\x00\x82\x0e\x00\x00\x08:\x00\x00\x04\x1d\x00\
\x16?#\xa3\xc0ZYc\xd8\x18hi!\x9b\x00\xc0\
\xef\xe3\xe5\x958\xa7\xc4\xbb%\x97s/\xa7f\x92,\
\xc1\xf7\x0e\x82\x0e`\x91\xc5\\\xaa\xc5MMT\xa65\
]-IKh\xa0jd\xe4\xbd\xd3d\xad\xa4\x91\xca\
\x94\xb8\xa8\x09\x82\x0e\xa0}\x83\xee\xbd\x86\xca\x13z\xed\
\xd4>\xfd\xec\xf4\x9b\xb2\xc6.\xa9\xa8KR-i\xea\
TqP\x92\x95\xe5\xca;\x08:\x80v\x1d\xa3\xd7\x93\
\x86\x86\x8a\xe3\xfa\xcf\x03oK6\x94\x96\xdc\xfdd#\
\x19\xabPF\x9e\x0f\x04\x08:\x806O\x9a$+#\
\xab%7D\x9f{\xc7\xc4\x1c\x04\x1d@\xdb\xe7\xcc\x98\
\xd9Q\xaa1v\xf6\xef\x01\xb4\x14fx\x00\x00@\xd0\
\x01\x00\x00A\x07\x00\x00\x04\x1d\x00\x00\x10t\x00\x00\x08\
:\x00\x00 \xe8\x00\x00\x80\xa0\x03\x00\x00\x82\x0e\x00\x00\
A\x07\x00\x00\x04\x1d\x00\x00\x10t\x00\x00@\xd0\x01\x00\
 \xe8\x00\x00\x80\xa0\x03\x00\x00\x82\x0e\x00\x00\x08:\x00\
\x00\x04\x1d\x00\x00\x10t\x00\x00@\xd0\x01\x00\x00A\x07\
\x00\x80\xa0\x03\x00\x00\x82\x0e\x00\x00\x08:\x00\x00 \xe8\
\x00\x00\x10t\x00\x00@\xd0\x01\x00\x00A\x07\x00\x00\x04\
\x1d\x00\x00\x82\x0e\x00\x00\x08:\x00\x00 \xe8\x00\x00\x80\
\xa0\x03\x00@\xd0\x01\x00\x00A\x07\x00\x00\x04\x1d\x00\x00\
\x10t\x00\x00\x08:\x00\x00 \xe8\x00\x00\x80\xa0\x03\x00\
\x00\x82\x0e\x00\x00A\x07\x00\x00\x04\x1d\x00\x00\x10t\x00\
\x00@\xd0\x01\x00\x00A\x07\x00\x80\xa0\x03\x00\x00\x82\x0e\
\x00\x00\x08:\x00\x00 \xe8\x00\x00\x10t\x00\x00@\xd0\
\x01\x00\x00A\x07\x00\x00\x04\x1d\x00\x00\x82\x0e\x00\x00\x08\
:\x00\x00 \xe8\x00\x00\x80\xa0\x03\x00@\xd0\x01\x00\x00\
A\x07\x00\x00\x04\x1d\x00\x00\x10t\x00\x00\x08:\x00\x00\
 \xe8\x00\x00\x80\xa0\x03\x00\x00\x82\x0e\x00\x00A\x07\x00\
\x00\x04\x1d\x00\x00\x10t\x00\x00@\xd0\x01\x00 \xe8\x00\
\x00\x80\xa0\x03\x00\x00\x82\x0e\xa0\x85\x18Yc\x14\x18\x0e\
\x17@+\x0b\xd9\x04\xc0\x8d\xd7p\xb1*q]\xa1O\
\xda\xee\xb5;\xefU\x8d\x1b\xaa'Mv$@\xd0\x81\
%:\xb65VJb]\x9a\x1c\xd4\xbb\x97\x8f+\xb4\
A[\x06\xfdJqT\x97\xa7\x87$F\xe9\x00A\x07\
\x96\"k\x03\x99\xb8\xa1o\x9f{M/]> #\
\xd3v\xef\xc1\xcb\xab\xeabM\xc4\xb5\xd9\xf7\xc3n\x05\
\x08:\xb0\x14y\xefu%\xae\xe9J\xb3\xda\xd6\xef\xc3\
\x18\xc9\x92s\x80\xa0\x03Kz\xa4\xde\xeeo\xc0\xbc\xf7\
\x17\x00\x04\x1dX\xba\xcc\xaf\x87\xb8\x00\xc0\xc0\x01\x00\x00\
\x10t\x00\x00\x08:\x00\x00 \xe8\x00\x00\x80\xa0\x03\x00\
\x00\x82\x0e\x00\x00A\x07\x00\x00\x04\x1d\x00\x00\x10t\x00\
\x00@\xd0\x01\x00 \xe8\x00\x00\x80\xa0\x03\x00\x00\x82\x0e\
\x00\x00\x08:\x00\x00\x04\x1d\x00\x00\x10t\x00\x00@\xd0\
\x01\x00\x00A\x07\x00\x80\xa0\x03\x00\x00\x82\x0e\x00\x00\x08\
:\x00\x00 \xe8\x00\x00\x10t\x00\x00@\xd0\x01\x00\x00\
A\x07\x00\x00\x04\x1d\x00\x00\x82\x0e\x00\x00\x08:\x00\x00\
 \xe8\x00\x00\x80\xa0\x03\x00\x00\x82\x0e\x00\x00A\x07\x00\
\x00\x04\x1d\x00\x00\x10t\x00\x00@\xd0\x01\x00 \xe8\x00\
\x00\x80\xa0\x03\x00\x00\x82\x0e\x00\x00\x08:\x00\x00\x04\x1d\
\x00\x00\x10t\x00\x00@\xd0\x01\x00\x00A\x07\x00\x80\xa0\
\x03\x00\x00\x82\x0e\x00\x00\x08:\x00\x00 \xe8\x00\x00\x10\
t\x00\x00@\xd0\x01\x00\x00A\x07\x00\x00\x04\x1d\x00\x00\
\x82\x0e\x00\x00\x08:\x00\x00 \xe8\x00\x00\x80\xa0\x03\x00\
@\xd0\x01\x00\x00A\x07\x00\x00\x04\x1d\x00\x00\x10t\x00\
\x00\x08:\x00\x00 \xe8\x00\x00\x80\xa0\x03\x00\x00\x82\x0e\
\x00\x00A\x07\x00\x00\x04\x1d\x00\x00\x10t\x00\x00@\xd0\
\x01\x00 \xe8\x00\x00\x80\xa0\x03\x00\x00\x82\x0e\x00\x00\x08\
:\x00\x00 \xe87\x8dy\xdf\x7f\x00\x00Z\xe3\xd0\xec\
\x17\xc9\xb19do\xde\xe8\x0f\x8b\x91\x91d\xac\x911\
F\xfa\xf5\x1f\x00\xc0g\xce\xeb\xd7\x87\xe4\xf6?.\x13\
\xf4\x1b\xdar#k\xad\x92$Q\xadXRsjF\
Q\xb5\xa4\x80\xa0\x03@\xeb\x1c\xab\xbdd\xebu\x19\xef\
\xe5\xdb\xf8\xf8L\xd0oP\xc8\x8d\xb5rI\xa2j\xb9\
\xac\xe2\xd4\xb4\xc6FFU\x9d\x9aP\xb6\xd9\x90\xe5\xba\
;\x00\xb4\xd48\xdd$\xc9\xdc\xb5wF\xe8\x98-\xb9\
\x8c$\xef\xbd\xe2z]\x95RYSc\xe3\x1a\x1e\xba\
\xa6\xd2\xcc\x8c\xbcK\x14\xb1\x95\x00\xa0\xd5\x0e\xde\xb3#\
\xf36\x1fk\x11\xf4\x85\x8e\xb9s\xaa\xd7j\x9a\x18\x1d\
\xd3\xe8\xb5!MON\xa8\x19\xc72\xd6H\xd6\xb6\xfb\
\x09 \x00\x80\xa0/\xe6\x96\xcfNtk\xd6\xeb\x9a\x1a\
\x9f\xd0\xf8\xd0\xb0\xa6&&T\xadU\xe5\xbcc\x0e\x1c\
\x00\x80\xa0\xb7z\xc8\x8d1j6\x9b*M\xcfhj\
tL\x93c\xe3\x9a)M\xab\xd9l\xbe\xf7\xbf\x03\x00\
@\xd0[8\xe4I\x92\xa8Z*\xab89\xa5\x89\xd1\
1\x8dO\x8c\xaa^\xaf\xc9hvv;\x00\x00\x04\xbd\
EC.I\xdey5\x1au\x95g\x8a\x1a\x1d\x1e\xd6\
\xf8\xc8\xb0\xca\x95\xb2$\xc9\xda\x80\x0d\x05\x00 \xe8\xad\
\x1cs/\xc9%N\x95bQ\x13##\x1a\xb96\xa4\
r\xb9\xa8\xc49F\xe4\x00\x00\x82\xde\x16#s\xefU\
\xabT49:\xa6\xf1\xe1\x11\xcdLM\xa9\xdel\xc8\
\xcbs\x9f\x1c\x00@\xd0[\xd9\xafG\xdd\xf5jM\xd3\
\x13\x13\x9a\x1a\x1d\xd7\xe4\xe4\x84\xca\x95\x92\x92$a\xd2\
\x1b\x00\x80\xa0\xb7\xf4\x88\xdc\xce>\xcb\xad\xd9h\xa8R\
,if|R\xa3#\xc3\x9a\x9e\x99R3n\xca\x1a\
\xcb%v\x00\x00Ao\xd9\x90\xcf\x8d\xb6\x938Q\xb3\
V\xd3\xcc\xc4\xe4\xec\xa4\xb7\xf1Q5\x1a\x0d\x19c\x14\
0\xe9\x0d\x00@\xd0[;\xe4\xf2\xfe\xbd\xef\x94\x8f\x0c\
^\xd3\xc4\xd8\x98\xaa\xd5\xb2\xbc\xc4\x88\x1c\x00@\xd0\xdb\
!\xe8.IT\x9a\x9e\xd1\xf8\xc8\x88&FFU*\
\x97\x14'\xb1d$\xc3b*\x00\x00\x82\xde\xba\x117\
\xc6\xc8;\xa7r\xb1\xa8\xe9\xb1\x09M\x8e\x8dijj\
R\xd5ZU\xde\xfb\xb9Q91\x07\x00\x10\xf4\x96\x0d\
\xb9\xf3^\xf5jM\xe5\xe9iM\x8e\x8dk|tT\
3\xe5\x19\xf9d\xf6;\xe5\\b\x07\x00\x10\xf4\x16\x8e\
\xb9$5\x9bM\xd5\xca\x15M\x8dOh\xf8\xda\xa0f\
\xa6\xa7\x14\xc7\xf1l\xc8\x03&\xbd\x01\x00\x08zK\xc7\
\xdc{\xafF\xad\xae\xa9\xb11\x8d\x0e\x0dibbB\
\xcdFC\xc6H\x01!\x07\x00\x10\xf4\x16\x0e\xf9o}\
\xa7|zrjvi\xd3\xf1qU\xaa\x15%.\x99\
\xbdE\xce\xc3a\x00\x00\x04\xbduG\xe46\xb4\x8a\x9b\
\xb1JS\xbfY\xdat\xba8\xa5F\xb39\xd7qB\
\x0e\x00 \xe8\xadZr\xd9\xc0JF\xb5F\xb9~f\
zl\xa2{ldx\xc5\xe8\xd8H\xbaV\xabH,\
m\x0a\x00 \xe8-\xde\xf2\xc0J\xde\xd7\xbds\x832\
\xe6\xf0\xcc\xc0\xf8\xabgO\x1c\x7f\xaa\x14\x97\x1f\xf2V\
ik,\x97\xd7\x01\x00\x04\xbd\x95G\xe5\xc6(6\x81\
-&\xf5\xe6\xc9\xea\xe8\xcc\x0bS\x17F\xbf?3=\
5039\xb5\xd5\xe6\xc3\x87\x82T(\xef<{\x1c\
\x00@\xd0[\xb2\xe5\xd6x\x13\x045ct\xb5:^\
z\xbe2^\xfca\x94\x8e\x0eN\x9f\x1b\x99\xb9\xdc\x18\
\x08\x83t\xc8\xcdr\x00\x00Ao\xe1\x90\xcb\x86\x81\xbc\
sC\xb5\xa9\xf2+6\xb0\xcf\xd7&K\xfb/\xfc\xe8\
\xe0\xc5\xf3/\x1f)KR\xc7\xd7\xd6\x87\xb3O\x92a\
G\x03\x00\x08zk\x85\xdc\x18\x99\xd0\xca\xc5\xc9x\\\
o\x1ev\xcd\xe4\x95\xf2\xf0\xf4/.\xfe\xfc\xe8\xc1\xf3\
\xcf\x1f\x9c~\xdf?\xcc\x15v\x00\x00Ao\xb9\x92\xcf\
\xcdg3%\x9f\xf8\x8b\xae\x99\xbcY\x19+\xfe\xe4\xfc\
s\x87\xde8\xf3\xe3\xfd\xc3\xe4\x1b\x00@\xd0\xdb`T\
.k\xea\xc6h\xcc\xc5\xeehqp\xe2\xaf\x9a\xa5\xfa\
\x0b\xf9\xd5=W\xa3B\xda\x13s\x00\x00Ao\xe9\x92\
K\xc6\xd8\xc4\x86\xb6\x914\xe2#\xb5\xe9\xca\x0f\x1a\xe5\
\xfa\xf3\xf5\xe9\xca\xc5\xeahq\xfa\xe5\x7f\xfal\xc2.\
\x04\x00\xa0\x85\x83n\xac\x95\x0dm3i&g\xea3\
\x95\x9f5+\x8d\x97\xe2J\xfd\xd0O\xff\xe1\x7f\x1a\x94\
\xd4d\xd7\x01\x00\xd0\xc2A7\x81\x95\xb1\xc6\xf9\xc4\x0f\
4\xca\xf5\xb7\x8d\xd1\xcff\xaeN\xbc\xf1\xf2?\xf9\xf6\
YIUv\x19\x00\x00-\x1ctc\x8d\x8c\xb5\xf2\x89\
\x1b\xf5\xd2i\x17'\xbf\x1c~\xf7\xc2\xf33\x17\xc7\xf6\
\x1d\xfb\xce\x1b\x84\x1c\xf8=\xbc\xc474\x01\x82\xfeY\
\x96\xdc\xc8\x189cL\xd5\x86v\xb4:S\xf9Ei\
p\xea\xbb\xe5\xb1\x997\x94\xb8\xa9\xec\xf2N\xee\x93\xe3\
\x13s\xf2r\xde\xcb\xfb\xcf`\x9e\xa4\x99[\xbco.\
\xab\xbf\xfe\xeb\x8d^\x08\xc8y/'/\xbfH\xe7\x86\
\x1a?\xbb\xfd\x02\xf3\xfb\xd7`\xf0\xde+\xb9Y\xdb\xc2\
\x7f\x92\xfd?\xf7\xdfy\x1c\x06\x16{\xd0\x8d1\xde\x86\
\x81\xf7\xd2X\xa3X\xf9U}\xaa\xf2\x97\xcdJ\xe3\x8d\
\xb8\xd6\xb8\xfa\xf6\xff\xf9\xc3\xaa$\xc7.\xc2'ee\
T\xb0iu\x86YE&\xbci\x81\xf3s'\x10\x89\
w\x8a]\xac\xa6\x8b\xd5\x98\xfb\xd3\x94\x937\x92\xb7\xe6\
\xb7\x9eq\xb4p\x87v#\xa9'\xcc\xa90\xf7\x9e\x17\
\xeb\x17>j\xae\xa1\xd1fQ\x89w\x1fw<QW\
\x98UOX\xb8yWE\xfc\xec\xc9\x83\xf3^\xce;\
%>Q3\x89\xd5p\xcd\xf7\xf6\x7fb\x9c\xe4\xe7\xa2\
\xceC+\xb1\xe8\x82n$\x1b\x04\x92\xf7\x95f\xb5q\
\xb0Y\xa9?\xef\x9d\xfb\xf9\xd8\x89\x81\xb3\xef\xfc\x9b\x17\
&$1*\xc7\xa7ROb\xad\xcf\xf6\xe9\xd1\x9d\x0f\
\xe9\xfe-w\xab\xb7\xa3G\xde\xbb\x1b\xffA\xf6^\x89\
K\xd4\x88\x9b\xaa6k*\xd5J\x9a\xac\xcchlf\
B\xc3\xc51\x0dN\x0dk`fXC\x95IU\xeb\
U\x85^J\x05\xa1\xa2 \x945\xf3[\xf5\xcfy\xa7\
\xee \xab\xaf\xef}F\xbb7\xed\xd2\xb2\x8e\xdeE\x19\
\xf4\xc4y]\x1e\xbe\xa2\xff\xf4\xfawtnj@\xce\
{\xd9\x0f\x84\xb1\x99\xc4\xea\xc9w\xe9\xeb;\xbf\xa8\xc7\
w=\xa4 \x08n\xcaksnv\xff7\x93X\xf5\
\xb8\xa1r\xbd\xa2\xe9\xca\x8c\xc6K\x93\x1a\x9e\x19\xd3\xe0\
\xf4\xb0\xaeN]\xd3\xb5\xd2\xb8\xa6ke\x19\xe7\x94\xb6\
\xb3\xfb?\xb0V\xdc$A\xfb\x06\xdd\xcc\xce^7\xc6\
4\x93F|\xca;\xf7\xcb\xfat\xf5\x17#\x87\xaf\xec\
{\xe7\xdf<\x7f\x81\xdd\x81\xeb\x1e\xc1\xf9X]QA\
[\xd6l\xd6=\xb7\xdd\xa5\xfe\xee\xe5r7\xe9\xb2\xbb\
\xf3N\xce95\x93X\xcd\xb8\xa1z\xb3\xa1z\xbd\xae\
zc\xf6O\xb1\\\xd4\xf0\xe4\xa8.\x8e\\\xd6\xd1\xc1\
S:8|J\x17\x8a\x03R\"\xe5\x83\xb4RA\xa4\
\xeb\xb9 \xeb\xbcW\xd6\xa6\xb5\xed\x96\xad\xbak\xc7^\
\xad\xea^\xb1(\x83\xee%-\xbf\xd4\xa7\xef\x1f|A\
\x9a\x1c\x98\xbd\x9d\xf2\x81\xa0'.Q:Jk\xcb\x9a\
M\xbao\xe7=\x0a\x83\xf0\xa6\xbd6\xe7\xdc\xec\xe8\xdc\
%j\xc6\xcd\xd9\xfd\xdf\xa8\xab\xd6\xa8\xab^\xaf\xa9Z\
\xadjdrT\x17G\xaf\xe8\xd4\xd0Y\x1d\xb8vB\
\xc7\xa6.I\x8d\x8626\xa3L\x90\xfa\x9d\x13\x14\xa0\
\xa5\x83n\xac\x91\x8ci\xc8k\xc4%\xc9\xd1\xfat\xe5\
\xc5\x99+\xe3/\xbc\xf6\xbf\xfd\xc5\x19I\x0dv\x05\xe6\
5\x8a\xf3N\x91\x0dU\xc8\xe4\xd5W\xe8Vo\xa1\xa7\
uN6\x9auM\x94\xa6tmbH\xf7\x8c\xde\xa5\
\xa1\xd1!]\xbavY\xc7\x06Nj\xdf\xc81]\xab\
\xcd(\xab@i\x1b~\xaaK\xb2^Rh\xac:\xd2\
y\xf5\xe4\xbb\xd4[\xe8^\xb4\xfbw4\xdf\xa5\xc8\x86\
\x1f\xb3-fG\xed\x85t^\xbd\x85\x9e\x9b\x16\xf4O\
\"v\xb1&K\xd3\x1a\x9a\x1c\xd1\xe0\xf85=52\
\xa4\xcbCWt\xfc\xea)\x1d\x1c:\xa1\x93\xe5Ae\
\x15*m#\xc2\x8e\x16\x0f\xfa\xec\xa4\xb7\xc4X[\xf2\
\xde\x9fmV\xea/\x8d\x1c\xb9\xfc\xbd \x0a\x8ee\xba\
\xf3%q\x9f\x1c\x0br\xf1\xc7\xc8\xcd]\xfe\xfeL&\
\xc4}\x8ct\x94\xd6\xaa\xee\x15Z\xd9\xb5\\\xbb7\xdc\
\xaeZ\xa3\xa6\xcb\xa3\x03:t\xfe\xa8\xb6\x9e\xd9\xa2\x13\
\x17O\xea\xf4\xf8y]k\xcc(\x94\xfd\xc4Q7s\
!\x8b]\"\xe7\x16\xef\xafQ\xe2\x9c\x9aI\xf3\xf7\xee\
\xd7V\x9d\x18\x18\xdaP\xcb:z\xd5W\xe8\xd1m\xb7\
lS3njpbH\x87.\x1c\xd3\xb63\x87t\
\xfc\xfc\x09\x9d\x18>\xab\xa1\xc6\x94b\xef>\xd1\xe4?\
\xe0\xa6\x07\xdd\x18\xe3Mh\x1b&\xb0C\xd5\xd1\xe2O\
\xab\x13\xa5\xef\xa7\xbbs\xef\x94\x06'\xa7\x8f\xfc\xbf\xaf\
\xd6\xc5#[\xb1$N6fOl\x03c$Y\xe5\
3ymY\xbdI\xeb\x96\xaf\xd5\xa3;\x1f\xd4\xdb\xa7\
\xf6\xeb\xa5\x03\xbf\xd0\xab\xa7\xdf\xd4`iL>\xd0'\
\xbe\x04\xef?\xe4\xef\xd0\x82\x9f\x81\xdf\x9a\x10gS\x81\
nY\xbeV\xfd\xdd+t\xdf\xb6\xbd:y\xe5\xac\x9e\
\xdb\xff\xa2\xde:\xfe\xb6\xceN^V\xcd\xbb\xb9\xfb\xeb\
@\x0b\x04\xddX#\x1b\x85\xf2\xce\x8f\xd7\xa7\xca\xbf\x94\
5\xcfU'K\xbf\xba\xf2\xf3\xe3\xe7N\xfd\xe8\x9d\"\
\x9b\x1dK\xfd\xe0\x9e\x0a#\xa5\xc2H\xb9tV\x8f\xed\
zP\xdbVo\xd6\x9ec\xbb\xf4go\xfd\x95\x0e\x0e\
\x1c\x9f=\x01\xb0\x01\x1bk\x91\x9e\xe0Es\x13#\xd3\
\xe9\x8c\x0a\xb9\x82\xd6.[\xa5\xbb6\xde\xa1\x1f\xef{\
A\x7fv\xfa\xe7*\xc4\xb3\x9f\x11\xe03\x0b\xba1F\
6\x0a\xe4\xe2d*\xa95\x8e%M\xf7je\xac\xf8\
\xf2\xc5\x9f\x1d9p\xf6\xb9w'\x18F\x00\xefg\xad\
U_g\xaf:\xf3\x9d\xea\xccwhYW\xaf\xfe\xea\
\xcd\x1f\xe9\xd5\xb3oi\xb8YR>H\xb1\x91\x16\xb1\
\xc0Xuf;TX\x93W>\x9bW_G\xaf\xd6\
t\xaf\xd2\xbf=\xf0\xe7j4\x9b\x8a>\xe5\xbc\x0a\x10\
\xf4\x05\x19\x91\x1bk%\xaf\xaaO\xdc\xc5\xa4\x11\xff\xaa\
<2\xfd\xc2\x99\x1f\x1cx\xed\xc2\x8b\x87\xaf\x12r\xe0\
\xe3EA\xa8u+\xd6\xaa\x90\xcd\xcb\x86\x81\"\x13\xe8\
\x95soi\xa8>\xa3L\xc0Hm\xd1\x9f\xd8\x19\xab\
5}\xab\xd4\x91+(\x97\xc9\xc9Z\xab\xef\x1c\xf8\xa1\
\xc6\x1bE\x05\x9fb^\x05\x08\xfa\xf5\xf0\xbf\x19\x94\x1b\
\xc9\x9a\x861f\xc2\xc5\xc9\xa9\xa9\xcbc\xdf\xadO\x95\
\x9f\x0br\xd1\xc5TG&!\xe6\xc0'\xd7\xdb\xd1\xa3\
'v?\xa2\xd8%j\xc6\xb1~x\xe6\x159\xe7d\
\xb9\xa7\xba$td\x0b\xda\xbbm\xb72\xa9\xb4&+\
\xd3z\xf9\xe4/5P\x9fR:\x08\xd98\xb8aA\
72F\xd6ZY\x13\xb8f\xadq\xa22Y\xf9a\
\xb3R\xffqm\xaa|\xb6tub\xea\xe0\x7fx9\
f\xf3\x02\xd7wP\xff\xfc\x9e\xc7T\xadV5P\x1a\
\xd1[W\x0f+k\xd3l\x98%\xc0\xc8(\x9b\xcej\
\xcb\xda\xcd\xfa\xd6\x93\xdfT\xa9\\\xd4\xe5\xf3\xaf(q\
\x09s*p\xe3\x82\x9e\x09\xd2\xce\xc7\xee|\xadXy\
\xa5^\xaa\xbe\xd0,\xd6\xdfy\xf9\x9f\xfc\xd9\x80\xa4:\
\x9b\x15\x98\xc7A\xdd\x18u\xe4:\xf4\xf0\xae\x07T,\
\xce\xe8\xd0\xd8Y\xb9fc\xf6\xa1LK\xf5\xc9bK\
\xe8:\x9f\x91\xd4\x99+h\xc7\xba[\xf5\xe8\x9d\x0fk\
\xac4\xa1\x17\x06~\xa5\xdeT\x81_\x0e\xdc\x90\xa0'\
\x19\x9b\xba\xea\x9b\xeeO\x8b\x03\x13\x17\x7f\xf1O\x9f=\
!\xa9\xc4\xe6\x04\x16.\xeak\x96\xad\xd2\xee\xad\xbb\xf4\
\xd5\x0b\x8f\xe9\x85\xa3/\xab\xea\x93\xf7\xddK\xf5\x9a}\
~}`\x03\xd9E<z\x0b\xacU\x14FK\xea>\
\xb25V=\x1d\xddzt\xd7C\x1a\xb86\xa0\x17F\
\x0e1J\xc7\x8d\x09\xfa\xe0\xf0\xb5xc\xd0\x7f\xb5\xe7\
o\\\xbb\xf2\x9f\xf5,\x0f\x86\xc1\xa2\xd3L\x9a*U\
+\x8a]\xfc\xde\xa8\xe9\x83\x03F#\xf3^l\xd2Q\
Z\xd1\x02\xdf\xe7\x8c\x82P\xebW\xad\xd3\x93\xbb\x1e\xd5\
\xbb\xe7\x0f\xebbuD^\xfe}\xaby9\xb9\xb9g\
\x88\x97U\xaa\x95\xe7\xfd`\x95\xc0\x04JG\xa9y\x87\
\xc3{?\xbbHI\xdc\x98\xe7k\x9a}\xb7\xd5FU\
\x89\xbb9K<x\xefU\xaa\x955S\x9eQ\xbd\xd1\
\xf8\xd8\x13\x09k\x8c\x820T:\x95V>\x9dS.\
\x9d]\xd0\xfd\xbfi\xd5z\xed\xdc|\xbb\x9e\xbap\x87\
~y\xe5\xa0\xf2\x04\x1d\x0b\x1d\xf45\xfd\xab\xbdX@\
\x05\x8b\xd8L\xb9\xa8}g\xde\xd5dyZ\xf2~\xee\
\xa0\xfe[\x8fq\xf1\xb3O\x00\xcb\xa63\xea\xcdw\xab\
\xbfg\xa5\xba\xf3\x9d\xcaf\xb2J\x85\xd1\x82=zt\
e\xcf\x0a\xed\xde\xb4S\x9bWm\xd4\xf0\x85IU\\\
C\xe1\xdcA\xdd\x18\xa3\xaak\xea\xfc\xd0E\xf5t\xf6\
h\xb8kt\xf6\x85]O\xc4\xe6NQr\xe9\xac6\
\xaf\xda\xa8\xee|\xe7\xbc^w#njdzTW\
G\x07\x15'\xf1\xbcF\xd7\xce{]\x1c\xbc\xa8\x99Z\
i\xee}\xdf\xd8}\xef\xbc\xd7\x99k\xe7\xf5\xf2\xe1_\
\xea\xf0\xa5\xe3JG\x1f\xfe\xd5Ak\xad\xb2QF\xcb\
:\xfb\xb4q\xf9:m[\xbdI\x1bV\xacS!\x97\
W\x14F\x0b2\x9a\x0el\xa0M\xb7l\xd2\x83\x9b\xef\
\xd1+W\xdf}\xdf\x09\x1d\xb0 A\x07\x16}\xd0\x8b\
3\xfa\xde/\x7f\xa4\x8bW\xce\xcby7\xbb\x16\x81\xff\
\xe0\xe8\xcc*\x0a\"\xe529\xf5t\xf6\xa8\x7fE\xbf\
\xee\xda\xbaG\xbb7\xed\xd4\xea\xde\xfe\x05\x89zh\x03\
uwti\xd7\xc6\xdbu~\xf0\x82\x8e\x97\x07T\x98\
\x0bE`\xac\x8aI]/\x1e\xfc\xb9\x0e\x9d9\xa4\\\
\x98\xd5\xf5\xdel\xf6n\xf6\xa4\xa5\x7f\xe5j\xfd\xc9W\
\xfe\xbe\xba\xf2\x9d\xf3\xcaF\xa9V\xd6;g\x0e\xea\xa7\
\xaf\xbd\xa0\x91\x991\x85\xe1\xf5o\x0b\xef\xbd\xa6\xebE\
]\x99\xba6\xbbR\xa3n\xf4\x8c\x7f\xaf\x89\xe2\xa4N\
^<\xa5\x17\xdf\xfd\x992\xe9\xec\x87.\x8afd\x95\
2\x81\xf2aV=\x99.\xf5\xf7\xac\xd4\xa6[6\xe9\
\xb1\xdd\x0fk\xd7\x86\x1dZ\xd6\xd97\xef\xdb\x04\xd6X\
m\xea_\xaf\x9d\xeb\xb6\xab/\xd7\xa5z\xad*-\xe5\
\xb9\x14 \xe8\xc0\xa7\x95\xb8D\xd7fF\xf4\xd2\xe8a\
%\xae.}\xe4\xc2 s+\x7f\xd9P[r\xcbu\
\xe6\xd2\x19]\xda~I\xf7\xed\xbaWwl\xbcM\xe9\
h\xfe\xb3\xd3\xf3\xd9\xbc\xee\xd8p\xbb\xf6\x1d\xde\xa7\x83\
\xa5\xcb\xef\x7f\x9dr::}Y\x95\xa9s\x92\x9f\xc7\
E3\x17K6\xd4\x17t\xbf\x9aqsA\xb6\xdfL\
\xb5\xa8c\x03\xa7\xf4\xda\xe8kR\xaao^?\xcf\x98\
P\xddA\xfa\xa6\x85\xec\xd7\xb7\x0c\xae\xd5'\x943\x1d\
\x1f\x1a\xe6\xd9\xb5\xd0\xa5XN\xcdb\"\x8d[m\x1e\
\\\xa1k#\xd74y\xef\xe7t\xefmwim\xdf\
\xeayE\xdd\x18\xa3\xae\\\x87\x96\xf7,\xd7\xd6\xde\xf5\
:>pR\xce\xdf\xf8\xab\x14-ah]\x00\x00\x13\
\x0eIDAT \xe8\xc0\"b\x14\x06\xa1\xfa\xa2\x9c\
j.z\xef2\xf7G\x1d\xfc\x9dw\xbaR\x1c\xd1\xd9\
\xa9\xef\xea\xd4\xe8yMUg\xe6._oP&\x95\
\x99\xd7+\xc9\xa5\xb3\xda\xdc\xbfA\xcb;\xfb\xa4\xe1\xd9\
\xe5Z\x7f{-\xf5\x8c\x0d\x95\xf6\xc1|\xde\xaa\x12\x97\
(4\x81\xa2 \\\xb0h\x9a\xb9+\x18\x0a\xfb\xd4\x13\
\xe65\xcf[\xe97uTj\xe6\xbe\x96\xab0\xa5L\
\xf8\xc9\x9e\xd6\xe7\xbc\xd3\xd5\xd2\xa8\xfe\xf4\xd0\xb3*7\
+\x8a\xc2P]wv\xa9\x90\xc9\xcfk\x155k\xac\
\x0a\xf9\xbc6-\xbbEg\x07\xce\xa8&'\xd6Q\x07\
A\x07>\xedH\xed\x13\x1e\xfc\x03\x13(o\x03e\xc3\
\xb4\xf6O\x9cQ\xfa\x9d\x9f\xaa\xbb\xab[\xdd\xf9.\xad\
Y\xb6j^\xaf!\x1d\xa5\xb5\xbck\x99\xba;{d\
\x82\x94\\\xe2d\x03\xfb;\xafa~\xa7/fAg\
\x91\x9b\xdf\xfa#cfc\xbc\xc8\x1bd\x8dU>\xca\
(\x9d\x84\xfa\xf6\x89\x1f\xe8\x96\x9e\xd5\xda\xb0z\xbd\xb6\
\xaf\xdd\xaaT8\xbfG\xf8f3Y\xad\xed]\xa5\xb4\
\x8dT\xe5\x9b\xc1\xf8\xa8\xcf \x9b\x00X\xc8\x83\xbaQ\
g\x98\xd3\x99\xe2U\xbd\xf0\xceK\x1a\x1a\x1fR=n\
\xcc\xfbg\xe6RY\x15\xf2\x1dZ\x19\xe5\x15{\xbeX\
\xd2\xd2\xa3\xa4 \x94|J\x07.\x1d\xd1\xbe\xd3\x07T\
o4\xe6\xfd33\xa9\x8c\x96u\xf4*\xcdc\x80A\
\xd0\x81\x9bx@\xb7\x81\xea>\xd1\xe5\xd1+:y\xf5\
\xac\xc6g&\xe6?\xe25F\xb9\\N=Q^\xb1\
\xe7\x0b&\xad.cS:=}E\x97\xaf]Q\x9c\
\xcc\xff\xa1\x99Q\x18\xa9\x90\xce+0AK\xae\xf9\x0e\
\x82\x0e,Z\xc6\x18\xcd\xd4K:3tN\x93\xa5\xe9\
\x05\xf9y\xe9(\xa5l\x90V\xe29\xa0\xb7\xba\xc8\x06\
\xba\xd4\x98\xd6Lif\x01\xbe\x8b?{\x95&\x0cX\
y\x0d\x04\x1d\xf8L\xd4]S\x03S\xc3\xaa\xd5\xab\x0b\
\xf3\xcbj\x03\x85\x96\x11Z[\x1cX\x8d\x91|Sq\
\xb3\xa9$I\xe4\x17\xe0$\xec\xbd9\x09\x00A\x07n\
\xe2\x08]R\xe2\x9d\xca\xf5\x8a\xe2$Y\xa0\x9f\xc9!\
\xbd\xadx'\xef\xdd\x82\xc4\\b\xd9J\x10t\xe0\xb3\
;\x9e\xcb+v\xc9\x82\x1d\xd0\x01\x80\xa0\x03\x00@\xd0\
\x01\x00\x00A\x07\x962\xae\xb6/a\xef{\xbc\x0e@\
\xd0\x81v>\x9c[\xcb2\x1aK\xf2<\xceK2V\
6\x08\x14,\xc0b*^\xb3\xab\xc0q~\x08\x82\x0e\
|\x16A7V\xe90=\xfbLp\x86\xfcKJ\xe2\
\x9d:\xc3\x9c\xb2\x99\x8c\xc2p\xfe\xdf\x1fO\\\xa2z\
\\\x97\xe3)\x81 \xe8\xc0M\x1e\xa1I\x8aL\xa0\x9e\
|\x97\xa2(\xb50?\xd3{1a\xbe=\xd4]\xac\
\xf5\x99>\xf5v\xf7\xcd.P3\xdf\x9f\xd7\xa8k\xb2\
4\xad\x86\x8bY:\x15\x04\x1d\xb8\xd9\xb2AJ\xeb{\
\xd7\xaa\x90\xcd/\xc8)B\x9c4\xd5tMY\x0e\xe8\
-/vU\xedZ\xbeU;\xd6\xdf\xaa(\x9c\xff\x1a\
X\x95ZE\x03SC\xaa'\x0d6.>\x12\xab\xad\
\x01\x0b=:\xf7~\xf6\x92k\xaeK\xdbWoQo\
G\xcf\x02\xfcL\xa9V\xaf\xa9\x94T\x15\x18\xce\xc3[\
y\xdf\x97\x9b5-/\xac\xd4\xee\xcdwh\xcf\xc6\x9d\
J-\xc0\x15\x9aJ\xa5\xa2\xf3\xa3\x97T\xf31k\xa1\
\x83\xa0\x037K\xcd5\xb5\",h\xcf\x86]Z\xdf\
\x7f\x8b\xbar\x1d\xf3\x1f\xf1%\xb1\xca\x95\xb2\xc6\x1b%\
E&`#\xb7X\xc4\xbd\xf7j\xf8DU\x17km\
\xb6G\x7f\xb4\xe7\xcbzh\xd7}Z\xdb\xb7ZAp\
\xfd\xfb\xcb\xcb\xab\\\xabh|j\\\xa7F/*\xb9\
\xc9\xeb\xc2\x83\xa0\x03Kzd\x9eR\xa0\xdd+\xb6\xeb\
\xc9=\x8fjy\xcf2\x05v~\x01\x8e]\xacb\xb5\
\xa4\x99\xd2\xb4&\xe3\x8a\xba,Kh\xde\xf8}9\xbb\
?\xe5\x125]\xf2\xe1\x095zoNCh\xacV\
E]\xda\xd4\xb9V{\xb6\xed\xd6\xd7\x1e\xf8\x03\xdd\xb9\
\xf5\x8e\xdfY\xb7\xfeS\xbf\x0e\xe7ui\xe4\xaaN\\\
9\xa3\xab3\xa3\xea\x08R,\xd0\x02\x82\x0e\\\xef\x18\
\xe9\xf7\xcdD\xfb\xf5\x97\x89\x9cw\x8a\x9c\xb4\xa7\x7f\x87\
\x9e\xbc\xe7\x09=\xb5\xe7Q\xf5u\xf4\xce\xfb\x15T\x1b\
5]\x19\x1f\xd4\xc4\xf4\x84\x94\xc4\xb2A\x9a\xddr\x83\
\x19I\xa1\x09\xb49\\\xa6\xe8\xc3\xb6\xb7\x91\x8c\xac\xc2\
 T:\x95VwG\xb7\xb6\xac\xda\xac\x07w\xdc\xab\
\x87v\xdc\xa75\xcb\xfa\x95\x0aS\xf3\x1eM\xc7.\xd1\
\xc9K\xa7\xf4\xca\xe97\x158/\x13\x12s\x10t\xe0\
S\x87<q\x89\x9aq\xac\xbak\xca\xfdN\xd4\xbd\xdc\
\xdc\x88<\xf6N\xde\x18\xf5\xe6:\xf5\xcc\xd6\x87\xf5\xa5\
\xbd\x9f\xd3\xc3;\xef\xd7\xb2\xae\xbe\x05\xf9\xcaZ\xa5Z\
\xd1\x89\xab\xa75<3*)`\x84v\xa3cn\x8c\
6\xac\\\xa7?\xb8\xef\x8b\xbak\xcb\xee\x8f\xb8dn\
\x14X\xabL\x94QO\xa1[\xcb\xbb\xfa\xd4\xdb\xd9\xa3\
\x8e|A\xdd\x85nE\xc1\xfc\x0f\xad\xcd\xb8\xa9\xf3C\
\x17u\xf4\xec1\xbd6xX\xe9\x90+3 \xe8\xc0\
u\x1d\xd4\xa3tJ\xe5l\xa4\xa6\x93\x9a6|/\xe4\
\x91\xb1\xca\xdbH=QN+\xb3=Z\xd7\xb5J[\
\x96o\xd0m\xb7\xdc\xaa\x0d\xab\xd7k\xfd\xaauZ\xdd\
\xdb\xbf`\xaf\xa5\\-\xeb\xf0\xf9\xa3\x1a\xac\x8c*g\
\xf8\x95\xbd\x19\xfb~uo\xbf\x0a\xd9\xbcj\x8d\xda\xdc\
\x09\x94\xf9\xd0\x7f.\x0cBeS\x19\xe5\xd2Y\xa5\xc3\
\xd4\x82\xbd\x06\xef\xbd\xa6+3z\xe3\xe8\xdb\xdawf\
\xbf\xca\xf5\x92zS\x05v\x0e\x08:\xf0iu\xe4;\
\xf4G\xf7|U\xcfl\x7fL\xde\xeb\xfd3\x8b\x8d\x91\
5FA\x18*\x9dN\xab\xa3\xd0\xa1\x95=+\xb4a\
\xc5:u\xe7\xbb\x14,\xe0\x83dJ\xb5\xb2\xae\x8e\x0e\
\xea\xe8\xa5\x13\x1am\x16\x95\xb2L\x88\xbb\xe1A\x97Q\
.\x9dU.\x9d\xfd\xcc^\xc3L\xa5\xa8c\xe7O\xe8\
\xc5w^\xd2sC\x07\xd4\x15\xe6\xc4#dA\xd0\x81\
\xeb\xb0\xbc{\x99\xbe\xfe\xc8\x97?\xfe\xc1l\xe6\xb7\x12\
0\x17\xf9\x85\xbc\x1c\xee\xbd\xd7\xe5\x91\xabz\xed\xf8[\
\x1a\x98\x18\x90\x97W\xc0\x0c\xf7E\xcd{\xafj\xbd\xaa\
\xd3\x97\xcf\xea?\xbc\xf4m\xbd}\xf9\xa0:|0\xaf\
\x99\xf2 \xe8\xc0\xd2\x1e\xa5\xcd]N\xfd,\x0f\xec\xe5\
zE\x17\xae^\xd0\xf3\x87~\xae\xc9fy\x81\x1f!\
\x8bV\xe3\xbcS\xb5Q\xd3\xfe\xd3\x07\xf5\xec+\x7f\xa9\
7N\xef\xd3TRUH\xccA\xd0\x81\xf6\x1e\xa9\x1d\
:wT/\x1d|E\xfb\x86O\xaa`#&\xc3-\
b\x89K42=\xae\xfd'\x0f\xe8\x85_\xfdL?\
8\xf63\x95\x9a\xd5\x05Y\xd8\x05\x04\x1d\xc0g$N\
b\x9d\x1e8\xa7\x97\x0f\xbc\xaa\xef\x1f\x7fIi/b\
\xbe\x88\x95k\x15\x9d\xbbvAG\xce\x1e\xd3O\xdey\
Q\xff\xe5\xecK\xca%F\x99\x05\x9cd\x07\x82\x0e\xe0\
&k\xc4M]\x1a\xbe\xa2\x1f\xbf\xfdS\xfd\xf4\xf0\xcb\
:_\x1cVo\x94c\xc3,2^^\xd5zM\xd3\
\xc5i\x9d\x1b\xbc\xa8\x17\x0f\xfdB\xcf\xbd\xfb\xa2\x0eL\
\x9cS\xa7\x89\x14\x86\x1c\x9aA\xd0\x81\xf6<\xc0{\xaf\
f\xdc\xd4\xc5\xe1\xcb\xfa\xde[\xcf\xe9Go=\xaf\x83\
\x13g\xd5\x1df\xd88\x8bt\x7f_\x9b\x1a\xd6\xcb\x07\
^\xd3w^\xff\xae.\x0c_\xd0d\\Qg\x90\x91\
\xe5j\x0c\x08:\xd0\x9e\x9c\x9b\x9d\x0cu\xe4\xc2q\xfd\
\xe8\xed\x9f\xe8\x17\x87^\xd5\xd9\x99\xab\xb2\xd6\xca\xb2\x10\
\xcb\xa2\xd5\x8c\x9b\x9a\x9e\x99\xd2;\x83\xc7\xe4\xe4\x15X\
K\xccA\xd0\x81\xb6=\xa8'\xb1.\x0c_\xd2\xe13\
G\xf5\xfa\x917\xf5\xe2\xa9\xd7t\xa14\xac\xc8\x06\xac\
\xaa\xb6\x88\x19c\xb4\xb6o\xb5v\xac\xdb\xa6]\xab\xb6\
\xe9\xd8\xe0)yZ\x0e\x82\x0e\xb4\x9fJ\xbd\xaa\xa1\x89\
a]\x1e\xba2;\x9b\xfd\xc8\xab\xfa\xe1\x957\x95N\
\x8cra\x9aIp\x9f\xb1\xc49\xc5I\xac\xc4'z\
\xff\x03]f\x1fL`\x8dU&\xba\xfeg\xea\x1b\x19\
\x152ym]\xb7U_\xdd\xf3\x05\x0d\x8e\x0eh$\
f%=\x10t\xa0\xe5y\xefUm\xd4T\xaa\x96T\
\xadU50zM\xfb\xcf\x1e\xd4O\x8e\xfeB\xfb\xaf\
\x1c\xd5D\xbd\xa4\xae \xa5 \xe2\x80\xde\x0a\xfbjl\
f\\Cc\xc3*UJ2\xef\xbbR\xe2%y\xa5\
\xa2\xb4\xd6\xaeX\xad\xde\xce^\xa5\xe6\xf1\x8c\xf5U}\
+u\xdf\xadw\xeb\xe5#\xaf\xa98xLu\x17/\
\xe8\x93\x06A\xd0\x01\\'\xe7\xbd\x9cwr.Q\xe2\
\x9c\x92$\x91sN\x95zE\x03c\xd7t\xe4\xf2\x09\
\xbd{\xfe\xb0\x8e_:\xa9+cW5\xde(*\xb1\
^\x85(\xcd\xf7\x8d[f\x1f:\x9d\x1a8\xab\xef\xbd\
\xfec\xbdq\xecME\xe9\xf4\xfb\xf6L3\x89\xb5\xb6\
\xb3__}\xe4\xcb\xfa\xe2\xde'\xb4\xa2{\xf9u\xff\
\xbb\x0a\x99\xbc6\xf4\xaf\xd3\x83\xb7\xdf\xaf\xe1\xc9\x11\x1d\
.^V\x87e5=\x10t`AGi\x89s\xfa\
\xf8g\xbf\xfe\xf6?/%.V\xbd\xd9P\xb1V\xd6\
xqB\xa33\xe3\x1a\x1c\xbf\xa6kcC\x1a\x19\x1f\
\xd1\xc8\xf8\xb0\x06'\x874P\x1a\xd1hsF\xb1w\
\xb2\xd60\xf1\xad\x05\xd5\xe3\x86&KSz{\xec\xb8\
:\xd2\x1d\xef=\xcc\xdfH\xaa'M\x0d\xce\x0c+\xff\
nAwo\xde=\xbb\xaa\xde<\xf6aoW\x8f>\
\xbf\xe7q\x9d:{B\xfbK\x97\xe5\x9c\xe3\xa9\x80 \
\xe8\xc0B\x19/N\xeaW\xa7\x0fh\xba4#\xef\xfd\
G\xdc\xd3\xf6\xf2nv\x99\xd5$N\xd4h\xd4U\xab\
\xd7T\xaaV4U\x9e\xd6DqB\xd7\x8a#\xbaR\
\x1c\xd2\x85\xca\xa8\x8a\xcd\xb2\xe4\x8dr&R\xca\x04\x0a\
Yh\xa5\xa5\xcd\xeeq\xab\xe0\x03\xab\xadel\xa4\x89\
\xa4\xa2\xc3\x97\x8e\xe9\xd0\xf9c\xea\xee\xec\xd6\xaa\x9e\x95\
\xd7\xfd\xef\xc9\xa5\xb2\xda\xb8r\x9dvn\xdb\xa5\xbb\xc7\
\xce\xeb\xe0\xc49u\xda,;\x00\x04\x1dX\x08\xc5\xd2\
\x8c\xbe\xb7\xefy\x1d\xb9zR\x89K\x14|H|\xbd\
\xbcb\x17\xab\x964Tj\xd64\xda,\xab\xdc(K\
qMr\x89\xe4\xbc\xa4H\x91\x8d\x94\xb6\xa1\xbam\x96\
\xd1x;\xc5\xdc\x98\xb9\x95\xf5>\xb0\xcf\x8c\x91\xbc4\
\\\x1a\xd3+\xc7^\xd7\x96\xd5\x1b\xd5\xdf\xbd\xe2\xba'\
2\x1ac\xd4\x99\xef\xd0#;\x1f\xd0\xd5\xc1+zg\
\xe2\x98\x9cO\xf3Y\x01A\x07\x16B\x92$\x1a\x1c\xbd\
\xa6#WN\xa8\xea\x1a\x0a\x83\xf0w.\xbe\xcf\x8e\xdb\
\x8c\x8c\x91\xac\xac\x8c5\xeaT k:dB\xc3L\
\xf5E\xcc\xca\xa8\xe2\x9bz\xfe\xe4\xabz|\xc7C\xda\
\xb4f\xa3z\xf2]\xd7\xbd\xcf\xa30\xd2\x8eu\xdbt\
\xc7\xe6\x9d\xdasq\xbbNO\\Q&\xe2\xd1\xaf\xf8\
\xb4\x9fK\x00\x1f:F\x8b\xa2H\xd9TF\xf9TV\
\xf9TV\x85\x0f\xfc\xc9\xa7\xb2\xca\xa52\xcaF\x19\xa5\
\xa3\x94RA\xa40\x08e\xad%\xe6\x8b\xfd\xd3a\x8c\
l`583\xaa\xb7N\xbf\xa3\xe3\x97O\xcd\xcd\xb9\
\xb8\xce\x03\xb1\xb1*d\x0a\xda\xb1i\xbb\x9e\xd8\xf6\xa0\
b9y\xef\xd9\xd0 \xe8\xc0\x02\x1e\xb9\xdf\x9b\x10\x05\
|\xf0\xa4/e\xac^:\xfd\xbaN_<\xadZ\xa3\
6\xaf\x08\x07\xd6j\xe7\xfa\x1dzx\xc7\xfd\xda\xd8\xbd\
Z\xde\x11u\x10t\x00\xb8)Ra\xa4#\x93gu\
\xf4\xfc1\x1d\xbfrJ\x8d\xb81\xafQ\x7fg\xaeC\
\x1b\xd7n\xd0\x97n\x7f\\\x1d&-'\x82\x0e\x82\x0e\
\x007~\x8cn\xac\xe4\x02\xed\xbftX\xfbN\xeeW\
\xb5^\x9b\xe7\xcf3Z\xb7r\xad\x9e\xdc\xf5\x88\xd6\xf4\
\xf4\xcb{/\xc7(\x1d\x04\x1d\x00n\xbc\xce0\xa3\xd7\
&N\xe9\xd0\xe9\xc3\x1a\x18\x1bT\xbdY\x9f\xd7\xcf\xeb\
\xeb\xe8\xd5\x8eu\xb7\xea\x81[\xef\xd5\xeaT\xb7\xea\xae\
\xc9F\x06A\x07\x80\x1b-\xb4\x81L\xe2tz\xf0\xac\
^;\xfe\x96&\x8aS\xf3\xfe\x99=]=z\xfc\x8e\
Gt\xeb\xb2M\xaa1A\x0e\x04\x1d\x00n\x8e\xbc\x0d\
u\xa18\xa0W\x8f\xbc\xa1\xf1\xa9q\xc5.\x99\xd7\xcf\
\xeb\xcew\xea\x9e-{\xb4k\xf3Nm\xce.Wu\
\x1e\xf7\xe6A\xd0\x01\x00\x9fb\x94>\x9d\xd4t\xfc\xca\
\x09\x1d8wXC\x93\xc3\xf3;0\x1b\xab\x9e\xce\x1e\
=}\xef\xe7\xf5\xf4\xad\x8f\xaa\xe6\xcb\xaa4jJ\\\
\xc2h\x1d\x1f\xfd9d\x13\x00\xc0\xfc\x18\x19Yc4\
\\\x1e\xd7\xcbG\x7f\xa9mk\xb7huo\xff\xbc\x9e\
\xf6\x96\x8a\"\xdd\xb6a\xbb\xfe\xda\xc3_Q6\x93\xd3\
_\x1e\x7fQ\xe7g.K\xcd\x9ads*\x04Y\xa5\
x|0\x08:\x00,|\xd4\xab&\xd1\x0bg^\xd7\
\xe7n\x7fT\x9b\xd7l\xd4\xb2\x8e\xde\xeb~\xc8\x905\
V\xdd\xf9N\xed\xdd\xbeG\x85|A\xb7\xae\xdd\xa2\xd1\
\xf1Q\x95*%]\x9a\x1c\xd0\xc9\x91\xb3:33\xa0\
\x80G\xc4\x82\xa0\x03\xc0\x02\x06}\xee\xb9\xef\xa3\xa5I\
\xbdqj\x9f\xd6\xacZ\xa3\x87o\xbbOap\xfd\x87\
Y#\xa3\xee\\\xa7\xee\xd9v\xa7vn\xd8\xa1\xc9\xf2\
\x94f*E\x1d8\x7fD\xe6W\x81\x0eM\x9cWG\
\xc4B.\x98;\x09d\x13\x00\xc0\xc2\x8d\xd2\xd36\xd0\
Kg\xdf\xd0\xe9\x0b\xa7U\xaeU\xe6\xfd=rc\x8c\
\xac\xb5\xca\xa5\xb3Z\xd5\xb3R\x9bVn\xd0\xfa\x15k\
\xb5\xbc\xa3W\xcdy<n\x16\x04\x1d\x00\xf01RA\
\xa4SS\x17u\xe4\xfcQ\x1d\xb9tB\x8d\xe6\xc2\xcc\
P7\xc6(\xb0\x81Ra4\xb7\xf4\xae\x91x\x92\x1c\
\x08:\x00\xdc\xa0Q\xba1\xb2\x8a\xf4\xce\xe5\xc3\xdaw\
\xe2\x1d\x95\xabe\xf9\x05\x0c\xaf\xd7\xec\xd3\xe3\x9cgt\
\x0e\x82\x0e\x007TG\x90\xd1[Sg\xf5\xee\xa9\x83\
:7xA\xd5z\x95\x8d\x02\x82\x0e\x00\xed&\xb0V\
\x19gut\xe0\x84~\xf0\xceO486\xc4\x88\x1a\
\x04\x1d\x00\xdaQ&\x88t\xb56\xae\xd7\x0e\xbd\xae\x03\
g\x0eihrdA/\xbd\x03\x1f\xc4\xd7\xd6\x00\xe0\
F\x8c\x96\x8cQ\xd3;\x9d\x9c\xb8\xa0\x1f\xbe\xf5\xbc:\
s\x1d\xca\xdd\x9eUW\xbeSF\x86\x0d\x04\x82\x0e\xe0\
\x063\x0b\xf8sL\xfbn\x84\x85x\xe9\x81\xb1\xaa\xfb\
D\xff\xe5\xf4O\xb5\xa2\xa3Oa\x10j\xcf\xb6;\xd4\
W\xe8\xb9\xee\x07\xce,\xec+\x04A\x07Z\xb4C\xd6\
\xd8\xd95\xaa\x17`te\x8c\x96\xdc!s\xf6\x11\xa6\
\xc1\xbc\xdf\xb7\xb1vv_\xc8\xdc\xb4oV\x19\x19\x19\
c\xe6\x1f\xca\xb9\x9fa\x16\xe8\x8ed`\x03u&\xa1\
\xfe\xf5\xbb\xffU\x95fM\xcd$\xd6\xed\x1b\xb7ke\
\xf7\x0a\xa5\xa3\xd4u\xbd>k\xed\xbc\xdf'\x08:\xd0\
\x92\xac1\x8a}\xa2J\xad\xa2\xe9\xe2\xb4\xb2a\xfa\xba\
\x1f\xe8a\xad\xd5tiF\xcd8^rw<\xe3$\
V\xb1<\xa3\xe9\xd2\xccu/\x02b\x8c\xd1\xd4\xcc\xb4\
\xca\xd5\x8a\x9a.\x96n\xc2\xa3I\x8d\x8c\xbcw*W\
+\x9a\x9c\x99\x9a\xd7\xd3\xd9\x12\x97\xa8T)\xa9\x117\
\xe6\xf5,\xf6\xf7\x1dh\x83H\x9dI\xa2\xef\x1f}Q\
W'\x06\xf5\xc5{>\xa7'\xefxD\xab\x97\xadV\
:\x8c\x14\x86\x91\x02\x1b\xc8~L\xa4\x9dwJ\x92D\
\xb5f]\xe5jE\xf5f]\x96Q:\x08:\x16\x9b\
B\x90\xd2@mL/\xbc\xfbs\x9d\xbfzA\x85t\
N\xd7\xfb\x80.c\x8c&J\x93:3zQ\x89\xfc\
\x92xV\xb65V^\xd2\xf9\x89\xcb\xfa\x7f~\xf2\x1f\
\xd5\xdb\xd1{\xdd#kc\xa4r\xa3\xaa\x8b\xe3Wt\
\xa92\xac\xce0}\xc3_\x7f*\x8cT\xaa\x96\xf5\xa3\
\xfd/\xe8\xdc\xb5\x0b\xf3\x0a\xb1\xf3NW&\x07ur\
\xe8\xac\x0aQf\xe1\x0e\xb6A\xa0\xb2oh\xff\xe01\
M\xbf<\xa5#g\x8e\xea\xb6M;\xb4c\xc3vm\
\xee\xdf\xa0\xbe\x8e^\xe5R\x19Yk?\xe4D+Q\
\xa5^\xd1\xc8\xf4\x98N\x0e\x9c\xd1\xebG\xdf\xd6\xbe\x8b\
\x07\x95\xbb\x09\xdb\x16\xedcQ\x9f\xdeu|u}\xce\
\xa6\x83\x7fms\xe1\xb7l*\xe8\xf4\x8e\x19\xa6\x8b\x9d\
7F\xb1\x91\xdc<\xc7\xd6\x81\x8cB'-\xb9'q\
\x19)6R2\xcf\x1fce\x14J27\xf9w\xce\
\x1b\xa3\xa6\x99\xdf\\r#)\x94\x91\xbdA\xfb?\xf1\
\x89\xca.V\x18\x84\xda\xdb\xbdI\xdbWl\xd6\xbae\
k\xd5\xd7\xd9\xab|>\xafT*\xa5\xc0\x06\xb3gF\
\xf2J\x92D\xf5z]\xc5rIcSc:?r\
I'G\xcf\xeaBydv\xfb2H_\x14\x12\x97\
(e\xc2\xe6-\xcb\xd7\x9eNE\xe9\xff\xe1\xad\x7f\xfe\
\xa3\x97\x19\xa1cIsI\"\xf9Df\x9e\xc7ao\
\x8c\xbc\x0d\x96\xdc}J\xef\xfc\xec\xf6\x9bo\x88\x8d\xe4\
\x8c\x9d\x0d\xd3\xcdz\xed\xf2r\x89\x93\\2\xef\xc69\
;;\x17\xe3F\xec\xff\xc0\x04\xea\x0c\x02\xc5I\xac\xb7\
FN\xe8\x8d\xe1CRh\xa4t\xa76d\xba\xd5\x9d\
\xca+\x13\xa4d\x8c\x95\xf7^\xd5\xa4\xae\xc9zQ\x97\
\xab\x93R\xa3(%V\xe9 \xa3\\\x90\x9a\x8b>@\
\xd0\xb1\x08\x05\xd6*\xe0\xf1\x0a\xd7\xdfac\x14\x9a\xb0\
-\x9fPad\x14X\xa3\xc0\xb6\xc7\x8b\x0f\x83P\xdd\
A(\xaf\x9c\xbcsJ\xea\x89F\xaa#\x1a\xf2\xb3\xd7\
\x97\xbc\xf7\xefM\xf4\x0b\x8cQ\xa7\x0dd\x83.\xd9\x90\
\xcf7\x08:\x00\xb4\xe0\x89\xc8\xdc\xb7\x02d\x15\x05\x1c\
\x92q\xfd8\xd5\x03\x00\x80\xa0\x03\x00\x00\x82\x0e\x00\x00\
\x08:\x00\x00 \xe8\x00\x00\x10t\x00\x00@\xd0\x01\x00\
\x00A\x07\x00\x00\x04\x1d\x00\x00\x82\x0e\x00\x00\x08\xfa\xcd\
\xc7\x12k\x00\x00\x82\xde\xceLd\xbd\xa4\xa6\xa4\x98]\
\x0d\x00 \xe8\xed\x1atk\xbc\xa4\x92\xa4\x1a\xbb\x1a\x00\
@\xd0\xdb\x97\x974%\xa3\"\xbb\x1a\x00\xb0\x98-\xee\
\xb5\xfa\xbc\xf7\xdek\xc4\xc8L\xc9\xb0\xb3\x01\x00\x04\xbd\
-\xc5\xe3u'\xe7\x07\x82\x8e\xd4\x98\xb1FJ\x98\x1f\
\x07\x00X\x9c\x16\xf5%\xf7d\xb2\xee\x92\xd1\xdaEY\
\x0d\x8a\xd9\xee\x00\x00\x82\xde\x9e\\1\xf6\xf1\xf1\xf2\xa0\
\xbc.\xfa\xc4M\xc8\x10u\x00\x00Ao;\x8ds\xd3\
>V\xa3\xec\xeb\xc9i\xdft\xa7e\xe5\xd8\xe5\x00\x00\
\x82\xde\xa6\xe2\x91\xeai\xdft\xef\x18c\x1aL\x8e\x03\
\x00\x10\xf46U\xfb\xd9\xd09\x13\xda}\x92\xc6$%\
\xecv\x00\x00Ao\xc7\x11\xba\x92\xb2\xaf%\xc7]5\
yU\xd6\x94\x19\xa5\x03\x00\x08z\xbbF}\xb4v\xc1\
\xd5\x93\x1fJ\x1a\x94\xe1^:\x00\x80\xa0\xb7\xa5\xd2\xcf\
\x07&%\xbd\xe9\x9b\xee\x15\xc9\x8c\xc92L\x07\x00\x10\
\xf4\xf6\x1c\xa5\x0f\x96G\xe3\xa1\xca\xb3\xf2zWFL\
\x90\x03\x00\x10\xf4v\xe4\xc6\xea55\xdd\x81d\xa2\xf6\
\xe7\x8a\xfd~\x13X.\xbd\x03\x00\x08z\xbb\xa9\x9e\x98\
\xf4A>Ur\xd3\xcd\x1f\xfb\xa6\xfbs\x1f\xbb\x13\xc6\
\x1a\xa2\x0e\x00 \xe8\xedf\xea\xfb\x17|\xf1\xa5\xabC\
\xae\x91\xfc\xc87\xdd\xb7\xbd\xf3\xa7\x14\x98\x98\xcb\xef\x00\
\x00\x82\xde\x86\xa6\xbfs\xee\x8c\xab%\xdf\xf1\x0d\xf7\xac\
\x9c?&c\xeaD\x1d\x00\xd0\xae\xc2\xa5\xfc\xe6\x93z\
|^\xd2\x9f\x9aFR\xb4\x85\xe8[\xb2\xe6v\xc9g\
\xe5\x97\xee\x89\x0e\x00\x80\x11z\xdb)}\xff\x92\xf7M\
7\xe2\x9b\xee\xcf\xe2\xb1\xda\xbf\xf2M\xf7c\x13\x98q\
cM\x93\x85\\\x00\x00\x8c\xd0\xdb\xc8\xccw/8I\
\xa3\xd9\xbb\x96\xbdl\xd2\xf6\x9a\\\xf8\xae\x09\xcc\xd3&\
e\xef\xf2^\x059\xcf\xc2\xab\x00\x00\x82\xde.\xaa\xfb\
\xc7&\xab\xfb\xc7\xf6u<}\xcb@\xb8,sFV\
\x0fx\xaf;\x8d1\xdbL`\xfa%\x85\xf2\x92\xf7\x04\
\x1e\x00@\xd0[]R\xfc\xc9\x95\xcb\xa1\xcc@\xb4\xb7\
o_jS\xe7\xddA!\xba\xd7[\xdd&\xaf5r\
\xbe[\xc6tJ\xcaHJ\xcdm?+1\x9d\x0e\x00\
@\xd0[N,\x9f\xa4\"; k\x86\xea\x83\xa5\x97\
\xd5p\xebmd\xef4\x85\xd4^[\x88n\xb3\x91]\
#\xab\x1eyu\xcc\xc5\x9d\xa0\x03\x00>S\xff?@\
\xd5\xca&Z\xf6~x\x00\x00\x00\x00IEND\xae\
B`\x82\x00\x00<\xf9\x89PNG\x0d\x0a\x1a\x0a\x00\
\x00\x00\x0dIHDR\x00\x00\x02\x00\x00\x00\x01\x90\x08\
\x06\x00\x00\x00\xd8\xf6\xd8$\x00\x00\x00\xc1zTXt\
Raw profile type\
 exif\x00\x00x\xdamPA\x0e\xc3 \x0c\
\xbb\xf3\x8a=!\xc1)M\x9eC\xd7N\xda\x0f\xf6\xfc\
\x85\x06\xa4\xb2\xd5\x12\x8e\x9bT\xc6$\x1d\x9f\xf7+=\
\x1a2K\x92e\xd5b\xa5\x90CL,W\x17J\x81\
z2\x93\x9c<\x90{w\xea'\x1b2{\x85W\xc4\
@KT\x1e\xfda\xd4+WW\xcb\xc5H\x9f}\xb0\
\xcd\x03\x93~\xbd\xfe\x18E\x1eBK\xd4\xf4>\x12u\
#\xe4\x18p7\xa8\xf1,*\xa6\xeb\xf5\x09\xdbA3\
4Nj$:\xc7\xfe\xfb^}{\xfb\xe2\xf7 \xe7\
\x03\x0cr\x06J\x04@;\x92PO\xd1\xd8\xfcGF\
q\x0d\x983c\x98\xf9B\xee\xf64\x90\xbe\xe5=Y\
\x19 \xfc\xff\xdc\x00\x00\x01\x84iCCPICC\
 profile\x00\x00x\x9c}\x91=H\
\xc3@\x1c\xc5_S\xc5\x0f*\x0ef\x10q\xc8P\x8b\
\x83]T\xc4\xb1V\xa1\x08\x15B\xad\xd0\xaa\x83\xc9\xa5\
_\xd0\xa4!Iqq\x14\\\x0b\x0e~,V\x1d\\\
\x9cuup\x15\x04\xc1\x0f\x10g\x07'E\x17)\xf1\
\x7fi\xa1E\x8c\x07\xc7\xfdxw\xefq\xf7\x0e\x10\xea\
e\xa6\xdb]1@7\x1c+\x95\x88K\x99\xec\xaa\xd4\
\xf3\x0a\x01}\x10\x11\xc1\xb8\xc2lsN\x96\x93\xf0\x1d\
_\xf7\x08\xf0\xf5.\xca\xb3\xfc\xcf\xfd9\x06\xb4\x9c\xcd\
\x80\x80D\x1cc\xa6\xe5\x10o\x10\xcfl:&\xe7}\
b\x91\x15\x15\x8d\xf8\x9cx\xc2\xa2\x0b\x12?r]m\
\xf2\x1b\xe7\x82\xc7\x02\xcf\x14\xadtj\x9eX$\x96\x0a\
\x1d\xacv0+Z:\xf14qX\xd3\x0d\xca\x172\
M\xd68oq\xd6\xcbU\xd6\xba'\x7fa(g\xac\
,s\x9d\xe6(\x12X\xc4\x12dHPQE\x09e\
8\x88\xd2j\x90b#E\xfbq\x1f\xff\x88\xe7\x97\xc9\
\xa5\x92\xab\x04F\x8e\x05T\xa0C\xf1\xfc\xe0\x7f\xf0\xbb\
[;?5\xd9L\x0a\xc5\x81\xee\x17\xd7\xfd\x18\x03z\
v\x81F\xcdu\xbf\x8f]\xb7q\x02\x04\x9f\x81+\xa3\
\xed\xaf\xd4\x81\xd9O\xd2km-|\x04\x0cn\x03\x17\
\xd7mM\xdd\x03.w\x80\xe1'S\xb1\x14O\x0a\xd2\
\x14\xf2y\xe0\xfd\x8c\xbe)\x0b\x0c\xdd\x02\xfdk\xcd\xde\
Z\xfb8}\x00\xd2\xd4U\xf2\x0688\x04\"\x05\xca\
^\xf7ywogo\xff\x9ei\xf5\xf7\x03\xad\xc6r\
\xbem\xe6\xca\x14\x00\x00\x0eYiTXtXML\
:com.adobe.xmp\x00\x00\
\x00\x00\x00<?xpacket beg\
in=\"\xef\xbb\xbf\" id=\"W5M\
0MpCehiHzreSzNTc\
zkc9d\"?>\x0a<x:xmpm\
eta xmlns:x=\"ado\
be:ns:meta/\" x:x\
mptk=\"XMP Core 4\
.4.0-Exiv2\">\x0a <r\
df:RDF xmlns:rdf\
=\"http://www.w3.\
org/1999/02/22-r\
df-syntax-ns#\">\x0a\
  <rdf:Descripti\
on rdf:about=\"\"\x0a\
    xmlns:xmpMM=\
\"http://ns.adobe\
.com/xap/1.0/mm/\
\"\x0a    xmlns:stEv\
t=\"http://ns.ado\
be.com/xap/1.0/s\
Type/ResourceEve\
nt#\"\x0a    xmlns:s\
tRef=\"http://ns.\
adobe.com/xap/1.\
0/sType/Resource\
Ref#\"\x0a    xmlns:\
GIMP=\"http://www\
.gimp.org/xmp/\"\x0a\
    xmlns:dc=\"ht\
tp://purl.org/dc\
/elements/1.1/\"\x0a\
    xmlns:tiff=\"\
http://ns.adobe.\
com/tiff/1.0/\"\x0a \
   xmlns:xmp=\"ht\
tp://ns.adobe.co\
m/xap/1.0/\"\x0a   x\
mpMM:DocumentID=\
\"xmp.did:F91E5B2\
BAE4211EEAAE1B60\
0F4AC3953\"\x0a   xm\
pMM:InstanceID=\"\
xmp.iid:956cfa19\
-5b88-43cd-be4e-\
250cd1813a93\"\x0a  \
 xmpMM:OriginalD\
ocumentID=\"xmp.d\
id:0080117407206\
811871FA882204C4\
943\"\x0a   GIMP:API\
=\"2.0\"\x0a   GIMP:P\
latform=\"Mac OS\"\
\x0a   GIMP:TimeSta\
mp=\"170751475169\
3595\"\x0a   GIMP:Ve\
rsion=\"2.10.36\"\x0a\
   dc:Format=\"im\
age/png\"\x0a   tiff\
:Orientation=\"1\"\
\x0a   xmp:CreatorT\
ool=\"GIMP 2.10\"\x0a\
   xmp:MetadataD\
ate=\"2024:02:09T\
16:39:10-05:00\"\x0a\
   xmp:ModifyDat\
e=\"2024:02:09T16\
:39:10-05:00\">\x0a \
  <xmpMM:History\
>\x0a    <rdf:Seq>\x0a\
     <rdf:li\x0a   \
   stEvt:action=\
\"saved\"\x0a      st\
Evt:changed=\"/\"\x0a\
      stEvt:inst\
anceID=\"xmp.iid:\
bf6fcfbb-ab90-45\
e1-837b-df523434\
3bcd\"\x0a      stEv\
t:softwareAgent=\
\"Gimp 2.10 (Mac \
OS)\"\x0a      stEvt\
:when=\"2024-02-0\
9T16:39:11-05:00\
\"/>\x0a    </rdf:Se\
q>\x0a   </xmpMM:Hi\
story>\x0a   <xmpMM\
:DerivedFrom\x0a   \
 stRef:documentI\
D=\"adobe:docid:p\
hotoshop:060af42\
f-1f48-9d4b-848a\
-1b7841247ef0\"\x0a \
   stRef:instanc\
eID=\"xmp.iid:8b4\
14b91-01fa-41f0-\
a69c-51969505693\
7\"/>\x0a  </rdf:Des\
cription>\x0a </rdf\
:RDF>\x0a</x:xmpmet\
a>\x0a             \
                \
                \
                \
                \
                \
       \x0a        \
                \
                \
                \
                \
                \
            \x0a   \
                \
                \
                \
                \
                \
                \
 \x0a              \
                \
                \
                \
                \
                \
      \x0a         \
                \
                \
                \
                \
                \
           \x0a    \
                \
                \
                \
                \
                \
                \
\x0a               \
                \
                \
                \
                \
                \
     \x0a          \
                \
                \
                \
                \
                \
          \x0a     \
                \
                \
                \
                \
                \
               \x0a\
                \
                \
                \
                \
                \
                \
    \x0a           \
                \
                \
                \
                \
                \
         \x0a      \
                \
                \
                \
                \
                \
              \x0a \
                \
                \
                \
                \
                \
                \
   \x0a            \
                \
                \
                \
                \
                \
        \x0a       \
                \
                \
                \
                \
                \
             \x0a  \
                \
                \
                \
                \
                \
                \
  \x0a             \
                \
                \
                \
                \
                \
       \x0a        \
                \
                \
                \
                \
                \
            \x0a   \
                \
                \
                \
                \
                \
                \
 \x0a              \
                \
                \
                \
                \
                \
      \x0a         \
                \
  \x0a<?xpacket end\
=\"w\"?>\x97P(\xc2\x00\x00\x00\x06bK\
GD\x00\xff\x00\xff\x00\xff\xa0\xbd\xa7\x93\x00\x00\x00\x09\
pHYs\x00\x00\x0b\x13\x00\x00\x0b\x13\x01\x00\x9a\x9c\
\x18\x00\x00\x00\x07tIME\x07\xe8\x02\x09\x15'\x0b\
f\xf1%\xd3\x00\x00 \x00IDATx\xda\xed\xdd\
y\x90\x1cWb\xdf\xf9\xdf{\x99uv\xf5\x0d4n\
\xe2\x1c\x12\x04I\x10 9\xbc\x86\xf79\x9c\x8bCj\
<\x96\xe4p\xac\xec\xb5\xad\xb5\xe4\xd8\xd8\xf0\xfe\xe1\xfd\
\xc3W8B\xb1R\xec\xae\xc3\x7f\xd8\xbb\xabX\xc9+\
Y\x87\xa5]\x8a3\xc3kx\x0d\xc1kx\x80 H\
\x02 n\x80@\xa3\x1b}\x9f\xd5uf\xe6{\xfe\xa3\
\x1b )\x92C\x12\xdd8\xba\xea\xfb\x89\x00\x81\x89\xe9\
hte%\xf2}\xf3U\xe6K#\x9cw[\xff\xc1\
]A\xbe-\xd7\x96\xeai\xdd\x92Z\xd9\xf1O\x07\xab\
\xd3\xf7\x1f(O\xf7X\xcf\xb6\x01\x80\x05\x16I\x9a\x92\
\xd1\x90\xa4\x8fT\xac\x1f\xf4\xa7\xa7\xf6J\xda\xa3|\xba\
_\xce\xcf\xa8w2\xf6\xfdS\xb1\x7f\xa7\xbf\xa9\x8f\xc2\
\x86}\xe5\xfc\xd8\xf8\xe0V\x93\xedn\x0dW\xdf\xb69\
[\x19\x9d\xbe2\xd7\xd1\xf2PaE\xe7w+.\xbe\
\xa2\x7fj\xbc\xf5\x83\xe9\x09\x13\xb0\x99\x00\xe0|ps\
\xbf\x12\x19E2\xa6\xac\xc4\x0d\xf9rtD\xc5\xda.\
U\xa2\x9d*d\xf6\xabT\x9f\xd2T\xb5\xe6\xfe\xec\xbd\
\x84\x00\xc0\x82l\xd3\xdb\xff\xdd\x8f\xc3 \x15\xb4\xc7\xd5\
\xfa5\x9d\x1b\x96\xfd \xd3\x9e\xbf7\x08\x83\x0d>J\
2\xa5z-859n\xf6\x14'D\x00\x00\xc0\x05\
\xe1e\xe4$\x93(\xb4\xb1\xac\xc6Uw\x1f\xfa\xd1\xd2\
\xb3\xaa\xc7/\x9al\xfa\xb8\xdf\xd9[s/\x1cm\xaa\
\x10 \x00\x16\xc8\xf6\xdf\xbe\xcfd\xdb\xf3)\x9bMu\
\xe6:[\xb6g;Z\x1e\xc9/i\xbd\xdf{\xbf\xdc\
%.m\xbc\x02#\xafR\x14\xa9or\\\x04\x00\x00\
\\\xb4Q\xcf\xcb\x98X\xa1\xad(r\x874S{\xca\
\xf7O=\xa9ZrD\xa5\xa8\xe4\x1e\xdb\xeb\x9bgS\
\xe0\x9c\xad\xbd\xeb*\xbb\xe6\x8e\xcd\xa9\x96e\xed\x1d\xf5\
b\xf5\xb6\xb6\xcb\x96\xfc0]\xc8\xde.\xefz\xbc\xf3\
\x19\xef\xbc=\xb3\xa1\x8d\xa4RL\x00\x00\xc0%3\x02\
\x1a\x93\xc8\x9a\xb2\x9c\xdf\xe7OM\xfd\xb9j\xf1\xd3\xea\
\xcc\xf5\xb9\xdf\xdb\x914\xc3\xcb\xc79\xd8\xf8\x9d\xedv\
\xdd=W\xa7\xaaS\xa5\x95\xb9\xae\xc2\xad\x85\xe5\x1d\x8f\
\xa6\xf2\x99\x1b%\xf5\xf8\xc4\xa5\xbc\xf7\xe63\xfb\x19\x01\
\x00\x00\x97\xa6\xc0$\x0a\x831?U\xfd\x99\x8a\xb5\xff\
b\xa2\xe4\xed\xe4\xdf\xbf\x1e\x11\x008\xeb\xfa\x7f\xf6\xa0\
M\xb7\xe6r\xe9Bvy\xa65wo~I\xeb\x0f\
\xd3\xad\xd9\x9b|\xe2\x0a\xde\xf9\xcf\x0c\xfc\x04\x00\x00,\
\x96\x11\xd1x\x85\xb6\xaaj\xf4\xaa&*\x7f\xe2\xab\xf1\
\x93\xaaDe\xf7\x87;\x1b\xf2#\x81\x90w\xfc\xab\xf9\
\xc6\xf7\xae\x0b6~g[\xba^\xaa\xad\xb5a\xf0\xed\
\xf65K\x1e\x09\xd2\xe1\x16\xef}{\x12%)y\xee\
\xe9\x03\x80E\xcd{\xa38\xc9)\x9b\xbaO=A\x87\
\x06\x8a\x05\xd5\x93\x9fH\x1a#\x00\x9a\xb0\x07o\xfa\xe7\
\xdf\xb5-\xcb\xdb[\xea3\xd5o\xd80\xf8v\xe7\xfa\
\x9e\xef\x84\xb9\xf4\x16\x17%\x05\x17'\xc1\x17\x9d\xf1\x03\
\x00\x16c\x04H\x8a\x92@\x81\xbd\xc1\xaclk\xf1\xfd\
S%\xfb\xa3\xab_p\x8f\xed\x1b%\x00\x9a\xc47\xff\
\xc7\x87\xc2LWKk\xa65wy\xba%\xf3\x83\xee\
\xcd\xab\xbec\x03\xbb)\xa9\xc7\xd9\xa4\x16\x87\x9e3~\
\x00h\\\xce\x052f\x93Y\xd5\xf6?\xab+W\xd2\
cG\x9f\x97\xaaU\x02\xa0A\xad\xb9\xe5\x0a\xb3\xf2\x96\
Ma\xcf\xd6\xcb\xf2\xc5\xfe\x89\xed\xad\xab\xba~\x90\xeb\
.<\xe8\xbd_\xe3\x13\x97\x8f\xe3$\x10\xe3>\x004\
\xc7L\x80\x94\x955[$\xf3\x1b\xf6\x7f\xb9\xb9\xe8\x7f\
\xff\xe5\x97\xbd\x1ag\x14 \x00$\xe53Ys\xeb\xef\
\xff8\xac\x17\xab\xddA&\xdc\x16dR\x8f.\xbdz\
\xf5\x1d\xc6\x98\xb5I\x94\xa4%o\x19\xf8\x01\xa0\xd9\"\
\xc0K\x89\xcf\xaa%\xf5\x1d\x93\x0ez\xf5\xdd+\x0e\x9a\
\xc0\x0e\xb9'\x0e8\x02`\x91\xbb\xf9_\xfc\xc0\xd8\xc0\
f\x82l\xaa\xcb\xa6\x82\x9b;6\xf4<\x92i\xcb\xdf\
%\xe7\xba}\xe23N\x8e\x81\x1f\x00\x9a{&\xc0\xc8\
\xabM\xce\x7f\xcb\\\xb5l\x9fb\xf7\x98\xa4\x0a\x01\xb0\
H\xad\xbf\xef\x1a\xbb\xf1\xa1m\xa9 \x13.\x89\xeb\xf1\
\xdd\xad+;\x1fI\xe5\xd27\xca\x98\xa5>N\xd2\\\
\xd8\x07\x008+\xf1R`\xaf\xd6\xd2\x96{|\xdf\xd4\
\x0b\x92\xaaj\x80\x8f\x02\x9a*\x00\xb6\xfd\xa3{l\xd7\
7\x96g\xa2J}M\x98M\xdd\x91\xeb*\xfc0\xdd\
\x9a\xbb\xc1%\xae\xcb'.\xf4r\x863~\x00\xc0\xa7\
g\x01\xbc\x14\xdav\xd9\xe0*\xcd\xd4\xaf5wl\xf8\
\xa5\x7f\xf5\xf8\x0c\x01\xb0\x08l\xffGw\x07\x855K\
r\xd9\xf6\xfc*\x1b\xd8\x87:7-\x7f8\xcc\xa5\xb7\
%\xf58\x9f\xd4\xe3\x14g\xfc\x00\x80/\xe5\xfcR\xb5\
eo4W\xf5\xec!\x00.a\x1b\x1e\xd8j\xf2\xcb\
:\x82\x8d\x0fmKO\x9d\x18\xbe<\xd7Ux\xa8u\
U\xd7\x0f$]\xee\x13\xd7\x16W\xa3\x90\xc5{\x00\x00\
_I\xe2%\xafv\xb3$\xbfU\x89/4\xc2Kj\
\xc4\x000w\xff\xc1o\x06\xc6\x98\xd6\xb8\x16]!\xe7\
\xbf\xb7t\xcb\x9a\x07M`6\xbb(\xc9z\xf9@\x9e\
%\x90\x01\x00_wtQ^\xd9p\xb5\x9f\xa9\xb7k\
vu\xf7E}\x16\xd9P\x01p\xed?\xbc+\xd5\xb6\
ni[\xba%su\xba5\xf7p\xae\xb3\xf0\x90\x97\
_\xe3\x13\x97u\x91\xe7\x1e~\x00\xc0|\xa4\xe4\xd4\xad\
R\xbdSRZR\x8d\x00\xb8\xa8\xef\x86\xccM\xff\xe6\
\xd7R\xad\xcb;Z\x8b\x03\x937u\xae_\xf6p\xa6\
=w\xb7\xa4\x95.Irg\x1e\xc7\x0b\x00\xc09\xf3\
^2\xc6\xca\xa8E\x89\xcb\xcf\x8d\x9f\x04\xc0\xc5\xb0\xf6\
\xde\xab\xcc\xc6\x07\xaeMU&J=\x99\xb6\xfc73\
\xed\xf9G\x0b+\xbbn\x93\xb4\xc2\xc7.\xe5Y\xbc\x07\
\x00\xb0\x90\x8c\xa4T\x10\x98l\x18\x1a\xc9.\xf6!f\
\xd1\x05\xc0\xf6\x7f|\x9f\xcdt\xe63\x99\x8e\xfc\x92 \
\x93\xba\xb3\xe7\x9a\xcb\x1eN\x17\xb2\xdf\xf2\xdew\xfa\xc4\
e\xb8\xa2\x1f\x00p\xde\x02\xc0\x18\xc9\xda\xc0(m\xbc\
\xea\x04\xc0\x85\xb0\xfe\xfe\xadv\xd3w\xb7\xa7\xe2J}\
u\x90\x0e\xef.\xac\xeaz4\x95Ko\x93\xd4\xed\x92\
$\xc5\x85}\x00\x80\xf3_\x00\x9a\xbb\xf4o\xf1O1\
_\xf2\x01p\xfd\xef<\x10\xe4\x97\xb6\xe5$]f\xc3\
\xe0\xbe\xf6\xb5K\x7f\x90i\xcb]\xe7\xe2\xa4\xe0\x12\x17\
\x8a3~\x00\xc0\x05G\x00\x9c7W\xfe\xe8\xe6\xb0g\
\xdbe\xf90\x9b^g\x03\xfb\xbd\xf6uK\xbf\x1f\xa4\
\xc2\xcd.NZ\xe6\x16\xefa\xff\x03\x00\xa0\x11\x02 \
#\x99\xab~\xf7\x81`\xc5u\x1br\x93\x1f\x0d_]\
X\xde\xf9\x9d|O\xdbw\x8c1\x1b]\xe2\x0aq=\
\xe2V>\x00\x00\x1a(\x00\xcc\xdd\xbf\xff\xf7\x82\xa8\\\
\xed\x0cs\xe9-6\x1d<\xbc\xe2\x86\x0d\xf7\xdb\xc0n\
tQ\x92vR\xc0\xaa}\x00\x004H\x00\xdc\xf0;\
\x0f\x980\x97N\xe7\x97\xb7\xb7\x06\xa9\xf0\xfa\xc2\x8ae\
?\xccv\x16\x1e\x94\xf7=\xde\xb9\\\x12\xc5\xdc\xca\x07\
\x00@\xa3\x04\xc0\xf2k\xd7\xd9+\x7f\xe3\xd60H\x87\
\xdd.\x8aoi[\xd5\xf5H*\x9f\xf9\x96\xacY1\
\xf78^\x16\xef\x01\x00\xa0Q\x02\xe0\x9a\xff\xee\x0e\xdb\
\xb1\xae'\xed\x9c[\x91\xca\xa7o\xc9v\xb6<\x92\xed\
h\xf9\x96w\xae\xdb'>\xf4\xceq\xc6\x0f\x00@\xa3\
\x04\xc0\xe6Gn\xb4K\xae^\x9d\xcbv\xb6\xf4\xc8\xeb\
\xbe\xd6\xd5\xdd\x0f\xa7Z2\xdf\xf4\xb1kwQ\x92f\
\xf1\x1e\x00\x00\x1a(\x006\xff\x9d\x9b\x82\x8d\xdf\xde\x96\
.\xf6\x8do\xc8u\xb7\xde\xd3\xba\xb2\xf3\x11\x9b\x0a\xae\
\xf2\xceu&\xf5(d\xf1\x1e\x00\x00\x1a(\x00n\xff\
\xd7\xbf\x16\xd8tX\xf0\xde\xaf\x97\xccCK\xaf\xb9\xec\
\xbba&\xb55\xa9\xc7Y\x17%!g\xfc\x00\x004\
P\x00\xdc\xf0;\x0f\x84m\xeb\x97\xb6\x04\xa9\xe0\x8aT\
K\xf6{-\xcb\xda\xbf/\x99\xf5>q-q-\x0a\
\xb9\x95\x0f\x00\x80\x06\x09\x80\x94R\xe6\xe6\x7f\xfbp\xd8\
\xb2\xb4\xadP\x9d,_[X\xd1\xf9\xfdLk\xf6\xfe\
\xb9\x81?\xe7\x9d\x0f\xd8\xcc\x00\x004P\x00|\xff\x7f\
\xfd\xad\xd4xy\xba;\xd3\x91\xdf\x9an\xcd=\xda\xba\
\xaa\xeb^Y\xb3z\xf6q\xbc\x8eU\xfb\x00\x00h\xa4\
\x00\x98*\x17\xcd\x87'\x0e\xa6\xff\x8f\xe7\xff\xe8\x9e\xee\
U+~=\xdd\x9e\xbb\xdb\xc8t{\xe7\xb2>r\xdc\
\xc3\x0f\x00@#\x06\x80\x0b\xbc]\xba\xacg\xc9\xca-\
k\xff\xee`e\xe27\x93$\x0e\x8c7\\\xd8\x07\x00\
\xc0\"qNg\xeb\xde{\xc9\xcb*vi\x9f\xb8P\
\x8e\xab\xfa\x01\x00h\xf8\x00\xf8\xc4g\xfb|\xca\x0f\x00\
@\xd3\x04\x00\x00\x00 \x00\x00\x00\x00\x01\x00\x00\x00\x08\
\x00\x00\x00@\x00\x00\x00\x00\x02\x00\x00\x00\x10\x00\x00\x00\
\x80\x00\x00\x00\x00\x04\x00\x00\x00 \x00\x00\x00\x00\x01\x00\
\x00\x00\x08\x00\x00\x00@\x00\x00\x00\x00\x02\x00\x00\x00\x02\
\x00\x00\x00\x10\x00\x00\x00\x80\x00\x00\x00\x00\x04\x00\x00\x00\
 \x00\x00\x00\x00\x01\x00\x00\x00\x08\x00\x00\x00\x1a\x8b\x91\
\x97\xdc\xa2\x7f\x19!\xef$pqxI\xde{6D\
s\x0e 2\x92\x8c\x0c\xdbb\xb1\xfd\xab\x9d}\xe3\x9c\
\x91\x82tW*\xed\x0b\x99\x8b\xf2\x938\x9f\x98e\x9d\
=\xbe\xbb\xab\xdb\xa5R\xa9d\xf7\x0bo\x7f\xed\x83\x09\
\x01\x00\\\x94\x01\xc0hU\x90\xd17\xb2]J\xdbP\
\"\x04\x9a\xea\xbd\x9f\x89k:Z\x9f\xd4x\\S\xc2\
\x16Y\\\xd5\x1e\xb9lP\xac\xdc\x16\xdc\xb7\xaa`\xca\
\xb5\x8a7\x17'\xe2b\x17\xcb\x162\x89\xed\xcc\x0cy\
cvI\xaa\x12\x00\xc0%.q\xb1\x94\xca\xea\xc15\
\xd7\xe9\x7f\xb8\xf1Qu\xe4\xdb\xe4\x08\x80\xa6a\x8d\xd5\
Gc}\xfa\xc3=\xcf\xe8\x8d\xde\xf7t:\xae*\xb0\
\x1c\x8a\x17\x05\xe7e\\\xd2\x96\xb5\xf1?\x097\xb6\xc6\
\xc6\x17.\xda?\xdcz\x12\x99L\xbe\xa3\x9a\xed\xe8z\
\xcd\x18\xf3\xbb\x04\x00\xb0(\xce\"\xbcd\x8c:\xb3\x05\
\xad\xebX\xa1\xaeB\x87\xbcwl\x97&\x0a\x80$\x89\
\xd4\x9eiQZ\x96\xd9\x9f\xc57\x0b`\xbcW^\xce\
K\xce\xc9_\xa4\x8fq|\xe2\xe5\x13\x17x\xe7\xac\xcc\
\xb9MC\x10\x00\xc0Eb$Y3\xfb)\xb01\\\
\x8f\xdbT\x11 #\xc9\x8b\xa1\x7f\xd1\xc7\x80.\xdae\
\x1c~\xee\xbf\xfe\x13\xff\xebk\xef\x87\x00\x00\xa0\x09C\
\x14\x00\x00\x10\x00\x00\x00\x80\x00\x00\x00\x00\x04\x00\x00\x00\
 \x00\x00\x00\x00\x01\x00\x00\x00\x08\x00\x00\x00@\x00\x00\
\x00\x00\x02\x00\x00\x00\x10\x00\x00\x00\x80\x00\x00\x00\x00\x04\
\x00\x00\x00 \x00\x00\x00\x00\x01\x00\x00\x00\x08\x00\x00\x00\
@\x00\x00\x00\x00\x02\x00\x00\x00\x10\x00\x00\x00\x10\x00\x00\
\x00\x80\x00\x00\x00\x00\x04\x00\x00\x00 \x00\x00\x00\x00\x01\
\x00\x00\xf8\x8a\xcc\xdc/\xe0\xe2\x09\xd9\x04\x00\xce\x95\xf3\
^\xb1K\x14%\x91\xbc\xf7l\x90\xaf0\xec[\x1b\xa8\
\x12U\x15%\x91\x9c\xd8f \x00\x00,B\xd3\xf5\x92\
\xf6\x0c\x1c\xd5\xe3{^\xd4PeR\x81aR\xf1K\
\xcf\xfb\x8d\xd5t\xbd\xa4\xbdS\xfd\x1aq\xb1\xac\xe50\
\x0c\x02\x00\xc0\"\x13\xb9D\x13\xe5i\xed\xef?\xa8\x17\
\xa6O(kS\x92aj\xfb\xcb\"\xc0I\x8a\x8cd\
dd\xd8^ \x00\x00,\xd6\x11\xcd\xcf\x9e\xda\xaan\
\x18\xd0\xbeN\x08\x00\x17\x13\xf3u\x00\xe65\x88\x99\xb3\
\x17\xb41\xf8\x03\x04\x00\x00\x00 \x00\x00\x00\x00\x01\x00\
\x00\x00\x08\x00\x00\x00@\x00\x00\x00\x00\x02\x00\x00\x00\x10\
\x00\x00\x00\x80\x00\x00\x00\x00\x04\x00\x00\x00 \x00\x00\x00\
\x00\x01\x00\x00\x00\x08\x00\x00\x00\x08\x00\x00\x00@\x00\x00\
\x00\x00\x02\x00\x00\x00\x10\x00\x00\x00\x80\x00\x00\x00\x00\x04\
\x00\x00\x00 \x00\x00\x00\x00\x01\x00\x00\x00\x08\x00\x00\x00\
@\x00\x00\x00\x00\x02\x00\x00\x00\x10\x00\x00\x00\x80\x00\x00\
\x00\x00\x04\x00\x00\x00 \x00\x00\x00\x00\x01\x00\x00\x00\x08\
\x00\x00\x00\x08\x00\x00\x00@\x00\x00\x00\x80\x06\x17\xb2\x09\
\x00\x9c+/\xc9\xcf\xfdW\xf2\xf2\xde\xcb\x98f\xdd\x1a\
\x86\x1d\x02\x04\x00\x80\xe6\x19\xf2\x02\x13\xa83\xc8i[\
\xd8\xaeT\xd0|\x87\x14/)\xf2N\x83\xae\xaaa\x9f\
0\xad\x0a\x02\x00@\xe3kM\xe7u\xcd\x8aM\xfa\x87\
w\xff}U\x93\xbaL\x93\x9d\x05\x1bI\x89\xf7*\xd6\
Jz~\xffk\xfa\x8b\xd3\xef\xca{\xc9\x182\x00\x04\
\x00\x80\x06\x96\x0eRZ\xd3\xb6T+\x0b\xdd\xf2j\xce\
Ip'\xafb\xb5\xa4\xd3\x03'\xa5\xd3\xef\xc87]\
\x06\x81\x00\x00\xd0t\x8cf\xcfvm\xd0\xbcg\xbc\x89\
w\x8a\xbdS\xe2\x1d;\x04\x16\x15\xe6\xa9\x00`\x9e\xbc\
?s!$@\x00\x00\x00\x00\x02\x00\x00\x00\x10\x00\x00\
\x00\x80\x00\x00\x00\x00\x04\x00\x00\x00 \x00\x00\x00\x00\x01\
\x00\x00\x00\x08\x00\x00\x00@\x00\x00\x00\x00\x02\x00\x00\x00\
\x10\x00\x00\x00\x80\x00\x00\x00\x80\x00\x00\x00\x00\x04\x00\x00\
\x00 \x00\x00\x00\x00\x01\x00\x00\x00\x08\x00\x00\x00@\x00\
\x00\x00\x00\x02\x00\x00\x00\x10\x00\x00\x00\x80\x00\x00\x00\x00\
\x04\x00\x00,6\xc6H\x92aC`Q\x09\xd9\x04\x00\
\xe6\xc3\xcb\xcb\xfb\xd9?5\xe1\xd0/\xef\xbd\x8c1\x0c\
\xff \x00\x004\x8f\xd8%*GUMT\x8aJ\x9c\
k\xba\x93`##\xe7\x9d\xc6\xcaS\x1a\xab\x15\x99\x05\
\x00\x01\x00\xa09L\xd7\xcbz\xb7\xef\x80\xfe\xfa\x9d\xa7\
\xd4W\x1aU`\x83&\x0b\x80\xd9y\x8f\x9a\x8bu\xa2\
2&)\x90\xa5\x01@\x00\x00ht\x89w*GU\
\x9d\x9c<\xad\x17\xa7O\xc8\xda\xd4\x99\x0f\xc4\x9b\x8e1\
F\x01\xbb\x04\x08\x00\x00\xcdr\x06ld\xe6\xfe`$\
cd\x0c\xa7\xc0\xc0b\xc0]\x00\x00\x16.\x05\x18\xfc\
\x01\x02\x00\x00\x00\x10\x00\x00\x00\x80\x00\x00\x00\x00\x04\x00\
\x00\x00 \x00\x00\x00\x00\x01\x00\x00\x00\x08\x00\x00\x00@\
\x00\x00\x00\x00\x02\x00\x00\x00\x10\x00\x00\x00\x80\x00\x00\x00\
\x00\x04\x00\x00\x00\x04\x00\x00\x00 \x00\x00\x00\x00\x01\x00\
\x00\x00\x08\x00\x00\x00@\x00\x00\x00\x00\x02\x00\x00\x00\x10\
\x00\x00\x00\x80\x00\x00\x00\x00\x04\x00\x00\x00 \x00\x00\x00\
\x00\x01\x00\x00\x00\x08\x00\x00\x00@\x00\x00\x00\x00\x02\x00\
\x00\x00\x10\x00\x00\x00\x80\x00\x00\x00\x00\x04\x00\x00\x00\x04\
\x00\x00\x00 \x00\x00\x00\x00\x01\x00\x00\x00\x08\x00\x00\x00\
@\x00\x00\x00\x00\x02\x00\x00\x00\x10\x00\x00\x00\x80\x00\x00\
\x00\x00\x04\x00\x00\x00 \x00\x00\x00\x00\x01\x00\x00\x00\x08\
\x00\x00\x00@\x00\x00\x00\x00\x02\x00\x00\x00\x10\x00\x00\x00\
\x80\x00\x00\x00\x00\x04\x00\x00\x00\x04\x00\x00\x00 \x00\x00\
\x00\x00\x01\x00\x00\x00\x08\x00\x00\x00@\x00\x00\x00\x00\x02\
\x00\x00\x00\x10\x00\x00\x00\x80\x00\x00\x00\x00\x04\x00\x00\x00\
 \x00\x00\x00\x00\x01\x00\x00\x00\xce\x97\x90M\x00\\\x1c\
^\x92\xf3^\xfa\xc4\xef\x8b\x891\x92\xf7\x925F\x86\
\xb7\x13 \x00\x00|\xe9\xd0)y\xaf\xe9zI\xfd\xd3\
#*%5\xf9E\x18\x00\x924^\x99\xd6\xe0\xcc\xb8\
\xca.\x9a-\x02\x00\x04\x00\x80\xcf\x17\x04\xa1\xe4\x12=\
\xdb\xbb[\xc7\x87{\x95\xb6\x81\x16\xe3\xf0o$\xd5|\
\xa2\xb1\xa8\xa4\xe3\xd5)\x19\xcb\xe1\x04 \x00\x00\xfcj\
\xde\xebTTQo\xbdw\xf1\xbf\x16#Y\x19.(\
\x02\x08\x00\x00_\xf5\x0c\xda0m\x0e\xe0\"!\xda\x01\
\x00 \x00\x00\x00\x00\x01\x00\x00\x00\x08\x00\x00\x00@\x00\
\x00\x00\x00\x02\x00\x00\x00\x10\x00\x00\x00\x80\x00\x00\x00\x00\
\x04\x00\x00\x00 \x00\x00\x00\x00\x01\x00\x00\x00\x08\x00\x00\
\x00@\x00\x00\x00\x00\x02\x00\x00\x00\x10\x00\x00\x00\x80\x00\
\x00\x00\x00\x04\x00\x00\x00 \x00\x00\x00 \x00\x00\x00\x00\
\x01\x00\x00\x00\x08\x00\x00\x00@\x00\x00\x00\x00\x02\x00\x00\
\x00\x10\x00\x00\x00\x80\x00\x00\x00\x00\x04\x00\x00\x00 \x00\
\x00\x00\x00\x01\x00\x00\x00\x08\x00\x00\x00@\x00\x00\x00\x00\
\x02\x00\x00\x00\x10\x00\x00\x00\x80\x00\x00\x00\x00\x04\x00\x00\
\x00 \x00\x00\x00 \x00\x00\x00\x00\x01\x00\x00\x00\x08\x00\
\x00\x00@\x00\x00\x00\x00\x02\x00\x00\x00\x10\x00\x00\x00\x80\
\x00\x00\x00\x00\x04\x00\x00\x00 \x00\x00\x00\x00\x01\x00\x00\
\x00\x08\x00\x00\x00@\x00\x00\x00\x00\x02\x00\x00\x00\x10\x00\
\x00\x00\x80\x00\x00\x00\x00\x04\x00\x00\x00 \x00\x00\x00 \
\x00\x00\x00\x00\x01\x00\x00\x00\x08\x00\x00\x00@\x00\x00\x00\
\x00\x02\x00\x00\x00\x10\x00\x00\x004$\xd3X/'\xe4\
\x1d\xbdP;\x8e\x99\xfb\xcd|\xbc\x13\x196\x0b\x00,\
\xaa\x020\x8ds\xec&\x00.\xc8\xd8od$%q\
\xac\x99\xb1\x09\x95GF\x94+N\xc9\x1a\x0a\x00\x00\x16\
\xd5\xf1\xdcy\x05\x95\x9a\xe4%\xbf\xc8\x8f\xe1\x04\xc0y\
\x1e\xf8%\xa3(\xaa\xab81\xa9\x91\x81\x01M\x8c\x8d\
\xabR)+\xe7\x1dS\x00\x00\xb0H'\x02\x98\x01\xc0\
\xe7\x8d\xfag\xf7\x8d\xa8V\xd7\xe4\xd8\xb8F\x87\x065\
96\xa6j\xad*\xef\xe7v\x1e\xce\xfe\x01\x00\x04@\
\xe3\x9c\xf1{I\xb5jU\x93\xa3c\x1a\x19\x18\xd4\xd4\
\xc4\x84j\xf5\x9a\xbc\xfc\xa7?\xff\x07\x00\x80\x00h\x80\
\x81\xdf{UJ\xe5\xd9\x81\x7fpP\xd3\x93\x13\xaaG\
\xd1\xd9\x81\xdf0\xf2\x03\x00\x08\x80\x06\x1a\xf8\x9dS\xb9\
T\xd6\xd8\xd0\xb0\xc6\x86\x864==\xa5(\x8e\xce\x9e\
\xed3\xf0\x03\x00\x08\x80\x06\x19\xf4%\xc99\xaf\xd2\xf4\
\xb4\xc6\x87\x87528\xa4\xd2\xcc\x8c\xe2$\xfex\xaa\
\x1f\x00\x00\x02\xa0q\x06\xfe$NT.\x16528\
\xa4\xf1\x91\x11\x95f\x8aJ\\2{Q\x1fg\xfc\x00\
\x00\x02\xa0q\x06~#)\x8ec\x15'\xa74:7\
\xf0\x97+e%.\x99\x9b\xeag\xd0\x07\x00\x10\x00\x0d\
u\xc6\x1fG\x91\xa6'&4:0\xa4\xf1\xb1QU\
*\x15y\xf9O}\x0d\x00\x00\x04@\x83\x0c\xfc\xf5Z\
M\xd3\xe3\xb3\x8b\xf7L\x8e\x8f\xabZ\xab\xc8y>\xdf\
\x07\x00\x10\x00\x8d7\xf0{\xafz\xb5\xaa\xf1\xd11\x8d\
\x0d\x0eir|\\\xb5z\xed\xec\xbd\xfb\x0c\xfe\x00\x00\
\x02\xa01F\xfd\xd9\x8b\xf6\xce\xdc\xc3?6\xbbx\xcf\
\xf4\xd4\xa4\xea\xf5:W\xf4\x03\x00\x08\x80\x86;\xdb\x97\
\xe4\xbdW\xa9T\xd2\xf8\xf0\xb0\xc6\x06?\xbe\x87\xff\xcc\
\xd7pE?\x00\x80\x00h\x10\xd6\x18%\xce\xa9<3\
\xa3\xb1\xc1a\x8d\x0d\x0f\xabX\x9cV\x9c\xc4sK\xf4\
3\xe8\x03\x00\x08\x80\x86:\xe3wI\xa2\xa9\xe9\xe2\xec\
\xaa}\xc3\xc3\xb3\xf7\xf0{\xf7\xa9\xaf\x01\x00\x80\x00X\
\xfc\x03\xbf\xb7\xa1\xad\xc7Q\xac\xe2\xe4Tj\xa4\x7f\xc0\
N\x8c\x8e\xa8T\xfe\xc4=\xfc\x00\x00\x10\x00\x8d0\xea\
K\xc6\x18g\xac\xa9\xdb0\x98\xac\x8c\xcf\xbc\xd6w\xe0\
\xb8\x1d\x9d\x18\xf9V\xa9^Z\xea\xbd\x0b8\xe3\x07\x00\
\x10\x00\x0d4\xf0Kr6\x15F\xde\xf9\x81\xcax\xf1\
\x97\x95\xd1\xe2cQ\xa9\xfev\xef\x91c\xdf\x8e\x83\xe4\
z[H\xcd\xae\xda\xe7y\xe3\x01\x00\x04@\x83\x9c\xf1\
\xdb\x8a\x0d\xec\xe9\xdaty\xc7\xc4\xf1\xe1\x9ff;\xf2\
o\x97G\x8b3o\xfe\xc1\x13\xf5\xb6_[\x1f\xd90\
8s\xab?\x00\x00\x04\xc0\xe2\x1d\xf8\x8d\x8cQb\xc3\
\xa0*\xafS3C\x93\xcf\xd6\x8b\xd5\x9fE\xe5\xda\xbe\
\xf2\xf0\xf4\xd4+\xff\xf2\xaf\xa3OM\x0e0\xe3\x0f\x00\
\xc0\"\x0e\x00#o\x8cq6\x0c*I=>\\\x1e\
\x9d~\xaexz\xf2)\x1b\xd8\x03\xb5b\xa5\xf8\xc6\xef\
\xfd$\xd1g'\xf9\x19\xfe\x01\x00X\x94\x01`$c\
ml\x8c\x99\xf6\x89;Z<=\xf1\xb3\xa8T}&\
\xd3\xd1rx\xf2\xf8p\xfd\x83?~)\xe6\xed\x04\x00\
\xa0Q\x02\xc0\x18o\xac\x89l`+I=~\xaf2\
>\xf3de\xa2\xf4\xf3z\xa9\xda\xe7cW~\xf1\x9f\
\xffY\xc2\xdb\x08\x00@\xa3\x04\x80\x91\xb7\xd6\xc6&\xb0\
\xe3I=\xde==0\xf1\x93b\xdf\xf8\xab\xad\xab\xba\
zG\x0f\xf6\xd7\xf6\xfc\xe7\x97\x1do\x1f\x00\x00\x0d\x12\
\x00\xc6\x18o\x02[7\x81\x1d\x8d\xab\xf5w&\x0e\xf6\
?\x9ei\xcb\xbf\x14\xd7\xa3\xd1\xe3O\xbf\x1f\x0d\xbc\xff\
\x11\x03?\x00\x00\x0d\x11\x00s\xb7\xf2\xd9\xc0\xd6M\x10\
\x8c\x95G\xa6wT&f\x1e\x8f\xab\xd1\xdb\xd5\xb1\xe2\
x\xf1\xd4xm\xd7\x7fz\x8e\x1b\xf8\xf0\xb5y\xe9\xe2\
\xdf\xfbi\xf4\xb9\x97\xa5\x9e\xef\x87M\xf9&\xba\xe7\xf5\
\xab.\xecuQ\xb7\x89\xf9\xdb;\xe6\x85\xdb\x17\x80K\
/\x00fw|gSa\xcd\xc5\xc9\xa9\xcaD\xe9\xd5\
\xd2\xe0\xe4\xe3I\x94\xbc'i\xec\xdd?x&\x9e)\
\x16\x19\xf8q\xce:\xc3\xbc\x96d\xda\xd5\x9aj\xb9\x80\
c\xbd\x97\xf7^\xce{\xc5.V\xe4b\xd5\xe3H\xd5\
\xa4\xa6jRW\xd5G\xaa\xbbD\x89\x9c\xcc'\xeeQ\
]\xa8\xd5)\xbd\xbc\xb2&\xa5e\xb9Nu\xa4[\x95\
\x0e\xc2\x86]\xfc\xca\xcb\xab\x9a\xd4u\xb24\xa4\x99\xa4\
\xfa+\xdf\x97B\x98\xd5\xda\xfc2e\xc3\xcc\x05\xdb\x1e\
\xb3\xfb\x81\x93\x93\x97sN\xb1\x8bUO>\xde\x17*\
I]5\x1f+\x96\x97\xffD#\xb0R)\x1a:\x00\
\x8c\xb5\x89\x09L\xd9'\xae\xaf<<\xf5\\y\xb4\xf8\
d\xaa\x90~\xb7xz\xa2<u|8>\xfc\xe4\xbb\
\x0c\xfc8g\xce{e\xbc\xd1=[n\xd3=\xdb\xef\
\xd4\x15+7\xe9B\x1dS\xbd\x97\x12\x97(\x8a#U\
\xa3\x9aJ\xb5\x92\xa6\xcaEM\xccLi\xbc8\xa1\xf1\
\xe9\x09ML\x8dibzR\x93\xc5\x09\x8dW\xa64\
\x19\x97T\xf1\xd1\x99*\x9e\xd7\x19\xe1t\\\xd3\xd5\xdd\
\xeb\xf4w\xee\xfa5]\xbb\xe1ju\xb6\xb47\xe6l\
\x80\x99\x1d`\x07\xc7\x86\xf5\xff<\xf7\xa7z\xfe\xc4\xdb\
2\x89Sh\x83O}Y=\x89\xd4\x9a\xca\xeb\xa6\x0d\
\xdb\xf5\x8f\xef\xfb\xfbZ\xde\xbd\\\xce\xb9\x0b\xb4/x\
\xc5.Q\x9c$\xaa'\x91*\xf5\xb2\xa6\xcb3\x9a,\
\xcd\xee\x0bc\xd3\xe3\x1a\x9f\x1a\xd7\xf8\xe4\xb8&\x8a\xe3\
\x9a(Mj<*\xaa\xe4\xebJ\xe4ed\x88\x014\
H\x00\xcc.\xde\x13\x9b\xc0\xd6\\\xec\x8eV\x86\x8b?\
\xafN\x96~V\x9d(\x1d\xf6\x89\x9f~\xe9_\xfc\x05\
\xb7\xf2a\xc1\xce\x0dC\x1fhy\xc72]\xber\xa3\
\xb6\xae\xdbrA\x0f\xa4\xb3\xe3\xad?\xfb\x11\x84\xf7\xfe\
\xec\xcc\x80\xf7^\xd5zM\xa3\xc5q\x9d\x1c9\xa5C\
}Gu\xa4\xef\xa8N\x0e\xf4\xea\xf4\xd8\x80\x06+\xa3\
*\xfa\xda\xec\xbf\x97s\x08\x81\xc4\xc7jK\x15\xb4~\
\xd9Z]\xb9\xe6ru\x17:\xcf\xfc$\x0d\xd8\x00F\
\xdd\xf9Nu\xb7t\xaa.\xaf\xf4\xe7\x84\x8e\xf3^\x81\
\xb5\xeal\xe9\xd4\xe5+7i\xcd\xb2\xd5r\xde]\xc0\
=\xf1\xec\x0e1\xb7\x0f\xe8\xec~\xe0\xe7f\x89&g\
\xa6tj\xb4_G\x07?\xd2\xa1SG\xf4Q\xffG\
\xea\x1b\xe9\xd7\xc0\xcc\xb0&\x93\x8aby\x19>*\xc0\
\xa2\x0c\x00#o\xacIL\x10\xcc\xb889P\x19-\
>=y|\xe8\xb9\x96%m\x87J\x83S\x95\xb7\xfe\
\xf7'?o\xf1\x1e`\x01f\x02\x9c\x8c1\x0alp\
I\x9dIe3Y\xb5\xb7\xb4i\xdd\xb2\xcbt\xfb\x96\
\x9bU\x8f\xea\x1a\x9e\x1a\xd5\x07\x1f}\xa8w\x0e\xed\xd6\
\xde\xe3\xfb\xf4\xd1\xc8I\x0d\xd6\xa7\xe4\xcd\xd7\x9f\x12\x9e\
\x1dhf_\xbb\xb5\xb6\xa1gz\x12\xef\xbet\x86\xc3\
{/#\x9d\xdd\x0f\x02\x13\\R\xaf\xa3%\x9b\xd7\x8a\
\xaee\xbaa\xd36%\xcei\xbc8\xa1\x83\xfdG\xf4\
\xd6\xa1]\xda{x\xaf\x0e\x0f\x1e\xd3@eLU\xc5\
2\xe7\x18\x86\xc0\x05\x0d\x00##\x05&\xb2\x81\x9dr\
\xce}8qt\xf0\xa7>q\xcf\x05\xd9\xd4\xc9\xe1\xf7\
O\xd6\x8e<\xb5\x9b{\xf8\xd1\x94\x8c\x8c\x8c5\xb2\xb2\
R\x10*\x93\xca\xa8%\xdb\xa25KW\xeb\xc1\xeb\xee\
\xd1\x91\xfeczm\xdf[z\xe5\x83\xd7\xf4\xe1\xe9\x83\
\x1a\x8e\xa6gC\xe0k\x1c\xf8\x9b\xe3\x1a@\xff\xf1\x0b\
]\xc4\xaf\xd7\x1a+\x1bXi\xaeKV\xa4\x97kY\
\xe7R\xddt\xf9\xf5\x1a\x9a\x1c\xd1\x9b\x07v\xea\xe5\x0f\
^\xd7\xfb\xc7?PoyxnF\x80\x08\xc0\xa5\x16\
\x00f\xeeV>k\xa2 \x95\x9a\xa9N\x95\xdf.\x0d\
O\xfe\xac^\xac\xbc\x14\x95\xeb\xa7k\x93\x95\xca\xbb\xff\
\xe7s\xdc\xca\x07\xfc\xedA\xc0Z\xa5\xadU:L\xe9\
\x9a\xf5[\xb4i\xe5\x06\xdd\xbf\xfdN=\xf1\xf6\xb3z\
\xe9\xfdW\xb4w\xf0\xa0\xca\x8ae\x8dec5\xfa\xbe\
`\x8cl\x10\xaa\x90\x0b\x95\xcf\xe4\xb4f\xe9J\xdd\xba\
\xe5F\xbdu`\x97\x9e|\xe3\x19\xed\xea\xdd\xa3\xe1\xfa\
\xb4\xc2 `c\xe1b\x07\xc0\xd9\x0b\x97\xbc\x0d\x83H\
\xf2\xc3\xb5b\xe5\x9d\x99\xc1\xa1\xc7kS\xe57\xd2\xad\
\xd9\xfe\x13\xbf\xd8\x17\x9d\xdc\xb1\x9f\x81\x1f\xf8\x0a\x02\x1b\
\xa8\x90k\xd1\xe5\xab7\xe9w\x97\xfe\xf7\xda\xba\xfe*\
=\xf1\xe63z~\xdf\x0eM\xc4\xe5\xaf=\x1b\x80\xc5\
\x1e\x86i\xad[v\x99\x96\xb6/\xd15\xeb\xb6\xe8\xf1\
W\x9f\xd0\x93\xef=\xafC\x93\xbdJ\x05!\xb3\x01\xb8\
\x88\x01`\x8d\xb3aP\x93\xd7hu\xb2\xf4Z\xb1\x7f\
\xfc'\xa9B\xe6\xd5\xf2\xc8\xf4\xd4\xe97\x8fF'_\
\xf9\x90\x81\x1f8\xc7\x83\x7fK\xaeE\xf7m\xbfS\xcb\
;{\xb4\xa4c\x89\x9ex\xebi\x9d\xac\x8c\x9c\x99m\
c#5\xcd\xac\x80Uk\xae\xa0\xcdk\xbe\xa1\x7f\xf2\
\xfd\x7f\xa0\xb5=k\xf4G;\xfe\\\xfbG\x8e\xc9[\
\xcb\xbe\x80\x0b\x14\x00f\xf6\xdc\xc3X#\x1b\xda\xd8'\
\xae\xaf<2\xfdBu\xb2\xfc\x93\xca\xf8\xcc{\xae\x1e\
\x8f\x8f\x1d:\x1d\xed\xf9\x93W\xb8\xb0\x0fX\x88\x7f\xa8\
A\xa8\xad\x1b\xaeR{\xbeM\xde{\xfd|\xd7\xf3\xda\
;\xdd\xabB\x98a\xe34\x99T\x98\xd2\xb2\xce\xa5z\
\xf0\xe6\xfb\xd4\x92k\xd1\x7fx\xea\xff\xd2\x91\x89^E\
\xde\xf1\xf1\x10\xce\x7f\x00x#\x85aJab\x8fT\
'\xca\x7f8vl\xf0g\xa9|\xe6\xbd\xb8R\x9fz\
\xe3\xf7~\x12\x8b+\xfa\x81\xf3r\x06\xb8j\xe9J\xfd\
\xd6\xfd\xbf\xa9\xa4\x16\xe9\xd4\xae\xc7T\xaeW\x94\x0eR\
_\xd4\xe9M\xc0|\xfcBMs\xed\x0b\xcb;{\xf4\
\xcd+\xaf\xd3\xdf\x9b\xf9\xb1\xfe\xf2\xc5\xbf\xd6;SG\
U\x08\xd2\xe2\xe9\xe78\xaf\x01\x10\x95\xaa\xceDn\xb8\
\xbd\x9e\xfd\x0f\xe5\xc9\x19?\xdd;V\x8e+\xf5\xf8\xc0\
_\xbf\xc1\xc0\x8f\x86\xe5\x9cS\xe2\x92_Y\xb7fn\
\xe45\xc6\xcc^\xc8\xb5\xc0gd\xe90\xa5\x95]\xcb\
t\xd7\x0dwh\xbc8\xa1?|\xffo\xd4\xf59\x01\
p\xe6\xef\xf6\xde+qn~\xeb\x00\xf8\xd91\xd6\x18\
+\xbb\x00U\xe1\xe5\xe5\xdd\xecJ\x89\xf3\x1d\xab\x8c>\
\xbe\xc5\xf3B\x1d|\xbc\xbc\x92$Q\x92$\xb3\xaf\xe1\
\x8b\xf6\x833}\"#c\xad\x02ke\xcd\xc2M\xd5\
\x1b\x19]\xd6\xb3Z\xdf\xbb\xe1\x01\x1d9uT\xa7\xf6\
\x8cj\xb42\xa5l\x98\xe6\x1f+\xce_\x00,\xef\xea\
\xf1\x92js\xbf\x80\xa6pz|P\xfb\xfb\x0e\xabT\
-\xcf-\xca\xf2\x99qR\x81\x0d\x95Kg\xd5\xd1\xd2\
\xa6e\xed=joiU6\x95Q\x10\x04\x0a\xec\xc2\
\\\xb1\x9dIgu\xf3\x15\xdf\xd4\xf0\xf0\xb0\x9e;\xf1\
\xa6&\x8a\x13\xb2\x9f\xf8\x0c8\xb0\xa1&jE\x1d>\
}\\\xd9lN\x1d-m\xf3Z\x09\xd0{\xafT\x98\
\xd2\xca\xce\xe5Z\xda\xde=\xef\x01\xac\\\xabhdj\
L#S\xa3\x9fZ\x0a\xf9\\\x7f\xb6\xa1\xf1a\x8d\xcc\
\x8c)\xe3/\xcc\xaay\xf5(\xd2{\x1f\xed\xd5\x9b\xfb\
w\xea\xc4\xf0)\xa5S\x9f?\x03c\xadU&\xcc\xa8\
\xb3\xd0\xa1\xd5KVj\xe3\xf2uZ\xd7\xb3F\xad\xb9\
\x82\x02\x1b,\xc8\xfa\x0c\xd6Xu\xb4u\xe8\xce\xedw\
hxlX\x7fy\xf8\x19eE\x00\xe0<\x06\x00\xd0\
\x8cN\xf6\xf7\xea\xdf?\xfe\x9f41:\"o>\xff\
>l#\xa30\x08\x95K\xe7\xd4Vh\xd7\xca\x9e\x95\
\xba\xf1\xf2\xebt\xc3\xe5\xdb\xb5\xb6g\x8dr\xe9\xec\xbc\
\x07)k\x8c\x0a\xd9\xbc.[u\x99\xee\xdft\xab\x1e\
\xdf\xfd\x8c>y\x95m[\x90\xd1\xb1b\xbf\xfe\xf4\x17\
\x7f\xa1\xf6\xd7[\x95\xb6\xe19\x05\xc0\xd9g\x189\xaf\
|[\x9b\xfe\xa7\xef\xfe\xb6\xee\xb8\xee6\x85\xf3\\D\
\xa7\x7fl@/\xec\xda\xa1\xa7^}ZuE\xb2\xe7\
x\xf6nd\xe6\x9e\x05PSoiX)\x19\xc9\x9e\
\xff\xdb\xe2\x9cKtj\xb4_o\xef\xdb\xa9g\x0e\xbc\
\xa4\xb6l\xeb\x17\xcfN\x18\xab\xacM\xa9\x90j\xd1\x92\
B\xa7\xd6\xac\\\xab{\xaf\xbdS\xdf\xdc|\x9d\xd6,\
Y\xa5T\x18\xce\xfbn\x8e\x96l^7]~\x9d\x0e\
\x1c\xd9/\x9d\xdc\xa18\x89\x15Z\x0e\xed \x00\x80\x85\
;\xf0{\xa7\xb1\xfa\xb4\x8eUN\xcb\x19}\xf9\xf4\xfe\
\x98W\xe6d\xa0W\xf6\xbc\xaa\x1b\xd6m\xd7}7\xdd\
\xa3{\xb7\xdd\xa9\x9e\xf6%\xf3\x8e\x00c\x8c\xd6.[\
\xad\x9b7]\xa7\x17\xf7\xbd\xa2\x89\xa4\xfc\xf1\x83dd\
T\xf7\x89z\xcb#Ryd^\xd3\xff~v\xddZ\
-\xf3\xcb\x15\xc5\xd1\x82\\\xdd\x93\xb8D\xa5ZY\x87\
\xc6\x8fk\xc4\x97\x94\xb2\xe1\xbc~\xc6\x8b\xb1^\xbe\x91\
\x917RQ5\x85\xca\xfd\x8a\x0d(M'5\x0d'\
3:^\x1d\xd4\xee\x91C\xdayx\x97\xbe\xb7\xed\x01\
=\xf4\xad\x07u\xdd\xc6\xad\xcag\xf2\xf3\xfaY\x02\x1b\
\xa8\xb3\xd0\xa1\x15=+t}\xe7&}8xDa\
\x9aC;\x08\x00`a\x0f\xfcs\xcb\xb0\x9a\xafr\x0b\
\x9e1\xaay\xa7\x93\xb51\x9d>\xf4\x92\xfaF\xfb\x14\
E\x91\xee\xdev\x87.[\xbaj\xde?GO\xc7R\
mX\xb1^]\xad]\x9a\x9c(\xcb\xe9\xd3W\x81\x9f\
\xf9\xf9\xe6s\x86\xe9\xe4$\xaf\x05\xf9\xec\xffS\xc3\xe7\
\xdcv<\xf3\x99\xf8\xe2Z\xd3\xc0|\xe2\xf7\xaf\x13\x1f\
F\xb1\xbc\x8e\x95\x87\xf4\xff\xee|L\xc5\xf2\x8c:\xf2\
\xed\xda\xb8r\xbdr\xe9\xec<#\xc0jI\xd7\x12]\
\xb1d\x9d\xde\x1f8(?\xf7 !\xe0W\xe1\x9e\x11\
\xe0<\x07Ch\x03\xc5r\xfa`\xec\x88\xfed\xc7_\
\xe9h\xefQU\xa3\xda\xbcO\xa6s\xa9\xac:\x0a\xed\
\xea\xe9X\xa2\xb4\x0d\xbe\xf0\x82\xb4\x85\x19\xec\x16\xd7\xb7\
\xbe\x94\xf7\x87L\x90\xd2P\xbd\xa8\x9d\xc7v\xeb\xe9w\
_\xd0\xe8\xd4\xd8\x82|\xdf\xae\xd6\x0e\xadl_&\xcf\
\xb3\x02@\x00\x00\x97\x8e\xc0\x06\x8a\x8c\xd7\xde\x81Cz\
\xff\xf8^}4\xdc+\xbf\x00O\xa4\x0b\xc3P\xdd\xad\
]\xca\x9a\xd4\x05}\xc2\x1d\xe6'oS:U\x1e\xd6\
\xeec{T*\xcf,HM\xe52y\xb5f\x0b\xf2\
F\x0d\xfb\xf4G\x10\x00\xc0\xa2UM\xea\xda\x7f\xfa\xb0\
N\x8f\x0e\xcc\xeb\xca\xfc\x8f\xc3\xc2*\x9f\xc9+e\x02\
1\xfc/\xa2 4V%\x1filzL\xd5ZM\
\x89\x9f\xdfs\xd1\x8c\x99\xdd\x17B\xcb!\x1d\x04\x00p\
I\xf2\xf2\x1a.\x8e\xa9\\)/\xd0\xd3\xfaf\xaf4\
g\xc2wq1f\xf6\xfa\x8a8\x8ef\xd7\x96X\xa0\
\x8fo<{\x02\x08\x00\xe0\xd2\x0d\x80Z2{\xd0\x07\
\xe6v\x8ay\xdf]\xc1\x84?\x08\x00`\x91D\x00\x00\
\x10\x00\x00\xd0\xcc\x98\xb5\x07\x01\x004\xcb\xf1\x9e#~\
\xd3\x9b{\x0c\x829\xb3\x84\xf3\x02=c\x81\x0f\x03@\
\x00\x00\x97\xf0\xe0\x9f\x09\xd3\x0a\x82\x80\x8d\xd1\xc4\x9c\xbc\
\xd2&T!\xd7\xa2t*\xad`\xbeW\xef{\xaf8\
\x8eUO\"\"\x00\x04\x00p\xa9\x06\xc0\xd2B\x97\xf2\
\xd9\xfc\x02=\xaew\xf6\xa9z\x1c\xf2\x17\x97\xba\x8b\xd5\
\x1d\x16\xb4~\xd9:\xe52\xb9y\xcf\x0ayIS\xe5\
i\x8d\x16\xc7e\xfc\xec\x0a\x85\x00\x01\x00\\B2A\
\xa8\xcd\xcb6iy\xd7\xb2\x05\xf9(\xc09\xa7J\xbd\
\xa2\xd8'\xfcc^$\xbc\xf7\xaa\xc9\xe9\xca%\x1bu\
\xef\xd6\xdb\xd5\xd1\xd6>\xff\xef\xe9\x9cF'\xc6t|\
\xbcW\x81\x17\xb3\x00\xf8Jx\x16\x00p\x018\xef\x14\
\xcah\xe3\x92\xf5\xbav\xfdUZ\xd7\xb3F\xc6\xce?\
\x00\xe28\xd6\xd8\xcc\xb8\xaa>\xfa\xf2\x87\x13\xe1\xa2\x0f\
\xfc\x92\x94\xc4\xb1\xee\\~\x8d\xee\xbe\xfe.}\xeb\xca\
\x9b\xd5\xd5\xda9\xff\xa0\x88j\x1a\x1e\x19\xd2;\xc3\x87\
\x95\x09R\\g\x02\x02\x00\xb84\x06\x7f/\xef\xbc6\
\xb5\xae\xd6\xdf\xbd\xf5\x87\xda\xb0f\xbdZ\xe6\xf9\x048\
I\xaaE5M\x97\xa65<9\xa2\xbaO\x16\xf8\x81\
=\xf8\x15C\xee'~\xf7_\xba\x88\x8f\x97\x97\xf5R\
\xce\xa4\xd4\x93\xe9\xd0\x95\xdf\xd8\xac\x87o\xfe\x8e\xee\xdd\
~\x97:[\xdb\xe7=XW\xeaU\xed\xed=\xa8C\
\xbdG463\xa4\xce\xb0\x9d\xb7\x08\x04\x00p\xbe\xce\
\xe2\xbc\x97\xf4yk\xae\xfb\xcf\x9e\xf9\xb7\x9a\xb4\xaeY\
\xb1Y\xf7\xdep\xb7~t\xdb\xc3Z\xb5d\xc5\x82\xfc\
\x1cCS\xa3:6xRc\xc519\xf9\x0b\xfeH\
\xdc\xe6e\x14\xd8@\x85T\x8bnh\xd9\xa4T&\xf3\
\xf9_e\x8c\xc2 \xa5l:\xab\xf6\xd66\xadZ\xba\
J\xd7]\xbe]\xb7\\q\xbd\xd6\xf6\xacQ\x18\x84\x0b\
\xf2\x9eM\x97\xa6\xf5\xc2\xbb;\xf4\xda\x89w\x94R\x86\
\xfd\x00\x04\x00p\xde\x02\xc0\xcf.\xb8j\x9c\xff\xc4\x90\
0\xfb+0Vi\x13(o3jO\xb7\xaa\xa7\xb3\
G\xdb6m\xd5\xed[o\xd5-W\xdc\xa0B\xae\xb0\
 \x07h/\xaf\xde\xa1S\xdayl\xb7\xa6\xab%)\
\xe0\x09p\x17J*L\xe9\x86M\xd7ji[\xb7\xa6\
\xcb\x0f+\xb0\xc1\xe76``\xad2\xa9\x8c\xda\xf3m\
Z\xd2\xd6\xa5\x8e\x96v\xa5\x82Pa\x10\xca.\xd0\x9a\
\xfdC\x93\xc3\xfa\xe5\xfe\xb7\xf5\xd6\xde\xb7\xf4\xe1\xf4)\
\x15\xc2,o\x10\x08\x00`\xa1\xe5sy\xdd\xb6\xf1\x06\
]\xd5\xbdq\xf6\x0a\xfe\xb9\x81\xdc\xcc\x9e\xd7\x8b\xe4\x8e\
\x00\x00\x0b\xb8IDAT\xee)\x08\x02\xa5\xd3i\xb5\
\xe5\xdb\xd4\xd3\xb9T\xeb\x97\xad\xd5Uk\xae\xd0\x8a\xce\
e\xca\xa63\x0a\xc3pA\x06i\xef\xbd\xca\xb5\x8az\
O\xf7\xea\xb9\xc3\xaf+2NV\xdcVx\xc1\x0e\x9a\
A\xa0U\xdd+\xb4\xa2s\xd9\xaf\x9e\xfe7\xb3\xef\xb6\
1F\xc6\xd8\x05\xfd\x88\xc6{\xaf\xe9JQ{\x8f\xec\
\xd3\x1f=\xffg\xfa`\xf4\xb0\xf2&\xe4c \x10\x00\
\xc0\xf9p\xed\xa6\xab\xb5e\xddf}\xe1S|\xcc\x99\
\xdf\xcc\xecA\xdfZ\x056\x98\xff=\xde\x7fK5\xaa\
\xe9\xad\x83\xbb\xf4\xfa\x87o\xe9\xf8d\xbf\xbaR-\xe2\
\xb6\xaf\x0b\xcb\x1a+\x1b\\\x9c\x8b.\x13\xe74S\x99\
\xd1/\xde}Y\x7f\xbc\xe3/\xb5\xeb\xd4\x1e9k\x14\
Z\"\x10\x04\x00p\x9e\xce\xfcf\xa7o/\xa6(\x8e\
486\xa4\x1d\xef\xbc\xa2\xc7\x0f\xbc\xa8\x82\xcd0\xf8\
7\x09\xef\xbd\xeaq\xa4\xe1\x89a=\xfe\xfa\x93\xfa\xe9\
\xce\x9f\xeb\xbd\xa1\x03\xb26\xe0s\x7f\x10\x00@#s\
\xde\xabo\xe4\xb4\xfe\xf4\x17\xffU\xcf\xef\xdb\xa1\x89Z\
\x91\xcf|\x9ba\xe0\x97\x94$\xb1\xc6\x8b\x13\xda\xfb\xd1\
\x01=\xf6\xdaO\xf4\xcbC;\xd5[\x19\x91\x0d\x02\xae\
\xfd\x00\x01\x004\xb28\x89\xb5\xff\xe4!\xfd\xf4\xcdg\
\xf4\xc4[O\xeb\xa3\xf2\xb0Z\x82\x0c\x1b\xa6\xc1\xcf\xf8\
\xe3$V\xb9V\xd5\xeec\x1fh\xc7\xfb\xaf\xe9\xd5\xbd\
\xaf\xeb\xc8\xf8IU\x14}\xe6\xe2C\x80\x00\x00\x1a\xea\
\xac\xdf\xa9R\xab\xea\xcd\x83\xef\xe8\xa97\x7f\xaeg\xde\
\x7fQc\xd1\xcc\xdc\x85e\x9c\xf95\xb2\xe9JQ{\
>\xda\xaf\xa7\xde|V;\x0f\xed\xd2\xc9\xc9>M$\
\x95\xb3\x17\x15\x02\x04\x00\xd0\x88\x03\xbfs\xaaEu\x0d\
\x8c\x0f\xea\xa9\x9d\xcf\xeb\xc5w_\xd2\xee\xd3\xfbTr\
\x91\xac\xb5L\xfa6\x81\xc49\x95*%\x1d9yX\
\xaf\x8e|\xa8\xb6 \xbd`\xb7\x0f\x02\x04\x00p\x09\xf1\
\xde+q\x89\xe2$\xd6\xc9\xe1>\xbd}\xf0]=\xff\
\xee\x8b\xdas\xf2C\x0dT\xc7\x95\x181\x00\\B\xef\
\xd5\xdc\x92P_\xf0\x15f\xde\xb7\xe4u\x15:t\xfd\
\xa6ku\xd357\xa9\xaf4\xac\xddcG\xd5\x9e\xca\
\xb1\xf1A\x00\x00\x8dr\xa6\x9f\xb8D\xce{\x15\xcb3\
:\xd0wXo\xee\xdf\xa9]\x87w\xeb\xc8\xe9c\xea\
\xaf\x8c*6^\xc6r\xa9\xd7%\xf3\x9ey\xa7R\xb5\
\xacbyFQ\x1c\xcd}\x14s\xe6\xdd\x99\x0d\x820\
\x08\xd4Y\xe8P&\x9d\x9dW\x08\xb4\xb5\xb4\xe9\xbb7\
=\xa0\x99\xa9i\xbd\xf3\xe6q%\xce-\xf8m\xa5 \
\x00\x00\x9c\xd7\xb3\xc5\xb9\xc7\xf6:7\xfb\xbb\xf7\x8a\xe2\
H\xc3S#:|\xfa\x98\xf6\x9d8\xa0\x03'\x0e\xea\
\xe4\xc0I\x9d\x9a\x1e\xd4x2\xa3Dg\x06~\x86\xfe\
KI=\xaa\xeb\x97\x07v\xea\x85\x9d\xbf\xd0\xa1\xde\xc3\
J\xa5\xd3\x9f\xfa\xff\x93$\xd6\xd2B\xb7\xee\xbf\xe5~\
\xddu\xcd\xb7\xb4\xbc\xb3\xe7\x9c\xff\xaeL*\xado\xac\
\xdc\xa0\xeb\xaf\xbaN\x8f\x0e\x1f\xd5\xcf\x0f\xbf\xaa\xaca\
\xb9_\x10\x00\xc0\x05\x15'\xb3\xd3\xf3\xfa\xd2\x87\xbf|\
\xfc\xa78\x89U\x8b\xea\x9a\xa9\x965V\x1c\xd7\xf0\xf4\
\xa8\xfa\xc7\x06tj\xa4O\x03#\x03\x1a\x1e\x1f\xd6\xc8\
\xe4\x88F*\x13\x9a\x8c\xcb\x8a\x8d\x93\xe6\x16\x12\xe2\x93\
\xfeK7\xe8f\xaa3:5zZO\x9fxU\x1d\
\xd9\x8eO,\x02%EI\xa2\xb6 \xab\x89\xa8\xa8M\
=\xeb\xd4\xdd\xd6\xa5\xd4<\xd6\x8fH\x85i\xdd\xb2\xe5\
F\x95gJ\xda;pPc\xe5)y\x9e\xfd\x00\x02\
\x00\xb8p\x0e\xf4\x1e\xd2\x93\xef>\xaf\x89\xe2\xe4\xd9%\
^?;\xf8{9\xe7\x14\xc5\x91\xeaQ]\xd5jU\
\x95jE\xd5ZE\xa5ZY\xa5JI3\xf5\x92\x8a\
qY%_W,\xa7\xb3\xa3\x87\x95\x8c\x98\xde\xbd\xf4\
\x99\xb9H\x93d\xecgfiR\xa1U\xc9G\xfa\xe0\
\xe4>\xed\xd8\xf3\x9a\xf2-y]\xb9\xfa\xf2s\x1e\xb0\
\xad1\xeai_\xa2-\x1b\xaf\xd4\xc3\xdb\xbf\xad\x9f\xbe\
\xfd\x94\x86\xe2i\xa5\x0c\x87o\x10\x00\xc0\x05195\
\xa9'\xdeyV\xfdC}\xf2V_x@\xf7\xf2r\
\xf2J\xe6~9\xcd>@H\x7f\xfb\xeb\x0d\x03\xfe\xe2\
\x0f\x01}\xe6#\x1a#\xc9\xcah\".\xe9\xaf\xdey\
B\x1b{\xd6i]\xcfe\xca\xa5\xb3\xe7\x1c\x01\xc6\x18\
}c\xf5F\xfd\xe8\x96\xef\xeb\xe8\xa9\xa3\x9a8\xb5[\
\x91KX\xfe\x17\x04\x00p\xa1$\xc6\xabd\xear\x92\
\xec\x97\x0d\xde\x9fx6\x80\x98\xaem\xae40F\xb2\
V\xbb\x87\x0e\xeb\x95}\xbfT\xd7\x92n\xddr\xc57\
\x95I\xa5\xcf\xf9{\xb6d\xf2Z\xbb\xe22}\xfb\xa6\
\xfb5S\x9e\xd1\x8bC\xef\xa9\xcb\xb6\xb0\xb1q\xce8\
\xfd\x00\xbe\xe6\x81\xfd\xec\xc3~\xbe\xec\x97\xb8\x80\xaf\xc9\
w\x16\xb5\xd8\x94~z\xe0\x17z{\xcfNM\x97\xa6\
\xe5\xbc\x9b\xd7\xb7\\\xd2\xd6\xad\xef\xde\xf0\x80n\xd9|\
\xa3\x96\xe6:T\x8b#\xb63\x08\x00\x00\xb8\xd4d\xc2\
\xb4zg\x06\xb5\xf3\xe0.\xbd\xb4\xf7uM\xceL\xcd\
\xeb\xfb\x85A\xa0\xee\xf6.\xdd\xb6\xfdV=z\xc5=\
*\xb9\xba\xbc<\x1b\x1a\xe7\xb6?\xb1\x09\x00\xe0\xfc)\
\xd8\xac\xde\x1c\xdc\xa3\xf6\x9d\x1d\xba\xf6\xb2-j\xcb\xb7\
\xce\xeb\xa9\x92\xd9TF\xb7^y\xa3&\xc6\xc7\xb5\xb3\
\x7f\x8f\x8e\x8f\xf6\xca\x06!w\x05\x80\x19\x00\x00\xb8\x94\
\xa4\x82\x94&\xa2\x8a\xf6|\xb4W\xcf\xbf\xbfC'\x87\
\xfb\xe6\xf5\xfd\x8c1\xcagr\xba\xe6\xf2\xab\xf5\x9b7\
=\xaa\xaeTAb\x16\x00\x04\x00\x00\\Z\x8c\xa4\x8c\
\x0d\xd4[\x19\xd1\xdf\xbc\xf5\xa4N\xf4\x9fP%\xaa\xce\
k\xc8\xb6\xc6\xea\x8aU\x9bt\xef\xb5\xb7\xeb\xb6\xcd\xb7\
\xa8\xc3\xe6UO\xb8\x1e\x00\x04\x00\x00\\R\x02c\x15\
\xcbk\xdf\xc0a\xbd\xf8\xc1+\xda\xf3\xd1\x87r.\x99\
\xdf\xf7\xb4\x816\xae\xde\xa0\xdf\xfe\xf6o\xe9\xfe+n\
\xd7\xcaL\xa7|\xe2\xe4\x9c\x93\xf7\xcc\x08\xe0\xcbq\x0d\
\x00\x00\\\x88\x99\x00c\x14\xc9\xe9\xff\xfb\xe0\x19m\xe8\
Y\xab\xcbWnT{K\x9b\xec<\x1e\xed\xdb\x96o\
\xd5\xf6M[\xd5\xf1\xe3\x0em\xfd`\xab\xde>\xb8K\
\xe3\x13\xa3\xaa\xd4*\x1a\xabMk\xac>\xad\x92\xabq\
7\x0a\x08\x00\x00\xb8\xa8\x07\xdc0\xa5\xe3\x13}z}\
\xdf\x9b\xea\xe9Y\xae{\xb7\xde\xaeBn~\xf7\xf2\xe7\
29m^\xbdI\x9bV\xac\xd3\x8f\xefxD\x93\xa5\
I\x8d\x17'\xf5\xd6\xe1w\xf5\xe2\xae\x97\xf4\xd4\x897\
\xd4\x95b\xbd\x00\x10\x00\x00p\xf1f\x01$\x15\xc2\x9c\
\x9e=\xf1\x86\x96\xbe\xb7D\xdb\xd6nQ6\x9d\x99\xd7\
]\x01F\xb3\x1f\x07\x046\xd0\x92\xb6\xb4\xba\xdb\xba\xb4\
\xa2\xb3\xac\xb1\x99\x09\xed)\xec\x91\x92\xbaD\x00\xe0s\
p\x0d\x00\x00\\@\xe9 \xa5\xe1ZQ\xbb\x8f\xbc\xaf\
g\xdf{IC\x93#\x0b\x17\x18\xc6\xc8\x1a\xa3\xc0\xda\
\xb9'P:68\x08\x00\x00\xb8T\xb4\xd9\xb4>\x9c\
:\xa1'\xdf\xfa\xb9zO\xf7\xaa\\\xab,\xf8\xdf\xc1\
e\x80 \x00\x00\xe0\x12\x13\xda@5\x1fkO\xdf~\
\xfd\xe5\xeb\x8fk\xcf\xf1}\x8a\x93\x84\x0d\x83\x0b\xbb\x1f\
\xb2\x09\x00\xe0\"\x9c}\x19\xab\x19\x17\xe9ov?\xa3\
\x15\x85\xa5\xcaf\xb2\xbar\xcd\x15\xf3z`\x10\xc0\x0c\
\x00\x80\xf3\x80[\xc9\x16zk\x1akT\x8c+\xfa\xe3\
7\xfeJ\x8f\xef\xf8\x99\x0e\xf7\x1fU\xa9V^\x90\xfb\
\xf8y\xb7\xc0\x0c\x008\xc8\xb2\x19\x16f[.\xd0S\
\x8d\x8d\xd1\xa2\xbf/}!\x9f\xf3\x98\x0eR\x1a\xaeN\
\xea\xbf\xbe\xf3S\xf5O\x0c\xea\xd7\xef\xf9\x91\xb6n\xb8\
J\xdd\xad]\x0a\x02;\x8f\xbf\xc9\xf0|\x00\x10\x00h\
N^R\x9c$\xaa\xd5\xeb\xaa\xd4\xaa\xf3:`\x1bc\
T\xab\xd7\xe4\x9do\xaa\xa20\x92\xbc\x91\xe4\xbd\xeaQ\
\xa4j\xad&;;\x82\x9f\xf3Uf\xd5ZMq\x1c\
_\xf0\xd7\x92\xb8D\x95zU\xb5zM\xce\xb9s\xde\
\x0f*\xb5\x8a\xeaq]\x89w\x0bSDs\x110\x1a\
\x15\xf5\xec\xc1\x97\xf5\xd1\xf0\x09\xdd}\xed\x9d\xba{\xdb\
\xed\xbaf\xdd\xecm\x82\x81\x0dd\xad=\xfb\x98\xe9/\
\xda\xdf\xbd\x9f]\x05\xb0\x1eG\x8a\xe3H\x89KH`\
\x10\x00h.\xd6XUm\xa2\xe7\xf7\xbd\xacC\xa7\x8f\
\xaa\xab\xa5c\xde\xdfshrX\x03\xd3\xc3\xf2\xc6\xaa\
YN\xacf\x07\x1c\xab\xc9\xf2\x94\xfe\xe3\xf3\x7f\xa4\xc7\
\xdfyj\xde\xe7\xbeS\x95\xa2\xfa&\x064\xa5\x9a\x02\
{\xfe?\x85L\x07)\xd5\\\xa47\x8e\xed\xd2\xbf\xfa\
\xf3\xdfSK\xa6e^\x8f\xd0M\\\xa2\xbe\xa9A\x9d\
\x1c\xebS[\xba\xb0\xa0\xfbl\xc5\xc7zo\xec\x88N\
\xbdrZ\xaf\xee}]W^\xb6Y\xd7l\xbaZW\
\xad\xb9B\xab\xbbW\xaa=\xdf\xa6t*\xf5\x99\xf7\xc0\
kv\xd0\x9f\xae\xcc\xa8\x7fl@{O\xec\xd7\xab\xfb\
~\xa9\x9d\xa7\xdeW!U\xe0\x80\x00\x02\x00M\xc6\x18\
\x9d\x9c\x1a\xd0\xc9\xa9\x01\xd9\x05\xb8'\xca\x1b\xc9\x19\xa3\
\xa6\x9bU5F\xf58\xd2\xae\xfe\x0fe\xfa\xf6-\xc8\
v\xf4s\xdf\xf7B|\x14`\x8d\x91\xf3^\x033\xa3\
\x1a<<\xba \x7f\xa33\xb3\xf3#\xa1\x0d\xceCp\
\x19\x8d\xb9\xb2\xc6F\x0ei\xff\xc81\xbd\xbc\xf75-\
i\xe9Tgk\xa7\xda\x0a\xed*\xb4\x14\x94\x99\x9b\x15\
\x90\x8c\x9cOT\xab\xd7T*\xcfh\xaa8\xad\x89\xe2\
\xb8Fg\xc65\x1aM\xab\xea\x13\xa5\x03\x0e\xf3 \x00\
\xd0\xa4\x11 I\x89Y\x88\x8b\xaa\x9a{E\xf5\xd9\x00\
\xd2\x82l\xc7\x8b\xb43\xc8[\xc9\xc9_\xf2\xaf\xc1h\
\xf6c\x96\x8ab\xf5\xd5\xc7u\xaa>.3!\x052\
\x0ae\x14\x9c\xdd\x1b\x8d\xbc\xbc\x12y\xc5>Q\"/\
?w\x8d\x851\x92\xb8\x06\x00\x04\x00\x9a\xbe\x03\xf8\x1c\
\x94\xed\xb8\x08_\xc3\x99\x108\xf3\x13'\xf2J\xbe\xe8\
\x0e\x01+\x19Y\xf6t\x10\x00\x00\xd0\x90\x01\xc6\x08\x8f\
\x05\xc2:\x00\x00\x00\x10\x00\x00\x00\x80\x00\x00\x00\x00\x04\
\x00\x00\x00 \x00\x00\x00\x00\x01\x00\x00\x00\x08\x00\x00\x00\
@\x00\\d^Z\x80\xe5\xbf\x00\x00 \x00\x16\x11c\
\xea\x92*\x92\x1co9\x00\x00M3\x03\xe0K\x92\xc6\
\x08\x00\x00\x00\x9a(\x00\xbc\xd7\xa4\x8c\xfa$\x93\xf0\x96\
\x03\x00\xd0$\x01\x10\xf5\xce\x0c\xfb\x9a;\xac\xc0D<\
\x1d\x0b\x00\x80&\x09\x80\xda;#\x83\x0a\xcd>y_\
\xe4Z@\x00\x00\x9a$\x00\x9cT4\xa1=\xe4j\xc9\
\x1ey\x15y\x9a\x16\x00\x80\x00h\x12\xc9he\xc8M\
\xd5\x7f.\xa3AY\x0a\x00\x00@\x004\x85\xf2\xb3}\
c\xde\xf9\xe7e\xcc~y\x95y\xeb\x01\x00\x04@3\
\xcc\x00H\xb1d\xfa\x93\xb1\xda\xdf\xc8\xf9\xdd&4\\\
\x0c\x00\x00hZa3\xbd\xd8x\xacZ\x915O\xda\
\xf6\xf4\x1a9\xad\x95\xd5*9\x96C\x06\x000\x03\xd0\
\xd0\xca\xaf\x0f\xbad\xb42\x15\x1d\x9f~\xccW\x93\xff\
b\xac\x9d\x92a&\x00\x00@\x004\xbc\xda\xfeI?\
\xf3\xf2\xe9#\xc9x\xed\xaf\x92\xc9\xda\x7fV`\x06e\
\x89\x00\x00\x00\x01\xd0\x0c|\xf4\xf4\xc0\x872\xe6?\xfa\
J\xfc\xe7\xf2:&kX&\x18\x00\xd04\xc2f}\
\xe1\x15\xd5}0S\xef\xb5\x99\xe0\x7f\xb3\xce\x9f\xb6\x99\
\xe07Lh\xae\xf5\x89O\xcb\xb3R\x00\x00\x80\x19\x80\
\x865\xf3T\xafK\xa6\xeb\xa3>\xf6\xffw2\x13\xfd\
KWN\xfe\x7fc\xcd\x98\xacb\x19\x96\x0c\x04\x000\
\x03\xd0\xb0J/\xf4{I\xd5\x8e_\xdf\xb4#\x1e\xaf\
\x1e1i\xfbj\xd8\x9d\xfd\x0dc\xcdVy\xb5y\xef\
Cf\x04\x00\x00\x8d&`\x13\xcc\xaa\xee\x1bw\xa9e\
\xb9i%\xfe\x80\xab\xc4\xaf\xca\x98\x13&\xb4\xa1I\x99\
v\x19c%\x19\x19\x19\x89\x18\x00\x00\\\\\x89sj\
I\xe7\xea\xf9l\xcbqc\xcc\xd3\xfd\xaf\x1d)1\x03\
0\x9f\xd9\x80\xd7\x07\x9d\xa4rfs\xc7\xd1\xdc\xb6L\
o<RyJ\xd6\\m[R\xf7\xd8lp\xb3\x09\
\xcd\x06I\xadr\x0a\xe7f\x06\xec\\\x10\x10\x06\x00\x80\
E\x85\x00\xf8\x1c\xb5\x83\x93\xaevp\xb2\x9a\xdd\xd8\xde\
\x17\xae/\x0c\x9at\xf0z<S\xef\xf4\xb5d\x93\x09\
\xec\xb5&\x17^c\xf3\xe1\xe5&e\x97\xc9\xa8C^\
-\x922\x12\x8b\x0a\x01\x00\x16\x87\xff\x06\x03\xf6\x8d\xde\
\x8f\xb4\xa5\xfe\x00\x00\x00\x00IEND\xaeB`\x82\
\x00\x00\x02\x19\x89PNG\x0d\x0a\x1a\x0a\x00\x00\x00\x0d\
IHDR\x00\x00\x00\x11\x00\x00\x00\x10\x08\x06\x00\x00\
\x00\xf01\x94_\x00\x00\x00\x04sBIT\x08\x08\x08\
\x08|\x08d\x88\x00\x00\x00\x09pHYs\x00\x00\x0b\
\x12\x00\x00\x0b\x12\x01\xd2\xdd~\xfc\x00\x00\x00\x1ctE\
XtSoftware\x00Adobe\
 Fireworks CS6\xe8\xbc\
\xb2\x8c\x00\x00\x00\x15tEXtCreati\
on Time\x002/28/14/\
\xf2\xbd\xb4\x00\x00\x01rIDAT8\x8d\x8d\xd21\
k\x14Q\x14\xc5\xf1\xdf\x8e\xc4.\x9d\x01\xd1\xc2El\
ll\x86\x14+nml#\x82la \xc2|\x09\
\x8b\xd8\xf8!\xe6!\x06\x14\xc4*\xc1*I\xbd+)\
t\x10l\xd2\x88!\x8b\x88\xa0[\xa5S\xe2\xd8\xdc\x95\
\xc9\xbaC\xf2\x9a7o\xee9\xff{\xee\xe3u\x8a\xa2\
\xb8\x83>F)\xa5\xa1s\xae\xa6/\x8b\x8f\xa7xQ\
\x14E\xef\x9c\x80\x1e6\xc3\xd7\xcf0\xc2\x187\xb0{\
\x16(\xea\xbb\xa1\x1fcx\xa1\xaa\xaaq\x9e\xe7\x1f\xf0\
\x00\x8b\xb8\x9d\xe7\xf9\xc7\xaa\xaa\xbe\xb6\x00\x9e\xe3*\x8e\
q\xbf,\xcbw\x19\xa4\x94\xf6\xb1\x82\x03\xdc\xc4\xdel\
\xa28\xefE\xfd\x00+\xe1\xd3i\x11.\xe23\xd6S\
J\xc3\xb8\xc4\xcd\x18\xe1\x18w\xa7\x80\xba\xaeOC\x1a\
\xa0\x97\xb8\x8e\xefx\x86'\xb8\x8c/x4\x05\xb4B\
\x02\xd4\xc7\x1b\\\xc1\x1fd\xf8\x86\x87\xb3\xcf\xa0\xaek\
\xd9<H\x087p\x12\x80\x13l\xb4\xbd\xa3\xb6$\xb7\
\xf0\x1e\x17\xf1\x1b\x0b\xf8\x85\xe5\x94\xd2\xa73\x93\xc4%\
n7\x8c\x8fc_\xc0v\xd4O\xadl\x06\x90c\x0b\
]\x1cF\xe7WX\x8es\x17[\xa1\xfb\x1f\x12\x1dv\
\xb0\x84\x09\xd6\xa6\xd1c_\x8b\xffK\xd8i&\xea\x04\
\xa0\x87\xd7\xb8\x86\x9f\xb8\x97R\xaa\xe6\x8c\x9aG\xa3K\
8\xc2\xa0,\xcb\xfdi\x92\xb7\x11\xf5\x08\xab\xf3\x00\x91\
\xa8\xc2j\xe8\xba\xe1\xfb7\xce\x04?0H)\x8d\xe6\
\x01\x1a\xa0\x11\x06\xa1\x9f\xc0_Ai\xa1\xa1FC\xfd\
\x12\x00\x00\x00\x00IEND\xaeB`\x82\x00\x00\x01\
\xef\x89PNG\x0d\x0a\x1a\x0a\x00\x00\x00\x0dIHD\
R\x00\x00\x00\x0e\x00\x00\x00\x0e\x08\x04\x00\x00\x00\xb5A\
\xe5Z\x00\x00\x00 cHRM\x00\x00z%\x00\x00\
\x80\x83\x00\x00\xf9\xff\x00\x00\x80\xe9\x00\x00u0\x00\x00\
\xea`\x00\x00:\x98\x00\x00\x17o\x92_\xc5F\x00\x00\
\x00\x02bKGD\x00\xff\x87\x8f\xcc\xbf\x00\x00\x00\x09\
pHYs\x00\x00\x0b\x13\x00\x00\x0b\x13\x01\x00\x9a\x9c\
\x18\x00\x00\x00\x07tIME\x07\xe7\x0c\x1b\x12+7\
T\x12\x93}\x00\x00\x00\xbeIDAT\x18\xd3}\xd0\
\xb1Q\xc3P\x10\x04\xd0'\x8b\x02<\xa3\x06\x14\xdd\x10\
\x12:\x94;\xa0\x04)\xc3\x91\x87J\xc0!\x91\xd4\x81\
qHd\xd1\xc6\x8fh@5|\x02\x0byp\xe0\x8d\
v\xf6no\xef\xae\x00\xa2\xb1\xf7|\xe1>\x1d\xd2\x08\
\x05D\xaf\xf5\x1f\xef\xe9\x95\x92x\xf3\xe2\x16\x9b\xaa\x9e\
NE4\xce`\xd4\xcc\x85?\xb6]\xd9_\x84\xb4\xd5\
\x81.m\x8d`_D\x9e\xfb\xbb4DK\x1a\xa2\xd5\
_\xa4\x87%\xa5\x0fi\xe0Zb\xe5\x0e\xae\xce\xebX\
\x8b7\x8e\x91#\xc7\x99h#G\x8e\x968G\x8e\x1c\
\xc7\xbb\xa7\x94\xd3OU{B\xbd\x04\xd4\xf3\x8f>J\
\xa6S\xb5\xb6\xb9\xd9eH;J\x98\xbe\xaaok\x8f\
\xcb\xe3w\xe9\x00\xbfNb=r\x14c\x9b|\x00\x00\
\x00%tEXtdate:creat\
e\x002023-12-27T17:\
34:14+00:00Eb\x9bo\x00\
\x00\x00%tEXtdate:modi\
fy\x002023-12-27T17\
:34:14+00:004?#\xd3\
\x00\x00\x00(tEXtdate:tim\
estamp\x002023-12-2\
7T18:43:55+00:00\
\xad\x80\xdc\x8d\x00\x00\x00\x00IEND\xaeB`\x82\
\x00\x00<g\x89PNG\x0d\x0a\x1a\x0a\x00\x00\x00\x0d\
IHDR\x00\x00\x00\x09\x00\x00\x00\x09\x08\x06\x00\x00\
\x00\xe0\x91\x06\x10\x00\x00\x00\x09pHYs\x00\x00\x0b\
\x13\x00\x00\x0b\x13\x01\x00\x9a\x9c\x18\x00\x00;\x8aiT\
XtXML:com.adobe.\
xmp\x00\x00\x00\x00\x00<?xpacke\
t begin=\"\xef\xbb\xbf\" id\
=\"W5M0MpCehiHzre\
SzNTczkc9d\"?>\x0a<x\
:xmpmeta xmlns:x\
=\"adobe:ns:meta/\
\" x:xmptk=\"Adobe\
 XMP Core 5.5-c0\
21 79.154911, 20\
13/10/29-11:47:1\
6        \">\x0a   <\
rdf:RDF xmlns:rd\
f=\"http://www.w3\
.org/1999/02/22-\
rdf-syntax-ns#\">\
\x0a      <rdf:Desc\
ription rdf:abou\
t=\"\"\x0a           \
 xmlns:xmp=\"http\
://ns.adobe.com/\
xap/1.0/\"\x0a      \
      xmlns:dc=\"\
http://purl.org/\
dc/elements/1.1/\
\"\x0a            xm\
lns:photoshop=\"h\
ttp://ns.adobe.c\
om/photoshop/1.0\
/\"\x0a            x\
mlns:xmpMM=\"http\
://ns.adobe.com/\
xap/1.0/mm/\"\x0a   \
         xmlns:s\
tEvt=\"http://ns.\
adobe.com/xap/1.\
0/sType/Resource\
Event#\"\x0a        \
    xmlns:tiff=\"\
http://ns.adobe.\
com/tiff/1.0/\"\x0a \
           xmlns\
:exif=\"http://ns\
.adobe.com/exif/\
1.0/\">\x0a         \
<xmp:CreatorTool\
>Adobe Photoshop\
 CC (Macintosh)<\
/xmp:CreatorTool\
>\x0a         <xmp:\
CreateDate>2014-\
02-28T14:32:23-0\
8:00</xmp:Create\
Date>\x0a         <\
xmp:ModifyDate>2\
014-04-22T09:49:\
29-07:00</xmp:Mo\
difyDate>\x0a      \
   <xmp:Metadata\
Date>2014-04-22T\
09:49:29-07:00</\
xmp:MetadataDate\
>\x0a         <dc:f\
ormat>image/png<\
/dc:format>\x0a    \
     <photoshop:\
ColorMode>3</pho\
toshop:ColorMode\
>\x0a         <xmpM\
M:InstanceID>xmp\
.iid:b8b2c0d9-9b\
69-4577-90ac-fb2\
571792b87</xmpMM\
:InstanceID>\x0a   \
      <xmpMM:Doc\
umentID>xmp.did:\
942c3710-0ea3-49\
42-8335-8d901058\
8a57</xmpMM:Docu\
mentID>\x0a        \
 <xmpMM:Original\
DocumentID>xmp.d\
id:942c3710-0ea3\
-4942-8335-8d901\
0588a57</xmpMM:O\
riginalDocumentI\
D>\x0a         <xmp\
MM:History>\x0a    \
        <rdf:Seq\
>\x0a              \
 <rdf:li rdf:par\
seType=\"Resource\
\">\x0a             \
     <stEvt:acti\
on>created</stEv\
t:action>\x0a      \
            <stE\
vt:instanceID>xm\
p.iid:942c3710-0\
ea3-4942-8335-8d\
9010588a57</stEv\
t:instanceID>\x0a  \
                \
<stEvt:when>2014\
-02-28T14:32:23-\
08:00</stEvt:whe\
n>\x0a             \
     <stEvt:soft\
wareAgent>Adobe \
Photoshop CC (Ma\
cintosh)</stEvt:\
softwareAgent>\x0a \
              </\
rdf:li>\x0a        \
       <rdf:li r\
df:parseType=\"Re\
source\">\x0a       \
           <stEv\
t:action>saved</\
stEvt:action>\x0a  \
                \
<stEvt:instanceI\
D>xmp.iid:4de174\
d7-aefd-42f2-8b1\
0-3c1cbf281c17</\
stEvt:instanceID\
>\x0a              \
    <stEvt:when>\
2014-02-28T14:38\
:15-08:00</stEvt\
:when>\x0a         \
         <stEvt:\
softwareAgent>Ad\
obe Photoshop CC\
 (Macintosh)</st\
Evt:softwareAgen\
t>\x0a             \
     <stEvt:chan\
ged>/</stEvt:cha\
nged>\x0a          \
     </rdf:li>\x0a \
              <r\
df:li rdf:parseT\
ype=\"Resource\">\x0a\
                \
  <stEvt:action>\
saved</stEvt:act\
ion>\x0a           \
       <stEvt:in\
stanceID>xmp.iid\
:b8b2c0d9-9b69-4\
577-90ac-fb25717\
92b87</stEvt:ins\
tanceID>\x0a       \
           <stEv\
t:when>2014-04-2\
2T09:49:29-07:00\
</stEvt:when>\x0a  \
                \
<stEvt:softwareA\
gent>Adobe Photo\
shop CC (Macinto\
sh)</stEvt:softw\
areAgent>\x0a      \
            <stE\
vt:changed>/</st\
Evt:changed>\x0a   \
            </rd\
f:li>\x0a          \
  </rdf:Seq>\x0a   \
      </xmpMM:Hi\
story>\x0a         \
<tiff:Orientatio\
n>1</tiff:Orient\
ation>\x0a         \
<tiff:XResolutio\
n>720000/10000</\
tiff:XResolution\
>\x0a         <tiff\
:YResolution>720\
000/10000</tiff:\
YResolution>\x0a   \
      <tiff:Reso\
lutionUnit>2</ti\
ff:ResolutionUni\
t>\x0a         <exi\
f:ColorSpace>655\
35</exif:ColorSp\
ace>\x0a         <e\
xif:PixelXDimens\
ion>9</exif:Pixe\
lXDimension>\x0a   \
      <exif:Pixe\
lYDimension>9</e\
xif:PixelYDimens\
ion>\x0a      </rdf\
:Description>\x0a  \
 </rdf:RDF>\x0a</x:\
xmpmeta>\x0a       \
                \
                \
                \
                \
                \
             \x0a  \
                \
                \
                \
                \
                \
                \
  \x0a             \
                \
                \
                \
                \
                \
       \x0a        \
                \
                \
                \
                \
                \
            \x0a   \
                \
                \
                \
                \
                \
                \
 \x0a              \
                \
                \
                \
                \
                \
      \x0a         \
                \
                \
                \
                \
                \
           \x0a    \
                \
                \
                \
                \
                \
                \
\x0a               \
                \
                \
                \
                \
                \
     \x0a          \
                \
                \
                \
                \
                \
          \x0a     \
                \
                \
                \
                \
                \
               \x0a\
                \
                \
                \
                \
                \
                \
    \x0a           \
                \
                \
                \
                \
                \
         \x0a      \
                \
                \
                \
                \
                \
              \x0a \
                \
                \
                \
                \
                \
                \
   \x0a            \
                \
                \
                \
                \
                \
        \x0a       \
                \
                \
                \
                \
                \
             \x0a  \
                \
                \
                \
                \
                \
                \
  \x0a             \
                \
                \
                \
                \
                \
       \x0a        \
                \
                \
                \
                \
                \
            \x0a   \
                \
                \
                \
                \
                \
                \
 \x0a              \
                \
                \
                \
                \
                \
      \x0a         \
                \
                \
                \
                \
                \
           \x0a    \
                \
                \
                \
                \
                \
                \
\x0a               \
                \
                \
                \
                \
                \
     \x0a          \
                \
                \
                \
                \
                \
          \x0a     \
                \
                \
                \
                \
                \
               \x0a\
                \
                \
                \
                \
                \
                \
    \x0a           \
                \
                \
                \
                \
                \
         \x0a      \
                \
                \
                \
                \
                \
              \x0a \
                \
                \
                \
                \
                \
                \
   \x0a            \
                \
                \
                \
                \
                \
        \x0a       \
                \
                \
                \
                \
                \
             \x0a  \
                \
                \
                \
                \
                \
                \
  \x0a             \
                \
                \
                \
                \
                \
       \x0a        \
                \
                \
                \
                \
                \
            \x0a   \
                \
                \
                \
                \
                \
                \
 \x0a              \
                \
                \
                \
                \
                \
      \x0a         \
                \
                \
                \
                \
                \
           \x0a    \
                \
                \
                \
                \
                \
                \
\x0a               \
                \
                \
                \
                \
                \
     \x0a          \
                \
                \
                \
                \
                \
          \x0a     \
                \
                \
                \
                \
                \
               \x0a\
                \
                \
                \
                \
                \
                \
    \x0a           \
                \
                \
                \
                \
                \
         \x0a      \
                \
                \
                \
                \
                \
              \x0a \
                \
                \
                \
                \
                \
                \
   \x0a            \
                \
                \
                \
                \
                \
        \x0a       \
                \
                \
                \
                \
                \
             \x0a  \
                \
                \
                \
                \
                \
                \
  \x0a             \
                \
                \
                \
                \
                \
       \x0a        \
                \
                \
                \
                \
                \
            \x0a   \
                \
                \
                \
                \
                \
                \
 \x0a              \
                \
                \
                \
                \
                \
      \x0a         \
                \
                \
                \
                \
                \
           \x0a    \
                \
                \
                \
                \
                \
                \
\x0a               \
                \
                \
                \
                \
                \
     \x0a          \
                \
                \
                \
                \
                \
          \x0a     \
                \
                \
                \
                \
                \
               \x0a\
                \
                \
                \
                \
                \
                \
    \x0a           \
                \
                \
                \
                \
                \
         \x0a      \
                \
                \
                \
                \
                \
              \x0a \
                \
                \
                \
                \
                \
                \
   \x0a            \
                \
                \
                \
                \
                \
        \x0a       \
                \
                \
                \
                \
                \
             \x0a  \
                \
                \
                \
                \
                \
                \
  \x0a             \
                \
                \
                \
                \
                \
       \x0a        \
                \
                \
                \
                \
                \
            \x0a   \
                \
                \
                \
                \
                \
                \
 \x0a              \
                \
                \
                \
                \
                \
      \x0a         \
                \
                \
                \
                \
                \
           \x0a    \
                \
                \
                \
                \
                \
                \
\x0a               \
                \
                \
                \
                \
                \
     \x0a          \
                \
                \
                \
                \
                \
          \x0a     \
                \
                \
                \
                \
                \
               \x0a\
                \
                \
                \
                \
                \
                \
    \x0a           \
                \
                \
                \
                \
                \
         \x0a      \
                \
                \
                \
                \
                \
              \x0a \
                \
                \
                \
                \
                \
                \
   \x0a            \
                \
                \
                \
                \
                \
        \x0a       \
                \
                \
                \
                \
                \
             \x0a  \
                \
                \
                \
                \
                \
                \
  \x0a             \
                \
                \
                \
                \
                \
       \x0a        \
                \
                \
                \
                \
                \
            \x0a   \
                \
                \
                \
                \
                \
                \
 \x0a              \
                \
                \
                \
                \
                \
      \x0a         \
                \
                \
                \
                \
                \
           \x0a    \
                \
                \
                \
                \
                \
                \
\x0a               \
                \
                \
                \
                \
                \
     \x0a          \
                \
                \
                \
                \
                \
          \x0a     \
                \
                \
                \
                \
                \
               \x0a\
                \
                \
                \
                \
                \
                \
    \x0a           \
                \
                \
                \
                \
                \
         \x0a      \
                \
                \
                \
                \
                \
              \x0a \
                \
                \
                \
                \
                \
                \
   \x0a            \
                \
                \
                \
                \
                \
        \x0a       \
                \
                \
                \
                \
                \
             \x0a  \
                \
                \
                \
                \
                \
                \
  \x0a             \
                \
                \
                \
                \
                \
       \x0a        \
                \
                \
                \
                \
                \
            \x0a   \
                \
                \
                \
                \
                \
                \
 \x0a              \
                \
                \
                \
                \
                \
      \x0a         \
                \
                \
                \
                \
                \
           \x0a    \
                \
                \
                \
                \
                \
                \
\x0a               \
                \
                \
                \
                \
                \
     \x0a          \
                \
                \
                \
                \
                \
          \x0a     \
                \
                \
                \
                \
                \
               \x0a\
                \
                \
                \
                \
                \
                \
    \x0a           \
                \
                \
                \
                \
                \
         \x0a      \
                \
                \
                \
                \
                \
              \x0a \
                \
                \
                \
                \
                \
                \
   \x0a            \
                \
                \
                \
                \
                \
        \x0a       \
                \
                \
                \
                \
                \
             \x0a  \
                \
                \
                \
                \
                \
                \
  \x0a             \
                \
                \
                \
                \
                \
       \x0a        \
                \
                \
                \
                \
                \
            \x0a   \
                \
                \
                \
                \
                \
                \
 \x0a              \
                \
                \
                \
                \
                \
      \x0a         \
                \
                \
                \
                \
                \
           \x0a    \
                \
        \x0a<?xpack\
et end=\"w\"?>()\x98\x9f\
\x00\x00\x00 cHRM\x00\x00z%\x00\x00\x80\x83\
\x00\x00\xf9\xff\x00\x00\x80\xe9\x00\x00u0\x00\x00\xea`\
\x00\x00:\x98\x00\x00\x17o\x92_\xc5F\x00\x00\x00W\
IDATx\xda\x84\xcaA\x11\x800\x0cD\xd1?\
(\xc0C\x04\x80\x04$!\xa5\x92\x90@\x05\xac\x07\x1c\
\xa4\xa7\xce\x94\x10`\x8f\x7f\x1f\xee\x8e\xbb#\xa9H\x9a\
\x19\xd6\xbfih+pD\x08\xdc\x10\xc0\x92\xc1\x88R\
\x98\xa1\x0e\xcb\x1f\xaa\xc0\xfe\x85*\xb0\x99\xd9\xf5\x86\x1e\
 \xa23\x03\x00m\x00\x9a\xcd%\xd3\x1d\xf6\xd49\x00\
\x00\x00\x00IEND\xaeB`\x82\x00\x00\xaf\x13\x89\
PNG\x0d\x0a\x1a\x0a\x00\x00\x00\x0dIHDR\x00\
\x00\x02\x00\x00\x00\x02\x00\x08\x06\x00\x00\x00\xf4x\xd4\xfa\
\x00\x00\x00\x09pHYs\x00\x00\x0b\x13\x00\x00\x0b\x13\
\x01\x00\x9a\x9c\x18\x00\x00;\xb0iTXtXML\
:com.adobe.xmp\x00\x00\
\x00\x00\x00<?xpacket beg\
in=\"\xef\xbb\xbf\" id=\"W5M\
0MpCehiHzreSzNTc\
zkc9d\"?>\x0a<x:xmpm\
eta xmlns:x=\"ado\
be:ns:meta/\" x:x\
mptk=\"Adobe XMP \
Core 5.5-c021 79\
.155772, 2014/01\
/13-19:44:00    \
    \">\x0a   <rdf:R\
DF xmlns:rdf=\"ht\
tp://www.w3.org/\
1999/02/22-rdf-s\
yntax-ns#\">\x0a    \
  <rdf:Descripti\
on rdf:about=\"\"\x0a\
            xmln\
s:xmp=\"http://ns\
.adobe.com/xap/1\
.0/\"\x0a           \
 xmlns:dc=\"http:\
//purl.org/dc/el\
ements/1.1/\"\x0a   \
         xmlns:p\
hotoshop=\"http:/\
/ns.adobe.com/ph\
otoshop/1.0/\"\x0a  \
          xmlns:\
xmpMM=\"http://ns\
.adobe.com/xap/1\
.0/mm/\"\x0a        \
    xmlns:stEvt=\
\"http://ns.adobe\
.com/xap/1.0/sTy\
pe/ResourceEvent\
#\"\x0a            x\
mlns:tiff=\"http:\
//ns.adobe.com/t\
iff/1.0/\"\x0a      \
      xmlns:exif\
=\"http://ns.adob\
e.com/exif/1.0/\"\
>\x0a         <xmp:\
CreatorTool>Adob\
e Photoshop CC 2\
014 (Macintosh)<\
/xmp:CreatorTool\
>\x0a         <xmp:\
CreateDate>2014-\
08-01T08:29:23-0\
7:00</xmp:Create\
Date>\x0a         <\
xmp:ModifyDate>2\
014-08-04T18:02:\
20-07:00</xmp:Mo\
difyDate>\x0a      \
   <xmp:Metadata\
Date>2014-08-04T\
18:02:20-07:00</\
xmp:MetadataDate\
>\x0a         <dc:f\
ormat>image/png<\
/dc:format>\x0a    \
     <photoshop:\
ColorMode>3</pho\
toshop:ColorMode\
>\x0a         <xmpM\
M:InstanceID>xmp\
.iid:74744cd1-5b\
95-4a45-960a-dfc\
5f36615a5</xmpMM\
:InstanceID>\x0a   \
      <xmpMM:Doc\
umentID>adobe:do\
cid:photoshop:46\
592cf4-5cc9-1177\
-b563-ace39f6fa3\
85</xmpMM:Docume\
ntID>\x0a         <\
xmpMM:OriginalDo\
cumentID>xmp.did\
:517934c0-1e33-4\
3e5-8235-f0c8c1e\
02eec</xmpMM:Ori\
ginalDocumentID>\
\x0a         <xmpMM\
:History>\x0a      \
      <rdf:Seq>\x0a\
               <\
rdf:li rdf:parse\
Type=\"Resource\">\
\x0a               \
   <stEvt:action\
>created</stEvt:\
action>\x0a        \
          <stEvt\
:instanceID>xmp.\
iid:517934c0-1e3\
3-43e5-8235-f0c8\
c1e02eec</stEvt:\
instanceID>\x0a    \
              <s\
tEvt:when>2014-0\
8-01T08:29:23-07\
:00</stEvt:when>\
\x0a               \
   <stEvt:softwa\
reAgent>Adobe Ph\
otoshop CC 2014 \
(Macintosh)</stE\
vt:softwareAgent\
>\x0a              \
 </rdf:li>\x0a     \
          <rdf:l\
i rdf:parseType=\
\"Resource\">\x0a    \
              <s\
tEvt:action>save\
d</stEvt:action>\
\x0a               \
   <stEvt:instan\
ceID>xmp.iid:1c2\
d0468-e5cf-4c13-\
bfa3-844caf72297\
2</stEvt:instanc\
eID>\x0a           \
       <stEvt:wh\
en>2014-08-04T17\
:53:01-07:00</st\
Evt:when>\x0a      \
            <stE\
vt:softwareAgent\
>Adobe Photoshop\
 CC 2014 (Macint\
osh)</stEvt:soft\
wareAgent>\x0a     \
             <st\
Evt:changed>/</s\
tEvt:changed>\x0a  \
             </r\
df:li>\x0a         \
      <rdf:li rd\
f:parseType=\"Res\
ource\">\x0a        \
          <stEvt\
:action>saved</s\
tEvt:action>\x0a   \
               <\
stEvt:instanceID\
>xmp.iid:74744cd\
1-5b95-4a45-960a\
-dfc5f36615a5</s\
tEvt:instanceID>\
\x0a               \
   <stEvt:when>2\
014-08-04T18:02:\
20-07:00</stEvt:\
when>\x0a          \
        <stEvt:s\
oftwareAgent>Ado\
be Photoshop CC \
2014 (Macintosh)\
</stEvt:software\
Agent>\x0a         \
         <stEvt:\
changed>/</stEvt\
:changed>\x0a      \
         </rdf:l\
i>\x0a            <\
/rdf:Seq>\x0a      \
   </xmpMM:Histo\
ry>\x0a         <ti\
ff:Orientation>1\
</tiff:Orientati\
on>\x0a         <ti\
ff:XResolution>7\
20000/10000</tif\
f:XResolution>\x0a \
        <tiff:YR\
esolution>720000\
/10000</tiff:YRe\
solution>\x0a      \
   <tiff:Resolut\
ionUnit>2</tiff:\
ResolutionUnit>\x0a\
         <exif:C\
olorSpace>65535<\
/exif:ColorSpace\
>\x0a         <exif\
:PixelXDimension\
>512</exif:Pixel\
XDimension>\x0a    \
     <exif:Pixel\
YDimension>512</\
exif:PixelYDimen\
sion>\x0a      </rd\
f:Description>\x0a \
  </rdf:RDF>\x0a</x\
:xmpmeta>\x0a      \
                \
                \
                \
                \
                \
              \x0a \
                \
                \
                \
                \
                \
                \
   \x0a            \
                \
                \
                \
                \
                \
        \x0a       \
                \
                \
                \
                \
                \
             \x0a  \
                \
                \
                \
                \
                \
                \
  \x0a             \
                \
                \
                \
                \
                \
       \x0a        \
                \
                \
                \
                \
                \
            \x0a   \
                \
                \
                \
                \
                \
                \
 \x0a              \
                \
                \
                \
                \
                \
      \x0a         \
                \
                \
                \
                \
                \
           \x0a    \
                \
                \
                \
                \
                \
                \
\x0a               \
                \
                \
                \
                \
                \
     \x0a          \
                \
                \
                \
                \
                \
          \x0a     \
                \
                \
                \
                \
                \
               \x0a\
                \
                \
                \
                \
                \
                \
    \x0a           \
                \
                \
                \
                \
                \
         \x0a      \
                \
                \
                \
                \
                \
              \x0a \
                \
                \
                \
                \
                \
                \
   \x0a            \
                \
                \
                \
                \
                \
        \x0a       \
                \
                \
                \
                \
                \
             \x0a  \
                \
                \
                \
                \
                \
                \
  \x0a             \
                \
                \
                \
                \
                \
       \x0a        \
                \
                \
                \
                \
                \
            \x0a   \
                \
                \
                \
                \
                \
                \
 \x0a              \
                \
                \
                \
                \
                \
      \x0a         \
                \
                \
                \
                \
                \
           \x0a    \
                \
                \
                \
                \
                \
                \
\x0a               \
                \
                \
                \
                \
                \
     \x0a          \
                \
                \
                \
                \
                \
          \x0a     \
                \
                \
                \
                \
                \
               \x0a\
                \
                \
                \
                \
                \
                \
    \x0a           \
                \
                \
                \
                \
                \
         \x0a      \
                \
                \
                \
                \
                \
              \x0a \
                \
                \
                \
                \
                \
                \
   \x0a            \
                \
                \
                \
                \
                \
        \x0a       \
                \
                \
                \
                \
                \
             \x0a  \
                \
                \
                \
                \
                \
                \
  \x0a             \
                \
                \
                \
                \
                \
       \x0a        \
                \
                \
                \
                \
                \
            \x0a   \
                \
                \
                \
                \
                \
                \
 \x0a              \
                \
                \
                \
                \
                \
      \x0a         \
                \
                \
                \
                \
                \
           \x0a    \
                \
                \
                \
                \
                \
                \
\x0a               \
                \
                \
                \
                \
                \
     \x0a          \
                \
                \
                \
                \
                \
          \x0a     \
                \
                \
                \
                \
                \
               \x0a\
                \
                \
                \
                \
                \
                \
    \x0a           \
                \
                \
                \
                \
                \
         \x0a      \
                \
                \
                \
                \
                \
              \x0a \
                \
                \
                \
                \
                \
                \
   \x0a            \
                \
                \
                \
                \
                \
        \x0a       \
                \
                \
                \
                \
                \
             \x0a  \
                \
                \
                \
                \
                \
                \
  \x0a             \
                \
                \
                \
                \
                \
       \x0a        \
                \
                \
                \
                \
                \
            \x0a   \
                \
                \
                \
                \
                \
                \
 \x0a              \
                \
                \
                \
                \
                \
      \x0a         \
                \
                \
                \
                \
                \
           \x0a    \
                \
                \
                \
                \
                \
                \
\x0a               \
                \
                \
                \
                \
                \
     \x0a          \
                \
                \
                \
                \
                \
          \x0a     \
                \
                \
                \
                \
                \
               \x0a\
                \
                \
                \
                \
                \
                \
    \x0a           \
                \
                \
                \
                \
                \
         \x0a      \
                \
                \
                \
                \
                \
              \x0a \
                \
                \
                \
                \
                \
                \
   \x0a            \
                \
                \
                \
                \
                \
        \x0a       \
                \
                \
                \
                \
                \
             \x0a  \
                \
                \
                \
                \
                \
                \
  \x0a             \
                \
                \
                \
                \
                \
       \x0a        \
                \
                \
                \
                \
                \
            \x0a   \
                \
                \
                \
                \
                \
                \
 \x0a              \
                \
                \
                \
                \
                \
      \x0a         \
                \
                \
                \
                \
                \
           \x0a    \
                \
                \
                \
                \
                \
                \
\x0a               \
                \
                \
                \
                \
                \
     \x0a          \
                \
                \
                \
                \
                \
          \x0a     \
                \
                \
                \
                \
                \
               \x0a\
                \
                \
                \
                \
                \
                \
    \x0a           \
                \
                \
                \
                \
                \
         \x0a      \
                \
                \
                \
                \
                \
              \x0a \
                \
                \
                \
                \
                \
                \
   \x0a            \
                \
                \
                \
                \
                \
        \x0a       \
                \
                \
                \
                \
                \
             \x0a  \
                \
                \
                \
                \
                \
                \
  \x0a             \
                \
                \
                \
                \
                \
       \x0a        \
                \
                \
                \
                \
                \
            \x0a   \
                \
                \
                \
                \
                \
                \
 \x0a              \
                \
                \
                \
                \
                \
      \x0a         \
                \
                \
                \
                \
                \
           \x0a    \
                \
                \
                \
                \
                \
                \
\x0a               \
                \
                \
                \
                \
                \
     \x0a          \
                \
                \
                \
                \
                \
          \x0a     \
                \
                \
                \
                \
                \
               \x0a\
                \
                \
                \
                \
                \
                \
    \x0a           \
                \
                \
                \
                \
                \
         \x0a      \
                \
                \
                \
                \
                \
              \x0a \
                \
                \
                \
                \
                \
                \
   \x0a            \
                \
                \
                \
                \
                \
        \x0a       \
                \
                \
                \
                \
                \
             \x0a  \
                \
                \
                \
                \
                \
                \
  \x0a             \
                \
                \
                \
                \
                \
       \x0a        \
                \
                \
                \
                \
                \
            \x0a   \
                \
                \
                \
                \
                \
                \
 \x0a              \
                \
                \
                \
                \
                \
      \x0a         \
                \
                \
                \
                \
                \
           \x0a    \
                \
                \
                \
                \
                \
                \
\x0a               \
                \
                \
                \
                \
                \
     \x0a          \
                \
                \
                \
                \
                \
          \x0a     \
                \
                \
                \
                \
                \
               \x0a\
                \
                \
                \
                \
                \
                \
    \x0a           \
                \
                \
                \
                \
                \
         \x0a      \
                \
                \
                \
                \
                \
              \x0a \
                \
                \
                \
                \
                \
                \
   \x0a            \
                \
                \
                \
                \
                \
        \x0a       \
                \
                \
                \
                \
                \
             \x0a  \
                \
                \
                \
                \
                \
                \
  \x0a             \
                \
                \
                \
                \
                \
       \x0a        \
                \
                \
                \
                \
                \
            \x0a   \
                \
         \x0a<?xpac\
ket end=\"w\"?>\x86\xd3a\
\xb7\x00\x00\x00 cHRM\x00\x00z%\x00\x00\x80\
\x83\x00\x00\xf9\xff\x00\x00\x80\xe9\x00\x00u0\x00\x00\xea\
`\x00\x00:\x98\x00\x00\x17o\x92_\xc5F\x00\x00r\
\xddIDATx\xda\xec\xbd\xd9v\xe4Hv\xa5}\
l\x04\xe0d\x0cYU\xa9\xca*i\xa9\xbb/Z\xef\
\xffD\x7f\xab[\xadR\xa9\xd4\x95C\x90t\x006\x9d\
\xff\xc2\xcd\x9cF\x0f'\x09\x9f\xe0\x03\xf7\xb7\x16\x17#\
\x99\x11\xa4\xd3\x1c\x80m;\xdbl\x1f\xc1\xcc\xffB\x00\
\x00\x00\x00\xf8P\xe8\xfcy\x89\xa1\x00\x00\x00\x00>\x0c\
\x0b]\xfdG\x8f\xf1\x00\x00\x00\x00n\x9e\xae\xae\x00\x10\
*\x01\x00\x00\x00\xc0\xed\xaf\xfc\xcb\x1f\xf4\x96\xff\x89J\
\x00\x00\x00\x00p\xa3+\xff\x82\xc4x\x00\x00\x00\x00\x1f\
\x0f\x08\x00\x00\x00\x00\x00\x02\x00\x00\x00\x00\x00\x10\x00\x00\
\x00\x00\x00\x80\x00\x00\x00\x00\x00\x00\x04\x00\x00\x00\x00\x00\
 \x00\x00\x00\x00\x00\x00\x01\x00\x00\x00\x00\x00\x08\x00\x00\
\x00\x00\x00@\x00\x00\x00\x00\x00\x00\x02\x00\x00\x00\x00\x00\
\x10\x00\x00\x00\x00\x00\x80\x00\x00\x00\x00\x00\x00\x04\x00\x00\
\x00\x00\x00 \x00\x00\x00\x00\x00\x00\x01\x00\x00\x00\x00\x00\
\x08\x00\x00\x00\x00\x00@\x00\x00\x00\x00\x00\x00\x02\x00\x00\
\x00\x00\x80\x00\x00\x00\x00\x00\x00\x04\x00\x00\x00\x00\x00 \
\x00\x00\x00\x00\x00\x00\x01\x00\x00\x00\x00\x00\x08\x00\x00\x00\
\x00\x00@\x00\x00\x00\x00\x00\x00\x02\x00\x00\x00\x00\x00\x10\
\x00\x00\x00\x00\x00\x80\x00\x00\x00\x00\x00\x00\x04\x00\x00\x00\
\x00\x00 \x00\x00\x00\x00\x00\x00\x01\x00\x00\x00\x00\x00\x08\
\x00\x00\x00\x00\x00@\x00\x00\x00\x00\x00\x00\x02\x00\x00\x00\
\x00\x00\x10\x00\x00\x00\x00\x00\x80\x00\x00\x00\x00\x00 \x00\
\x00\x00\x00\x00\x00\x01\x00\x00\x00\x00\x00\x08\x00\x00\x00\x00\
\x00@\x00\x00\x00\x00\x00\x00\x02\x00\x00\x00\x00\x00\x10\x00\
\x00\x00\x00\x00\x80\x00\x00\x00\x00\x00\x00\x04\x00\x00\x00\x00\
\x00 \x00\x00\x00\x00\x00\x00\x01\x00\x00\x00\x00\x00\x08\x00\
\x00\x00\x00\x00@\x00\x00\x00\x00\x00\x00\x02\x00\x00\x00\x00\
\x00\x10\x00\x00\x00\x00\x00\x80\x00\x00\x00\x00\x00\x00\x04\x00\
\x00\x00\x00\x00 \x00\x00\x00\x00\x00\x08\x00\x00\x00\x00\x00\
@\x00\x00\x00\x00\x00\x00\x02\x00\x00\x00\x00\x00\x10\x00\x00\
\x00\x00\x00\x80\x00\x00\x00\x00\x00\x00\x04\x00\x00\x00\x00\x00\
 \x00\x00\x00\x00\x00\x00\x01\x00\x00\x00\x00\x00\x08\x00\x00\
\x00\x00\x00@\x00\x00\x00\x00\x00\x00\x02\x00\x00\x00\x00\x00\
\x10\x00\x00\x00\x00\x00\x80\x00\x00\x00\x00\x00\x00\x04\x00\x00\
\x00\x00\x00 \x00\x00\x00\x00\x00\x00\x01\x00\x00\x00\x00\x00\
\x08\x00\x00\x00\x00\x00\x02\x00\x00\x00\x00\x00\x1f\x0d\x8d!\
\x00[\xf8g\"RD\xf4DD=\x119\"\xf2D\
\x9404\x00\x00\x00\x01\x00n\x13CDm\x16\x00-\
\x11\x09\"\x0aD4\x10\xd1\x98?\x97?\x03\x00\x00\x80\
\x00\x007B\x97'\xfdDD\x9c\xbf&\x88\xe8\x8e\x88\
>\xe5\xaf\xfb\xfc1\xe6\x0aA\x9f\xff\x9b1|\x00\x00\
\x00\x01\x00\xaeW\x00H\"\x8a\xd5\xd78\xffw\xccb\
@\x13\x91%\xa2\x05\x11}\xa9D\xc1\x92`\x19\x00\x00\
\x00\x04\x00\xb8JJ\xd9\xff58\x7f\xa4\xaa: \xf3\
\xbf+\xd5\x83b\x19\xd4\xb6\x01,\x03\x00\x00\x80\x00\x00\
\x17JC\xab=\x00\xbb\xac\xdcy\xe3s\x11\x05\xb0\x0c\
\x00\x00\x00\x02\x00\\\xd1\xea\x7fW\x01\xf0\x9a(\x80e\
\x00\x00\x00\x10\x00\xe0\x8a*\x00\x8a^\xfa\xff\x87\xb2\x8f\
ePl\x03\x00\x00\x00\x10\x00\xe0\xc4\x88,\x00\xe2\x89\
\x7f\xceT\xcb \xe4\xca@\x9f+\x05\xa8\x10\x00\x00\x00\
\x04\x008\x01&\xaf\xc8\xcf1\xc9\xbee\x19|\xca\xff\
?d!\xb0\xa4g\xcb \xe2m\x03\x00\x00\x08\x00p\
\x186_\x0f\xe1\xcc\xafc\x9be \xf2\xeb\xb3D\xf4\
\xbb\xfc\xffzzi\x17\xf4x\x0b\x01\x00\x00\x02\x00\xec\
\xce\x82v\xdf\x95\xcf\xf4\xf6\x91\xc1c\x09\x82\xfas\x11\
\x06\x1d\x11\xdd\xe7\xaf\x97S\x06\x8e^n,\xc4)\x03\
\x00\x00\x80\x00\x00\xc7\x10\x00\xcc,C\x08\xa4\x94\")\
e\xd90\x18\xab\xd5\xfa\\\xa4J\x0c(ZY\x18\xb0\
\x0c\x00\x00\x00\x02\x00\xec\x80\xa1Uy\xfd]\x01\xe0\xbd\
\xa7\xbf\xfd\xedo\xa3\x10\x82\xad\xb5\xba\xeb:i\xadU\
\xc6\x18%\x84Hg\x9adk1\xf0\x96e0\xd0\xf3\
\xc6B\x9c2\x00\x00@\x00\x80\x0fO7q\xf5.\x9d\
s\xd197\x12Q\x1c\x86\x81\x1e\x1f\x1f\xb5\xd6ZI\
)E\xdb\xb6\xdaZ[\x04\x01K)\xcb\x84\xcc4_\
9\x1e\x96\x01\x00\x00@\x00\x80\x1d\x04\x80|g\xf5\xce\
D$\xc7q\xf4\xcc\x9c\xb4\xd6\x8a\x88\x88\x99S\x08!\
239\xe7\xbcXA\xc6\x18\xd54\x8d\xb1\xd6*k\
-\x19c\xa4\x94\xb2\x88\x81\xd2h\xe8R,\x83D+\
\xcb\xa0\x1c9\x84e\x00\x00\x80\x00\x00\x1f\x82\xf7\xf2\xff\
\x89\x88\x043'\xef}\x14\xe2\xf9\xaf\x8a2\xe3\x17\x95\
\x90q\xce\xa5,\x16X)\xa5\xac\xb5Fk-\xdb\xb6\
\x95Y\x14\xe8l\x19\x9c\xe3\xd8\xe1\xa6e i\x95\x81\
\xd0\xd0v\xcb\xa0D\x18\xa3B\x00\x00\x80\x00\x007\x83\
\xa5i\xf1\xbf\xc2{\x9f\x9cs!\xaf\xe4\xb7\xff\xa5\x95\
\x16\x10\xf5\x9f\x999\x0d\xc30\xa4\x94\xf8\xe1\xe1Ai\
\xad\x95RJXkU\xdb\xb6\xda\x18\xa3\x8d1\xa4\x94\
J\xf4\xd22\xb8\x84S\x06TU\x04\xfcF\x95\x00\xc1\
D\x00\x00\x08\x00p\xb5tS\x05\x80s\x8eC\x08A\
)%w\xf9\x01\xa5J\x90\xf7\x04P\x8c1\x84\x10x\
\x1cG\xf1\xf4\xf4$\x85\x10\xa4\xb5\xd6m\xdb\x1ac\x8c\
l\x9aF\x1ac\x84\\\xfd\x83\x12\x12\xc4\xd5\x8a}\xee\
*A\xb1\x0c\x88\xbe\xb7\x0cJ\xa5\x00\x96\x01\x00\x00\x02\
\x00\\\x15S\xf3\xff9\x97\xff\x0f\x9e\x80s\x05A\x10\
=[\x06\xde{\xe7\x9cs\xd92\xd0\xc52h\x9aF\
eA \xa5\x94L\x97w\xca\xe0\x87\xfc\xff6[\x1f\
\xc32\x00\x00@\x00\x80\x8ber\xfe?3\xd30\x0c\
\xe1\x08\xf3\xfffu`\xbd\xaa\xaf,\x838\x0cCH\
)\xb1\x10B\xe9\x95gP[\x06\xcaZKR\xcaK\
\xb2\x0cZZ\xf53 \xdan\x19\x8c\x10\x04\x00\x00\x08\
\x00p)L\xce\xff\xf7\xdeK\xef\xfd,\xab\xef\x0d\xcb\
\x80c\x8c\x1e\x96\x01\x00\x00@\x00\x80\xe319\xff\xdf\
{\x1fSJ\xe7X\xc1\x8a*O\x80\x98913\xdd\
\x88eP\xdb\x06\x03*\x04\x00\x00\x08\x000\x17S\xf3\
\xff\xc50\x0c\x9e\x99\xf9\xad\x13\x00sU\x07\xaa?\x13\
\xbdc\x194M\xa3r8\x91\xac,\x03\xa2\xf9v\xf0\
\xc32\x00\x00@\x00\x80\x8b\xa3\x9b0\xc90\x11\xa9q\
\x1c#3'Z\x9d\x99\xbf(\xb6X\x06.\x84@\x1b\
\x96\x81j\x9aF\x1bcT\xdb\xb6\xb5e@U\x95`\
\xcep\xa2]-\x83@\xe7\xef\xd4\x08\x00\x80\x00\x007\
\x80\xa1\xd5\x06\xc0\xf7\x04\x80\xf0\xdes\x8c\x91\x8f\xbd\x01\
\xf0Tz\xa0\xaeRT\xa7\x0c\x92s\xaeT1\x94\xb5\
V\xe7`\"\xd54\x8d\xcc\xd9\x04eb\x9e{\xe5=\
\xc52p\xf4\xbdm\x80=\x04\x00\x00\x08\x00\xb03S\
\xd2\xff\x88\x88\xc48\x8e1\x84p\x94#\x80g\xa8\x0e\
\x94I\xb5\xfe3\x8f\xe3\xe8\x86aH\x8f\x8f\x8f2\xf7\
2\x90\xf9\x94\x81\xb2\xd6jc\x8c\xa8\x82\x89\x88\xceo\
\x19\xd8\xea=\x0b\xf4\xdc\xcb`\xa0\x95e0\x10\x82\x89\
\x00\x00\x10\x00`\xa2\x00\x98\x92\xff\xaf\xc7q\x0c)\xa5\
\xa8\xb5\x96\xb7\xf2\xcb\xe7*\x81\"\"\x8a9\x99\xc89\
'\x96\xcb\xa5\x10B\x88l\x19\x98\xdc\xd3@dAP\
[\x06\xe7<eP\x8eo\xb6\xb4J+,]\x18\x07\
z\xb6\x0d<\xc12\x00\x00@\x00\x80=+\x00[\xf3\
\xffo\x8d\x8d`\"\xca\xbf\xf3\x0b\xcb\xc0\xac\x90M\xd3\
\xc8\xa6i\x941F+\xa5\xceu\xca\xa0\xfe\xb9\xe5\xb5\
\x9b\xfc\xf19\x7f\xbd>]\x00\xcb\x00\x00\x00\x01\x00\xd6\
\xef\xfb\xa4\xf8\xdf\x10\x02{\xef\xd3\xb9w\xff\xcf\xc5k\
\x96\x81sn\x18\xc7\x91\x1f\x1f\x1f\xa5Rj[0\xd1\
\xa5X\x06\x85M\xcb\xc0\xd1\xb3eP6\x16\xc22\x00\
\x00\x02\x00|0\xba<A\xbc\xb7\xd9M:\xe7\xd8{\
\xef\x95R\xe2#\x0fXub\x80\x9898\xe78[\
\x06\x92\x88\xd6\xed\x8f/\xd82h\xf3\xfb^N\x19\xc0\
2\x00\x00\x02\x00|@\x9a\xfc\xde\xbb\xf7V\x97\xce\xb9\
\x9b.\xff\xefY%\x10E\x1013\xd3\xaaO\xc2\xe6\
)\x83\xcd`\xa2b\x19\x9c\xe3\x94\x01,\x03\x00\x00\x04\
\x00 \xca\xab\xc1I\xe5\xdfq\x1c\xb1*|[\x0c\xac\
W\xf5\x1b\xa7\x0c\x86a\x18\xbe\xb3\x0c\x9a\xa6\x91\xd6Z\
m\xad\x95\xb0\x0c\x00\x00\x10\x00`NJ\xfe\xff\xbb\xab\
;\xef\xbdt\xceyT\x00v\xe75\xcb\xe0\xe9\xe9I\
H)\x85\x94R\xb6m\xab\x8b\x18\xc8{\x08.%\x98\
\xe8-\xcb\xa0\x08\x82\x92\\\x08\x00\x80\x00\x00W\x82\xcd\
\"\xe0\xdd\x95\xbds.\xe6x]\x8c\xdaaU\x02Q\
\xef\xa1`\xe6\x14cL\x8f\x8f\x8f\xe5=\x10Y\x08h\
c\x8c\xccI\x852\xff\x9bK\xb5\x0c|U\x19(\x95\
\x02\x08\x02\x00 \x00\xc0\x05\xd3N\x9cPD\x8e\xffe\
\x01\x05ptA\x90?\xd7b\xcb\x8f\xe3\xe8\x98Yh\
\xad\x95\xd6Z\x96\xa4\xc2\"\x0c\xb4\xd6\xbc\xb1b\x9f\xa3\
J\xf0\x9ae\xa0\xb2\x18\xf8\x9a\xc5B\xb1\x0cFz\xde\
X\x88=\x04\x00@\x00\x80\x0bbJ\x03 &\"3\
\x8e\xe3x\xa9\xf9\xff\xb7\xc6F\x16At\xce\x85q\x1c\
i\xb9\\\xcab\x194Mc\xab\xe6F\xc52(\x9e\
\xfd\xdc\xa7\x0cJ\x95 \xd2\xcb`\xa2\xf2\xf5\x94\xc5\xc0\
\x92`\x19\x00\x00\x01\x00.\xe2\xfdn\xa6\xfcE\xef}\
\x0a!$,\xfe\xcfS!\xa8\xab.\xc52xzz\
\x0aOOOLD\xd2\x18c\xad\xb5\xb2jn\xa4\xb5\
\xd6\xe2L\x93\xecf \x92\xc8\xd7\x9a\xa6UR!\x11\
,\x03\x00 \x00\xc0YiiU\xba}\xf7\xfc\xbf\xf7\
>\xc6\x18\x13\xca\xff\x97!\x08\xf2\xe7\xf5\x0a?\x840\
8\xe7\x98\x88\x84R\xcah\xadK|\xb1\xceI\x85R\
k\x1d\xe9\xfbS\x06sl,d\x82e\x00\x00\x04\x00\
\xb8(:\x9a\x96\xffo\x86a\x18c\x8c^k\xad0\
l\x17)\x0ad\xee^\xb8>e\x90-\x03%\xa5$\
X\x06\x00\x00\x08\x00\xb0Y\x01x7\xff\x9f\x88\x92s\
\x0e\xab\xff+\xaa\x10T\xef\x1533oZ\x06\xd6Z\
k\x8c\x91%\x8b\xa0\xb2\x0c\x02\x9d\xf7\x94A\xb9\xe6\xde\
\xb3\x0czBR!\x00\x10\x00`\xef\xf7zj\xfe\x7f\
\xf2\xde\x87\x8f\x92\xff\x7f\x8b\x82 \x7f^\xaf\xf0\xbd\xf7\
\xc38\x8e\xb5e sR\xe1:\x98\xe8L\xa7\x0c\xca\
\xcf\xd8\xc728\xc7\x11I\x00 \x00\xc0\xd519\xff\
\x7f\x1cG\xf6\xde\xbb*\x98\x06\\\xbf(x\xcd2(\
\xa7\x0c\x84\xb5\xd64M\xb3\x0e&\xca\x15\x82b\x191\
\xcd\x1bL4\xc52\xf0\xf4l\x19\xb8\xfc\xdf\x10\x04\x00\
@\x00\x80\x0dv\xcd\xff\xc7\xea\xff\x86+\x04[N\x19\
\xd0r\xb9\x8c\xcb\xe5r\xf5`\xd0\xda\xe4\xca\x80(\xfb\
\x08\xb4\xd6\xb5\x18\x98\x93\xb7,\x83\x05=\xefk(\x96\
A\xe9e\xe0\xf0n\x03\x00\x01\x00\x90\xff\x0f\xde\x10\x04\
\xf9\xf3\xfak1F\xff\xf4\xf4\xe4\x1e\x1f\x1fI)\xa5\
+\xcb@gA\xa0\xb4\xd6\xf5\xf5tn\xcb@\xd0j\
\xff\xc0\xe7\xfcZJE\xa0X\x06K\xc2\x1e\x02\x00 \
\x00> \xc8\xff\x07;\x8b\x82\xaa\xe3a\xf4\xde\x07\xe7\
\x1c\xf5}/\xa5\x94B\x08!\x9a\xa6)U\x02\xd54\
\x8dPJ\xc9,&.\xc120\xb4\xaaz\xdd\xd1s\
\x9f\x03G\xb0\x0c\x00\x80\x00\xf8` \xff\x1f\x1c$\x06\
6-\x03f\xde\xb4\x0c\xac\xb5VU\xbd\x0c\x941F\
\xd2\xf9N\x190\xbdln\xa4\xb2\x08.\x96\x81\xa7\xef\
\xdb\x1f\xc32\x00\x10\x00\xe0\xe6@\xfe?8\xaa \xc8\
\x9f\xd7_\x8b1\xba\xe5r\xc9)%\xce\xa7\x0c\x94R\
J\xd4\x1d\x0f\x8d1\x97d\x19H\x82e\x00 \x00\xc0\
\x07\xa0#\xe4\xff\x83\x19\xaa\x04R\xca\x17\x96\xc10\x0c\
2{\x06\x04\xcb\x00\x00\x08\x000\xff{\xdcN\xf9\x8b\
!\x04\xe4\xff\x83\xa3\x89\x81\xf5L\xcb\x1ca\x19\x00\x00\
\x01\x00\xe6gr\xfe\xbfs\x0e\xf9\xff\xe0$\x82 \x7f\
^\x7f\xed\x1d\xcb@Yk\x851\xa6\x8e+\xe6\x19\xab\
\x04\xbbZ\x06\x03=\xc7\x17\xa3B\x00 \x00\xc0\xc5\xb0\
k\xfe\x7f\xc8\xe7\xbd\x018y\x95\xe0\x15\xcb@\x08!\
D\xb6\x0aL\x16\x04\xac\xb5\x96B\x88K\x09&z\xcd\
2()\x85c\xaef$\xbc\xdb\x00\x02\x00\x9c\xb3\x02\
0)\xff\xdf{\x1f\xb1\xf8\x07\xe7\x12\x03\xeb\x996\x9f\
2\xe8\xfb>\xf6}\xef\x88\x88\x94R\xbai\x1am\x8c\
QM\xd3\x88b\x1f\xd0\xf9\x82\x896-\x03\x99\xc5v\
\x11\xdc\x81\xbe\xb7\x0cF\xbc\xdb\x00\x02\x00\xcc\xf9\xfeN\
\xc9\xff\xa7\x10Br\xceE\xe4\xff\x83K\x10\x04\xf9\xf3\
\xfak)\xa5\xb0\\.}J\x89\xa4\x94\xca\x18\xa3\x94\
R\xb2i\x1a\xd9\xb6\xad6\xc6(\xad5\x09!\x12\x9d\
\xc72\xa8?\x97\xd7pGD\x9f\xe89\xb6\xd8UU\
\x82%\xa1\xdb!\x80\x00\x00'dr\xfe\xbfs\x0e\xf9\
\xff\xe0\xe2\xab\x04\xd92H\xde\xfbX\x82\x89\x94R\xc5\
2\xd0M\xd3\x98R%\xd0Z\x8bl\x19\x94\x12\xfd9\
-\x03\x9d\xefE\xa2\xe7^\x06\xb0\x0c\x00\x04\x008\x19\
S\xf3\xffi\x1cG\xe4\xff\x83\xab\x12\x03\xeb\x99\xf6\xa5\
e0\x12\x11\xe9\xd51\x03\xa3\xb5\x96m\xdb\xca\x0d\xcb\
`\xeeI\xf6\xadS\x06]\xfe\xefH\xcf\x96A\xb1\x0b\
`\x19\x00\x08\x00\xb07S\xf3\xff\xd99\x17\x8f\xfd\xc3\
\x11(\x04\xe6\x12\x04\xf9\xf3\xfak1\xc6\xb0\\.=\
3\xf3\xc3\xc3\x83V\xab\x86\x06\xeb^\x06\xf9\xd8!\x9f\
\xd12\xd8\xd6\xcb\x00\x96\x01\x80\x00\x00G\xc1d\x010\
)\xff\x7f\x1c\xc7S\xe4\xff\xcb\x18c$\".[\xbb\
\xf1\xb6\x80\xb9\xab\x04\xcc\x9cB\x08\xd1{\xbfy\xca\xc0\
\xd4\x1b\x0ba\x19\x00\x08\x00p+\xd8\xfc19\xff\xff\
\xd8\x0f\xe0\x1f~\xf8\xe1S\x08!\x8c\xe3\x18\xf3\x03\xd8\
\x13\x11\x97g3\x04\x01\x98[\x0c\x14APY\x06\xab\
\x07\xe1mX\x06\x8e\x90C\x00 \x00\x00\xad\xfc\xffI\
\xf9\xff\xce\xb9\xc0\xcc|\xac\x13\x00)%\xee\xba\xae\xf9\
\xfc\xf9\xb3 \"\xcb\xcc\x1cB\xe0q\x1c\x93s.y\
\xef\xe38\x8e>\xa5\x94\x98\x99\xca\x83n\xf3A\x0d\xc0\
\xa9\x04A\xfe\xbc\xfe\xda;\x96\x81\xd4ZKk-\x09\
!JU\x80g\x9cl\xa7Z\x06\x81\x9e\x8f\x1c.!\
\x08\x00\x04\xc0\xc7er\xfe\xff0\x0c\xc3\x91\xf3\xff\xd9\
Z\xab\xf3\x83)\x09!\x841\x86\xf2\x8aJ2\xb3\xf6\
\xde\xb7E\x0c\xf4}\xefC\x08)\xa5\xc41\xc6@\xb0\
\x0c\xc0\x19\xab\x04\xdb,\x03\"*\xc1Dk\xcb\xc0\x18\
S\xae\xd1\xb2Z\xbf\x04\xcb`\x91_K\xcc\x82\xa0X\
\x06C\xfe\xef\x88w\x1b@\x00\xdc6\x92\xa6u\x00\x14\
!\x84\x18B8j\xfb_f&c\x8c\xaaV*\xeb\
\xe2@YyYk\xc9Z+\x88H}\xfd\xfa\xd5z\
\xef\xd9{\x1f\x87a\x88\xce\xb9\x04\xcb\x00\\\x82\x18(\
\x82\x80\x88h\x18\x868\x0c\x83cf\xd2Z\xab\x0d\xcb\
@\x1act\xae\x10\xcc=\xc9\xbe\x16L\xd4\xe4\x8f\x1f\
\xf2\xff+\xd5\x81:\x9c\x08\x15\x02\x08\x00p\x83\xab\x7f\
5\xe5/\x1e;\xff\x9f\x99Ykm\x9b\xa6\x11\xf4\xbe\
w\xca\xf9\x81\xeb\xad\xb5\xc2Z+\xee\xee\xee\x1aX\x06\
\xe0\xd2\x04A\x11\xaek%\x9bR\xec\xfb>\xa4\x94\xe8\
\xe1\xe1A\xeaU3\x03\xd14\x8dj\x9a\xa6\xb4?>\
\xa7e@[~^K+\xdb\x80\xe9\xe5)\x03X\x06\
\x10\x00\xe0\xc6\x04\x80|\xe7f.\xe5\x7fw\xcc\xfc\x7f\
fNf\x05\xed\xf00\x11\xd5k\xf2\xb0\x0c\xc0\xb5T\
\x09r0\x11\x87\x10\xbc\xf7\x9e\x87a\x10\xa5\xfdqn\
}l\xb2u@Zk)\xa5<\xd7)\x03\xaa~.\
\xe5\x05\xc2\x1d=\xf72\x80e\x00\x01\x00n\x84\x96\x9e\
\xf3\xc8\xdf\x9at\xf9\xd8\xf9\xff\xccL\xd6\xdar\x9c*\
\xec\xf1\x80\xdb\xc72\x88!\x84\x04\xcb\x00\x9cQ\x0c\xac\
\xaf\xddr\xca`\x18\x06\x97-\x03\xd6Z\xeb,\x8c_\
\x9c28\x93e\xb0)\x06\xde\xb2\x0c\x8a\x18(\x95\x02\
T\x08 \x00\xc0\x05\xa3\xe8\xf9\xfc\xf0\x9b\x1c;\xff?\
\x07\xff\xe8\xa6i\xca\xf1\xa9cO\xc0\x93-\x03\xe7\x9c\
\x8f1\x16\xcb\x80+a\x00Q\x00N.\x08\x8ap-\
_J)\xc5a\x18\xc2r\xb9\xe4\x87\x87\x07\xa5W\xe5\
\x00\xd1\xb6\xedzc\xa11\x86\xa5\x94\xb0\x0c\x00\x04\x00\
8h\xf5?\xa5\x01P\xc9\xff\xf7J\xa9c\x09\x00R\
J)k\xad\xa4\xd3\x9e\x9d\x9eb\x19t\xde\xfb\xe4\xbd\
\x0f}\xdf\x87l\x19\xa4b\x19\xe4\xf2-\xfa\x1e\x809\
\xab\x04\xb5e\xe0\x98\x99\xc6q|a\x19T\xbd\x0c(\
W\x08.\xd12(\xd9\x08>\x8b\x01X\x06\x10\x00\xe0\
\x82\x04\x80\xa6\x09\xb1\xa19\xff\xffx\xcb\x08fVJ\
\x89|\x02\xe0\x14\x15\x80\xb7\xc4@y`\x15\xcb \xd5\
\x96A\x08\x81\x9cs![\x06\x9cO\x19\xb8\x12W\x0c\
\xcb\x00\xcc-\x06\xaa\xfb\xe6Z-\x836\x7flZ\x06\
\x8e\x9eO\x19 \xa9\x10\x02\x00\xcc\xc8\xd4\x00\xa0\xa3\xe7\
\xff\x0b!D\xd34Z\x081\xd7\xe4\xff\xee\xef\x98?\
{\xad5i\xad\xc5b\xb1h\x88\x88B\x08q\x1c\xc7\
\xb6:e\xe0`\x19\x80s\x09\x82\"\\\xcb\x97&X\
\x06\xd2\x18C\x17j\x19\x10\xbd\xb4\x0cFZY\x06\xd8\
C\x00\x01\x00N\x88\xa2\x89\x0d\x80B\x08\xca9\x17\x8e\
9\xbf\x09!d\xd34j\x07\xd5?WI\xb3\xfe\x19\
\x9e\x88Hk-\xb4\xd6\xf2\xee\xeeN\x13\x91\xf4\xde7\
\xd9\x12\x81e\x00.\xa6J\xf0\x96e\xa0\xb5V]\xd7\
\x19c\x8c\xb4\xd6\xcaj\xf3-\x9fi\xe5\xbdY%X\
\xd0s0Q\xa2\x95E0Tb \xd0\x84\xa8r\x00\
\x01\x00\xa6as\x05\xe0\xdd\x95\xbds\x8ec\x8cG{\
H\x94R\xba\xb5VM\xf8\xf9\xcc\xccJ\x08\xa1\xf2\x03\
`\xceU\xc1w\x96\x01\x11\x911&\x1ac`\x19\x80\
\x8b\x15\x03\xd5\xcd\x93\x98\x99\x9cs\xc99\xe7\xb3\xf5\xa6\
\xac\xb5k1\xd0\xb6m\xb1\x0c\x88\xcec\x19p5\xb9\
\x8b\xfcQ\xfa\x93|\xc9\xff\x7f[0\x11,\x03\x08\x00\
\xb0'\xdd\xd4gJ\xce\xff\xa7#\x9e\x00\xa0\xfc\x00\x9a\
\xf4\xf7\xbd\xf7\xf4\xdbo\xbf\x8d\xd6Z*%M\xa5T\
m\x1d\xa4\x99\xab\x04D;Z\x06)\xa5K\xb1:\xc0\
\x07\x13\x04\xf9s-jy\x18\x86a\xb9\\\xb2\x10B\
\x1act\xd9\x8f\xd3u]9epi\x96AC\xcf\
\xcd\x8d6-\x83\xa7\xfc\x19\x96\x01\x04\x00\xd8A\x00L\
\xcd\xff_2s\xa4\xe3\xe5\xffS\xd34:?`\xde\
\xbd\xee\xc6q\x0cOOO\x8f\xcb\xe5R*\xa5\x84\x94\
R\x95\xd0\x94\x9c\xa2&\x94R2?\x1c\xea*\xc1E\
X\x06\xce\xb9\xeeo\x7f\xfb\xdb\xa3\xf7~\x845\x00.\
\x01)\xe5\xfaR\x0c\xabd\"\x1e\x86A<==\x15\
\xcb@\xb7mk\xaa^\x06$\xa5T\x1b\xab\xf5\xb9\xee\
\xb1\"\xf2_\xb3\x0c~O\xb0\x0c \x00\xc0\xf4\xfb\x9f\
V\xfe\xff\xbb\xc4\x18S\x08\xe1\xe8'\x00r\xf9\xff\xbd\
o\xcaD$\xc6qLB\x08VJ13s\x8c1\
-\x97K_V0\xab\xee\xacV\x19c\x94\xb5V\x94\
\x15\x0dM8\xddpB1\xb0\xaeJ\x08!8%T\
+\xc1\xc5\x8a\x81Rv\xaf-\x03\xe7\x9cs\xd92X\
\xb7?n\x9aF\xb5m+\xb5\xd6*\x0b\x88sL\xb2\
S-\x83\xcd`\"\xdc\x84\x10\x00\x80\x9e\xf3\xff\xdfm\
\x00\xe4\x9cK1F>f\xfe\xbfRJ\xe7\xfc\xffw\
\x7f~\xde\\W\xfa\x0f\xac_F\x9d\xa6\x16B\x18\xbc\
\xf7\xcc\xccB)e\x94RRk\xad\x9a\xa6Q\xe5H\
\xd4\x99,\x03&\"\xdd\xf7}\x881z\xac\xfe\xc1\xa5\
\xf3\x8ae\x10\x87a\x08\xb9\xfd\xb1\xd4Z\x1b\xa5\x94\xb0\
\xd6\xaa\xb6mu\x11\xdeR\xcar\x8f\xc12\x80\x00\x00\
\x17L\x89\xff\x9d\x92\xff\xefc\x8c>\x97\xd8\x8f\"\x00\
r\x80\x09MP\xe4\"\xc7\xf8\xba\xb7\x04\x88\x10\xa2l\
`\"f\x0e\xde{v\xceQ\xdf\xf7JJI\xc52\
h\x9aF\xe5#QsZ\x06r\x1cG\x9f-\x14\x85\
K\x0f\\\xa3.\xa8\xf6\xffp\x8c\xd1\x85\x10h\x1c\xc7\
b\x19\x08\xad\xb5z\xc32\x884\xaf-W\x9e-\x9b\
\x96A\x09&\xaa-\x83\xa7\xfc9\x12,\x03\x08\x80\x0f\
T\x01\x90S.x\xef\xfdQw\x05\xa7\x94Xk-\
\xf3\xae\xfe\xf76\xc6\x09\xe7\\J)\xc5\xa9\xab\xe7\x8d\
]\xd0\x89\x99\xe9-\xcb\xa0i\x1aQ\xba\xb3\xd1\xf1O\
\x19\x88\x94R\xf4\xde'\x9c\x02\x007(\x06j\xcb \
\xbea\x19\x88\x9cM@t\xb9\x96A\xb1\x09\xeaS\x06\
H*\x84\x00\xb89\xa6\xe6\xff\x8b\x10B\x1a\x86!\xe4\
\x85\xfb\xc16\x003\xb3\x94R\xb5m[\xce\xff\xbf\xbb\
\x07\xc0{?\xe5\xef\xbd\xa5\x07\xca\x1f\xd6\xab\x8fM\xcb\
@k-\x95R\xa55\xab\xd2ZK\xadu\xdcXM\
\x94\x07\xc9.\xafE:\xe7\x84\xf7\xdeC\x00\x80\x9bT\
\x03\xbbY\x06\xbam\xdb\xf5\xc6])e}o\xcf\xe5\
\xcf\xbff\x19\x18Z\xd9\x06\xbf\xa3g\xcb\xa0\xc4\x17\x97\
\x8d\x85\x1fz\x0f\x01\x04\xc0m05\xff_\xa4\x94D\
n\xfdk\x8f\xd1N7\xe7\xff\x97\x06@\xefv\xffK\
)\x09\xe7\x9c?\xf6\xdc\xb9i\x19\xe4\x85\x0b\x0d\xc3\xa0\
J\x88O\xd34\xc6Z\xab\xb5\xd6\xd2Z++\x0b$\
\xec \x04\x84s\x8eSJ\xf0\xff\xc1G\xad\x12\xd4\x96\
\x81+\xa7\x0c\x94R\xb2m[[N\xf2\xe4=\x04\xe5\
\x1e9\x87eP\xac\x8aR\x95lie\x1b|\xca\xcf\
JGD\xff\x0b\x02\x00\xdc\x82\x00\x98\x92\xff\xcf\xd6\xda\
\xf8\xa7?\xfdi\xf1J;]GU\x04\xee\x14A\xb0\
%\xff\xffM\xbc\xf7\"\x84p\xd2\x92\xe1+\x96A|\
zz\xf2OOO\xe5\x9c\xb45\xc6(\xad\xb5*\xfd\
\xda\xf3\x86\xa7w\x7f\xe5\x03+\x18\x00\xdc\x92\x18X[\
\x06!\x84\xf4\xf0\xf0\x10reQ6Mc\xf3fB\
\xd9\xb6\xad4\xc6\x9c\xdb2\xa8\xc5\xc0{\xfb\xa5 \x00\
\xc0\xd5\xd0\xec8Ank\xa7\x9b\xc6q\\\x948\xdc\
q\x1c\xc7\x94\xd2\x94l\xfc\x9d\xf2\xff\xbd\xf7\x91\x99\xe7\
L\xd1\xdbj\x19x\xef\x87\xbc\x92gc\xcc\xfd\x8f?\
\xfe\xd8Yk\xa7T0\xe48\x8e\x03\xaa\xff\x00l\xdc\
`\x1b\xf7\xd88\x8e\xc30\x0c\xcc\xcc\xc2\x18c\x94R\
\xd2\x18#K0Q\xae\x10l\xb3\x0c\xe68\xc9C\xb4\
\xda,\x08\x01\x00\xae\x9a\x92\xff\xbf\xcb\xe6\x96\xb7\xda\xe9\
\x0af69\x1b\x9f\xbc\xf7a\x18\x06\x17B\x88\xb5e\
Pe\x95\xef\x92\xff\xaf\xc6q\x1c\x99\xf9\xec\x1b\xe8*\
\xcb I)\x83\xd6\xd3n\x85<&\x1e\x97\x1d\x00o\
S[d1\xc6\x10B\xe0q\x1ci\xb9\\\xaal\x19\
\xa8\xb6mM9\xd6\xdb4\x8d\xc8\xa7\x0cJ\x95\xe0\x94\
\x96\x81\xa0U\xa6\x00\x04\x00\xb8j&\xe7\xff\xbf#\x06\
\xa8|\x8f\x8dv\xba\x82\x88\x16\xde\xfb\"\x06\xa2s.\
\x85\x10\x92s\xce\x11Q\xb2\xd6jz\xbf\xac\xc7)%\
\xe9\xbd\xdf\xc5o\x9f\xe59\xd54\x8d\xcd+\x91w\xf1\
\xde\xc7\x94\x12\xa1\x02\x00\xc0Nb\xe0\xbb`\"\xef}\
\xf2y\xe7\xae\x94R\xda\xd5\x06\x1de\xadU]\xd7\xd5\
'y\x8e-\xb8\xcb\xf7\x1c!\x00\xc0\xb5\xd3\x9d\xf0{\
\xaf\xb3\xf1s\x85\xe0E6\xfe0\x0cm\x08\x81\x8c1\
S&O\x11B\x08\xc7\x0c :\xf8\x97[\xf9\x1b\xb2\
\x120\xe2\x9d\xb1\xd0\xc30\x8c\xa5\x02\x82K\x0f\x80=\
f\xdf\xed\xa7\x0c\xd6\x96\x01\x11\x09\xad\xb5\x91R\xca\xdc\
\xcb@\x19c\xb4\xb5V\x1c)\xfcK\xd1\xaa\xfc\xff\xe1\
3\x02 \x00nC\x00\x9cz3\xcb\xd6l\xfc\xfb\xfb\
\xfb\x12\xbc3\xa5\xfa \xc7q\x8c1\xc6pIs\xa7\
\x94\xb2X\x1f\xef\x8a\x98|\x82!2s\xa2#\xf6P\
\x00\x00\xbc\xb4\x0cRJ!\x84\xb0\x0e\xff\x12B\x88|\
\xca\xc0d1\xf0\x9ae0\xe5\xe1\"\x09\xa9\x81\x10\x00\
\xb7p\xcf\xd0\xc4\xfc\xff\x13\x89\x81\xa9gh\x99\x9e\xd3\
\xf3Ru\xd3\x9e\x1d\xbbja8\xe5A B\x08%\
B\x19W\x1e\x00'\xae\x12\xe4\xf2\x7f}\xca ><\
<|g\x194M#\x9b\xa6\x91\xd6Z9\xc1\xca+\
\x0b\x96\x11\xa3\x0c\x01p\xed\xb44-\xff\xff\xec\xf7\xf3\
F\xfe\xffE\xc0\xccd\x8c1\x13;\x18\xcaq\x1cS\
\x8c1\xe0\xfc?\x00\xf3\x8a\x81\xea\xcf\xebEH\xb1\x0c\
\x1e\x1e\x1e\xc8Z\xbb\xf8\xe9\xa7\x9f\x9a\x09\xb7\xa6\xa4\xe7\
\x84@\xac 1\x04WM\xb7\xc3{8g3\x8fm\
\xab\xe7w\xf3\xff\xcf\xa1\x01r(\xd2\x94\x0e\x86r\x18\
\x86\x98\xd0\x02\x10\x80\xcb\x98\xbc\xa4\x94J)%\xa5\x14\
J\xa9\xa4\xd4\xa4\xc2b\xddH\x08c\x88!\xb8\x09\x01\
\xf0^\x03 A\xab\xa4@s.\x010\x8e#\xa7\x94\
\xe2%m\x00TJ\xd9\xdc\xc1\xf0\xdd\xb2!3\x1f\xbd\
\x852\x00\xe0pRJl\xad\xd5\xb92\xf7\xde\"\xa7\
\xb4\x15\x06\x04\x0b\xe0\x9a\x99\x9c\xff\x9f?\x1c\xad6\xca\
\x98\xfco%\xbdl\xdcs\xca\x10\x8e\x8bK\xcfcf\
\xd6Z\xeb\xdc\xc1\xf0\xdd\x16\xc6991\xd4\x09h\x00\
\x80\xf3\xdf\xc7RJ\x95\xa3\xc8\xdfmD\x96\x9fs=\
F\x0e\x02\xe0\xda\x99\x9a\xff_\xaa<\x8f\xf9\xb3\xaf\x04\
D\x11\x03\x8a\x9e\xe31\x8f\xdeN\xf7T\xf9\xffG\x10\
\x00R\x081\xa5\x87\x81\x18\xc71\x85\x10\xc2\xb1Z(\
\x03\x00\x8er\x1f\x93RJ\xb7m;5\xda\x17\x02\x00\
\x02\xe0f\x04\xc0\x94\xfc\x7f\xa2\xe7cz\xf5q\xb7T\
\xfd\xdb\xd2J\xb3\x16\x03\x9a\x9e\xfd\xb2\x83\x98#\xff\x7f\
W\x84\x10:'\x18N\xca\xffw\xceE\x9c\xfd\x07\xe0\
\xf2*\x00J)\xd2\xab(O7\xa1\x020\xd2\xf1\x83\
\x85 \x00\xc0\xec\xd8\xa9\xf7\x08\xbd,\x8d\xbdv\x83\x0c\
\xf4r\xbf\x80\xac\x04\xc1\xa6e\xb0\xd3\x86\xc23\xe4\xff\
\xbfW\x91HJ\xa9\xc6Z\xab\xf2\xc3\xe0\xdd\x0e\x86\xe3\
8\x06\xcc\xff\x00\\\x1c\xa5\x17\xc9\x14\x8b\x11\xf1\xbf\x10\
\x007\x81\xa2\xe9\xf1\xbf\x8aV\xbd\xaf\xdf\xa3.m\xd7\
\x16\x80\xaa>\xd7\x96A\x9a(\x02.&\xff\xbf\x16E\
J)2\xc6Lz=\xde{\xe1\xbd\x8f\xb8\xec\x00\xb8\
\xa8\xd5?I)e\xdb\xb6S+y\x10\x00\x10\x007\
\x81\xa1\xd5\x09\x80I\xe5k\x9a\x1e\xd8S\xdf(\x9b\x9b\
\x03\x8be\xc0Y\x00|\xa5\x09\xed\x87/5\xff\xdf\x18\
SV\x0d\xef\xe2\x9cK)%\x04\x00\x01pa\x1a \
72\x9b\xd2\x8c\x0c\xf9\xff\xef\xac\xfa\xc0\xf5\xd0N\x9c\
L\xcb\x86>:`\xf2\x15[>\xf4DQqq\xf9\
\xff\xf9\xa1!\x9b\xa6\xd1\xf4\xfe\xaea\xce\x15\x0cO\xc8\
\xff\x07\xe0\xe2*\x00\xc6\x18=\xb1\x92\xa7hes\x06\
\x8c\x1c\x04\xc0\xb5\xd3M\x98\x809\xbf\xbfa\x8f\x0a\xc0\
\x94\x0a\xc4N\xe9y\x97\xf4\xd0\x10BP^5\xbcK\
\x8cQ,\x97KW\xda \xe3\xd2\x03\xe0rh\x9af\
r\x92'=\xefs\x02\x19X\x00\xd7\x87\xa0\xdd:\x00\
F:n\xf9\xbdX\x00\x93\xd2\xf3.1\xff?\x9f\xff\
\x9f\x94\xff\xcf\xcc\xdc4M'\x84P!\x04\xcf\xccQ\
T\xe0r\x04\xe0lb\x9e\xb3\x90\x9f\xb2\xf9\x0f\xf9\xff\
\x10\x007A9\xfe\xc7\x13.\xfat\x82\xc9\xbf\x1c\x0f\
|\xf7\xe7_j\xfe\xbf\xb5\xd6Lh\x1aR\xc4B\xfa\
\xe3\x1f\xffhB\x08\xca9\xd7\x8e\xe3\xc8\xde\xfb8\x8e\
\xa3\x8b1\xc6UG\xe1\xd5\xa9\x88J\x13@\x18\x00p\
\xe2\xc9?\x9f\xff\x9f\xf2,B\xfe?\x04\xc0\xcd\xd0M\
\x9c`\x14\xad\xca\xff\x81\x8e+\x00J\x9c\xf0\xbb\x9bn\
rz\xde\xc5\xe5\xffW\xab\x06\x9e\xf8;{\xad\xb5\xd0\
Z\xcb\xc5b!i\xb5\xb7\xc1\x8e\xe3H\xde\xfb0\x8e\
c\xf0\xde\xc7\x18#gQ\x10\xa5\x94\xa8\x12\x00pB\
\x01\xb0j\xe4i&=\x8b\xf2s\x10\xf9\xff\x10\x007\
Q\x01(\x93\xfb[\x93V){\x1d\xbb\x02 \xe9\xfb\
\x18\xe1\xd7\x04@J)\xc5\x0b\xea\x9e\xc7RJm\xad\
\x9d:\xf9\xd7\x0f\x90\x17\x0f\x1a\xadu\xd4Z\x97M\x91\
m\x08A\xe6\xca@\x1c\xc71\xe6\xe6G>\x84\xe0!\
\x06\x008.)%6\xc6\x94$\xcf)\x9by\xb1\xfa\
\x87\x00\xb8z$M\xcf\xffOt\xdc\xcd\x7f\xf5\xe4?\
ETp>\xfe'.\xe9\xa1\xd14\x8d\xb1\xd6\x12\x1d\
g3P\xf9\x1eAkMZk\xea\xbaN\x13\x91\x8d\
1F\xef\xbd\x1d\x86\x81\xbd\xf7\xc99\xe7\xcax0s\
\"X\x06\x00\xec\xbd\xfa\x97R\xaa*\xfe\x17\xf9\xff\x10\
\x00\x1f\x82&\x0b\x80)\xf9\xffL\xefGc\xees\xbd\
\x14\xc5\xfd\xdeM*r|\xeeE=8r\xfe\xbf\x9a\
\xb0j\xd8\x85\xfa\xfb\x04\"\"\xa5\x14)\xa5JH\x89\
\x8c1j\xe7\x9cp\xce\xc5q\x1c\xfd8\x8e1\xa5\x04\
\xcb\x00\x80\xdd\xefcRJ\x95(\xef)\x8b\x0c\x08\x00\
\x08\x80\x9b\xa0l\x00\x9cr\xac\xaeT\x00\x8eU~/\
J{R|nN\xcf\xbb\xb43\xb7j\x87\xfc\xffc\
\x88\x81\x12\xc3LJ)\xea\xbaNt]GD\xd4\xc6\
\x18\xd7\x96\xc10\x0c\xb0\x0c\x00\xd8A\xc8+\xa5J\x00\
P\x9cp?\"\xff\x1f\x02\xe0f*\x00S&\x85\x92\
\xfew\xcc\x09\xa4L\xfe4\xe5\xfb:\xe7.1\xff\xdf\
Zk\xa7x\x86'{v\xe5\xcfQ)\x15\x94R\xd4\
\xb6\xad\xfa\xf2\xe5\xcbw\x96\xc18\x8e\xae4P\xe2\xd5\
Q\x03X\x06\x00\xe4\xe7O\xce\xff\x9fr\x1f#\xfe\x17\
\x02\xe0&P4=\xfeW\x9e@\xf1\xca\x1d\xaa\x0f\xb2\
\xef\xfb!\x84\x10r\xc9\xfd\x12&,\xce;\xf9O]\
\x01\xd8\xb5R\x90\xb2 \x80e\x00\xc0\x94\x87\x8b\x942\
W\xf2\xd2\xc4\xfb\x0c\x1b\x00!\x00\xae\x1eC+\x0b`\
\xea\xe4u\xccI\xae.\xffOI \x14Zk\xd3\xb6\
-\xad\xa2\x00\xa2\xcf\x8d;\x04\xd1\xd9\x8a\x02\xd2\x18\xa3\
'\xa6\x86\xd5\xbf\xf3\x9cb`\x8ae\x10\x86aH\xd9\
2p!\x84\x001\x00>\x0a\xcc\xccB\x08\x91;y\
N)\xffG\xc2\xf1?\x08\x80\x1b`\x97\xfc\xff\xb81\
\xb1\x1c\xab\x021\xf9\xe7\xff\xf0\xc3\x0f\x86\x99M\x08!\
\xe6\xf3\xf2\xd1{\x1f\x9cs>\xa5\xc4\xd5\xea\x97f\x98\
\xbc\xea\xfc\xff)\x9b\x86\xea~\x07E\x08\xec\xd4\x02\xf9\
\x88\xc2\x8b\xe8\xa5e\xa0\xbf|\xf9\xa2&Z\x06\xeb\xe1\
\xc5\xed\x03nD\x00\x90\xb5V\xe7\xf3\xff\xef\x8a~\"\
z\"\xf8\xff\x10\x007\xc0\xd4\xfc\xff\xd2\xf4\xe2\xd8{\
\x00\x0c\xedv\xac\xd0\xe7\xcc}i\x8c\x91D$\x99Y\
{\xef;\xe7\\*\x01:!\x84\xc4\xcc)\xc6\x18i\
uN\xff\xe8\x96\xc1F\xfe\x7f\x980\x86\x9aV-\x94\
\x13\xad\xf6]Hzn\x84$\xe9y\x83\xe59\xaa\x04\
\xb5eP\x8eBm\xb3\x0c\x023\x8b\x18cL)\x05\
\xc4\x17\x83[a\xc7\xfc\xff\x91\x8e\xdf\x0b\x05\x02\x00\xcc\
\xca%\xe5\xff\xf3\x0e\xaf\xb9\xfc\xdb\x98\x97\xa2d\xad\x15\
\xf9\x1c\xbeN)\xb5!\x84\"\x06\x92\xf7>\xe5\xee\x81\
G\xb7\x0cv\xc9\xff/\x93,\xadJ\x87\xbe\xaa\x80X\
z\xceB\xa83\x11\xe2\x19\xae\x07\xaa\x1fl\xafX\x06\
\xc99\x17\x87a\x08e\x9cc\x8cA\x08A\x10\x03\xe0\
J+\x00S\xf3\xff\xcb\xb3\x07\xf9\xff\x10\x00W\xcf\xb9\
\xf3\xff\xe5\x8e\x93\xff{\xdfo%\xcf\xa5t\xd6Z\xb2\
\xd6\xca\xbb\xbb;\x93R\xa2\x18c\x1c\xc7\x91\x9cs1\
\x84\xb0i\x19\xd4\xbb\xe1\xc5\x0e\x0f\x8d]\xf2\xffe%\
\x00\xd4\x86\xa8ZVb\xa8d\"\xd4\x7ff\xba<\xcb\
@}\xfe\xfc\xb9\x8d1\xa6\x10\x02\x0f\xc3\x90\xbc\xf7\xec\
\x9c\xf3\xce9_\x1e\xaaE\xa0\x11\x11A\x18\x80K\x9d\
\xfc\xf3\xf9\xff]\xf2\xffq\x02\x00\x02\xe0\xea9w\xfe\
\x7fS\x89\x8bS\xacd\x99\x88\xbc\x94\x92\xa4\x94\xc52\
\x10\xcc\xac\xbc\xf7mY\xc9fQPv\xc3\x07ZY\
\x06\"\xc7\x81\xbe\xf9;L\xcc\xff/b\xc7\xd3\xf7\x19\
\x0ab\xe3\xf5\xba\xea\xeb\xaa\xba\x9f\x0c]\xaeeP\xf6\
ApJI;\xe7:\xe7\\\x1a\xc71\x8c\xe3\x18\xca\
)\x83\x94RB\x95\x00\\\xa2\x00\xb0\xd6\x96$\xcf)\
\xf9\xff\x1e\x15\x00\x08\x80[\xa9\x00\x9c3\xff_\xd1\xb4\
\xfc\xffc\x89\x81\xda2 k\xad\xb8\xbb\xbb\xd3\xcc\xdc\
\xe6\xdd\xef!\xafdc\xde\x0c\xe7\x89(\x09!d\x99\
\xb8\xea\xd7\xbfC\xfe\x7f]\xfe\x7f\xef\xef\x89\x8d\xea@\
\xf9<Vb\xec\xd2,\x83\xf5\xcf\x96RR\xdb\xb6\xa2\
m[\xa2Utq[Y\x06\xeb`\"X\x06\xe0R\
\xd81\xff\x9f0\xf9C\x00\xdc\x02\x97\x90\xff\xaf\xaa\xd7\
\xc2\x1b\x82\xe3\xe4\xc2\x7f\xfd\x0b\x0a\xe1\x8c1d\x8c\x11\
\x8b\xc5\xc22s\xb1\x0c:\xe7\\\x0a!\x84q\x1c}\
J)U\x8b\x86\xd84M31\xff\xbf\x88\x84]+\
(\xdb\xfe\xee5Y\x06I)\x15+\xcb\xc0d\xcb\xc0\
\xc22\x00\x97\xb2\xfaG\xfe?\x04\xc0G\xe4\x9c\xf9\xff\
\xe5\xfb\xb8j\x05\x9b\xf2$\xc6U\xb5\x81f\x12\x03\xf5\
\xcf\xf0B\x08*\xe1>www\x92\x99e\xb6\x0c\xb8\
\x9c2\x18\xc7\xd1\x1bc\xcc\xc4UCyp\x04:<\
B\x19\x96\x01\x00\xc7\x13\x00\xbb\xe6\xff3\x04\x00\x04\xc0\
-p\xce\xfc\xff\xc2\x98?d\x9e\xb0t5iiz\
\xf6\xdb\xe6\xe4\xbb\x12|\xb6\x0cR^\xed+fn\x9c\
s)\xcfIS\xca\xee\xa7\x88P\xde\x14\x03\xf5k\xa9\
-\x83Z\x0c\xc02\x00`\xa3\x02\xb0G\xfe?\x02\x80\
 \x00n\xa2\x02p\xae\xfc\xffm\x13\xc2P\xadL\x0d\
=\xef\x0fP\x95\x18(+\xed\xba\xac}\x16\xcb\xa0\xda\
1,hZ\x00\xd0\x1cBf\xdb\xeb\x08\xf9g\xc32\
\x00`\xcb=\xb3c\xfe\xff\x12C\x06\x01p\xed\x9c;\
\xff\xff\xb5\x9f\xb39i\x95\xd7*\xb6T\x09\xea\x8a\xc4\
\xb9,\x03\xb1\xc3\xdf?W\x9f\x80]-\x83K\x19\xdb\
\xad\x96A\x0e&\xearJ\xe1\xda2H\xabl\xe8\x90\
\xab\x0a\x12b\x00Lz\xe8 \xff\x1f\x02\xe0\x03br\
\x05`\xea\xc6\xbes\x94\x8a7Cib%\x0a\xa6X\
\x06s\xfa\xdc\xef\x91\xce\xb0\xaa~o\\\xeb\xf7\xf5\xad\
S\x06\xa2\xba\x9f\xc3\x19^oy/\xb7\xf52X[\
\x06\xde\xfb4\x0cC\xc8\xa1O1\x84\xe0\xf3\x03\x1e\x96\
\x01\xd8\xca\x9e\xf9\xff8\x01\x00\x01p\xf5\xb4\xd5Jo\
\xea\xca\xf5\\\x0f\xd1m?w\xd32\xa8'\xac\xba\xb4\
\x1d6\xfe\xcd\xdc\xc2\xa0\xc4\xff\x8e\x17&H\xde\x1a\xdb\
\xcdS\x06\xa6\xaa\x16\xa8\xaa\"S64^\x8ae \
?}\xfa\xd4\xa6\x94(\x84\x10\x87a \xef}t\xce\
\x85q\x1c}\xb1\x0b\xca\xbf\xddr\xac\x13|<\x01\xb0\
k\xfe\xff\x92\x90\xff\x0f\x01p\x03\x9c;\xff\xff\x18\xd4\
\x96\x81\xaf&\x85\xda2\xd0\x95\x18\xa0jE\x1b\xab\xdf\
\xff\xd4\xbfW\xfd\xf3\xe4\x15\\\x1b\x9b\x96\xc1X}]\
Ucl\xe8\xe5\xe9\x82s[\x06\xeb\xd0'k\xad\xb4\
\xd6\xae\xfbD\x8c\xe3\xd8\xe5\x8d\x85a\x18\x86\x10cL\
\xf9#\x0a!\x18\x96\xc1\xc7e\xc7\xfc\xff\x81\x90\xff\x0f\
\x01p\xe5\xec\x92\xff\x7f\x8a\x00\xa0SOZ\xdb,\x83\
\xb2\xb1PW\x95\x02S\xadd\xf9\x84\xaf\xebR\xca\xff\
\x87\x8ek\x19\xd3\xf2\xd9Ub\xe0b-\x03!D}\
\xca@\xa7\x94\x8ae\x10\xfa\xbeO\xde\xfb\x08\xcb\xe0\xc3\
V\x00\x90\xff\x0f\x01\xf0\xf1D/M\xcf\xff\xbf\x86\xc9\
\xff\xb5I`\x13\x97\x15|\x99\xa0\xeaS\x06\x86\xbe\xdf\
\xa8w\x0c\xcb\xa0\xac\x8e\x8fq\xfe\xffR\xc7\xf6\x9a,\
\x03\x92R\xba\xa6iD\xd34\xf2\xfe\xfe\xde\xc02\xf8\
\xb8\x93?\xf2\xff!\x00>\"\x0b:_\xfe\x7f\xbd\xaa\
\x9c{\"\xa8K\xd8\xb1Z\x9d\x16\x9b\xe3\xd8\x96\xc1[\
\xf9\xff\xb7\x04,\x03p\x95\x02\x00\xf9\xff\x10\x00\x1f\x91\
\xb3\xe6\xff\x87\x10D\xdf\xf7\xb1i\x1a\xca\xbbo\xe9L\
b`\xaae\xa0\xaa\xff\xae-\x83\xa9\xb1\xa1\x1f\xc93\
\xbcE\xcb\xa0\xc9\xf9\x03\xa1\xef\xfbr\xc2\x00\x96\xc1\x95\
\xb3G\xfe?\xc2\x7f \x00n\xe2\x01}\xae\xfc\x7f\"\
\"5\x0cC\xf8\xdb\xdf\xfe\xf6T\xd2\xb7\xac\xb5j\xb1\
X(c\x8c\xd6Z\x8b\x8d\x0d9<\xd3\x98\xbcv\xc3\
\xefc\x19\xd4\xdf\x97\xb3\xa8\x10\x1f\xf8z\xdb\xe4\xda,\
\x03_,\x83O\x9f>\xc12\xb8\x91\xd5\x7f\xce\xffW\
;\x08y\x04\x00A\x00\\=\xc5\xff\x9f\x9a\xff\x7f\xec\
\xc9K\x0c\xc3\x90b\x8c\x89\x88D\x08!\xf6}/\x1e\
\x1f\x1f\xa5\x10\x82\x8c1\xb2\xeb:c\xadU\xc6\x18i\
\xad\xadWW\xd7b\x19\x94\xaa\xc21\xf3\xffo\xb5J\
P,\x83\xcd\xe6Pe\\\xaf\xce2\xe8\xfb>\xe4P\
\xa2\xb5e \x84\x10RJ\\\x03\x97#\x00J\xfe\xbf\
\xa4\xe9Q\xde\xf0\xff!\x00\xae\x9e6W\x00\xa6\xe6\xff\
\xc7#O^\xec\xbd\x8fRJ\x92R\xae'\x02fN\
)%\x8a1\xa6a\x18\x02\x11\x91RJ\xb6m\xab\xb5\
\xd6\xaai\x1a\xd9\xb6\xad2\xc6\xc83\x8a\x81\xa9\x96\x81\
\xa8\xaa\x05\xc7\xde?q\xcbb\x80\xe8\xfd`\xa2\xfax\
\xe79B\x9fv\xb2\x0c\x86a(\x96A\xdah-\x8d\
\xe2\xc0\xf9+\x00d\x8c\x11\x13+\x00\xc8\xff\x87\x00\xb8\
\x99\x0a\xc0\xb9\xf2\xffE>~\x15\xf3\xe4\xff\xfc?\xb6\
<\x10SJ\xfc\xf4\xf4\xe4RJ,\xa5\x14\xc6\x18\xa5\
\x94\x92\x17n\x19\xd4\x0dxJ\xba\x18\x9e\xf4\x87\x8dm\
m\x19\x94\xe3\x9b\x9b\xa1O\xa78\xc1\xb1\xd3\x9cR\xfe\
\xb0a\x19Xf\xe6l\x19t\xce\xb9\x94\xbbI\xbeh\
-MD\x8c&G\xf3^g\xd6Z%\x84\x98r}\
 \xff\x1f\x02\xe0&\x904=\xfe\xf7\x14\xf9\xffb\x1c\
Gv\xcey\xa5\xd4\xbbU\x85\xe2\xa1J)\x053\xaf\
\xfd\xd6\x09\x96\x81\xac\x04\xcc\xb9V\xb3\xb1Z\xfd\xe3\xa1\
~\xdc*\x81\xaf\xc4\xe9%\xf7\x89`\"r\xf9:-\
\xdd\xe6\xd6\xad\xa5\x9ds\xa5J\xe0C\x08)\xa5\xc4!\
\x84\x00\xcb`\x86\x07\xa1\x94\xb2\xeb:M\xc8\xff\x87\x00\
\xf8@\x18\x9a\xde\x00\x88\xe8\xf8\xf9\xff\xec\xbd\xdf\xab$\
^m\xa8z\xd32h\x9af-\x06\xee\xef\xef\xd5\xc4\
\x84\xaf9&-p\xdc\xb1-{\x05^\xeb\x13a\xe9\
\xd9\x86\xd9v\xca`n\xcb`}?mi-m\xbd\
\xf7\x94\x83\x89\xa2s.\xc5\x18cm\x19lV\xcc\xc0\
\x01\x0f\xa1\x9c\xff\x9f\x05\xd9\xd4(t\x1c\xff\x83\x00\xb8\
z\xcaCq\x8a\xff\x7f\xf4\xfc\x7ff\xa6q\x1c\xe31\
\xaa\x9c\xafY\x06\xcb\xe5r|xxHm\xdb\x9a\xbb\
\xbb\xbbOt\xbd\x09|`\xf7\x09\x96\xaa\xc9\xbd\xa7\xb7\
\xfbD\\\x8ce \x84\xf0\xd6Z\xb2\xd6\x8a\xbb\xbb\xbb\
\x86\x99\x09\x96\xc1\x89''\xadU\xf6\xff\xdf-\x16\x10\
\xf2\xff!\x00n\x84\xc5\x84\x09\x91s\xa5\xa0\xa7#\xef\
\x01\xf0\xde\x8ba\x18\xfc\xa9\x9eYU\x95@\xde\xdd\xdd\
\x19\xa5\x14&\xff\x8f\xcbf\x9f\x88k\xb0\x0c\x88\x88<\
,\x83\x93W\x00\xa8i\x1a\xa3\x94\x9aj\x85\"\xff\x1f\
\x02\xe0\xc3\x08\x00\xa2\x13E\x00{\xefCJ\xe9\xe4+\
\xac\x94\x12U\xf9\xde\x10\x01\x00\x96\x01\xa8\x05\x00\xef\xf0\
|@\xfe?\x04\xc0M`\xf3\x8agJ\xfe\x7f8\xc1\
\x03O\x8e\xe3\xe8\xf2\xf1\x1bq\xca\x9b[k-\xf3\xf9\
\xde}'\x7f1\x8e#\xe7\xa8Pu\x86S\x06`\x9e\
\x09\xb6~Oa\x19|\x90\xc9_J)\xad\xb5\xc8\xff\
\x87\x00\xf8Pt\x13\x1fT%\x18\xe3\xd8\x1b\x00E\xdf\
\xf71\xa7\xa5\x9d\xec!\x94R\xa2\xc5b\xa1&\xde\xe0\
\xaf\xf2\xdbo\xbf\xb9\xc7\xc7\xc7\xd1Z\xab\xbb\xaeS\xd6\
Zm\xadU\xd6Z\xca\xa7\x0c\xae\xbd\xcb\x1f\xf8\xfe\xba\
/\xdc\x84e0\x8e#{\xef\xdf\xb2\x0c>\xdcFU\
f\xe6f\x85 \xe4\xffC\x00| \x164-\xff\xbf\
\x1c\xff\x8b\xf4\\6=\x98\x1c\x86r\xf2\xd5R)\xef\
\x09!\xd4\xbe\"&\x84@\xc30xfN\xe38\xfa\
q\x1cK\xe6\xbbl\xdbV\x97\xf8\xe2\xb6mE\xfeY\
\x10\x03\xb7W%\xd8\xc72\xd8\xa5O\xc4)\xc4\xc0\xbb\
\x96\xc10\x0c\xc1{\x9fB\x08\xec\xbd\xf7\xcc\x1cE\xc5\
\xad\xbf\xb1)%\xd6Z\xab\xbc_\x02\xf9\xff\x10\x00\x1f\
\xe6\x81\xd6L\xfc{\x89\x8e\x1f\x00$\xc7q\x0c1\xc6\
t\xca}J\xc5^\xc8\xe5\xff\xbd\xc7\xca{\xcf1F\
\xce\x89m/\xbe\xffr\xb9t)\xa5\xf51\"\xad\xb5\
4\xc6\xa8\\uPZk\x09\xcb\xe0\xe6\xee\x9dmB\
\xb9\xa7\x97\xc1Du/\x83\xb7,\x83\xd9\x16\xbb\xeb_\
`\xc32\xa0\x1c\xc1=\x8ec;\x8ec\xf2\xde\xc7q\
\x1c}\x8c1\xd6\xff\xf6\xd6z\x19\xe4\xe3\x7f\xb5=8\
%\xff\x1f\xe5\x7f\x08\x80\xabgj\xfe\x7f)\x9b;:\
~\xfe\x7f\x8c1F\xad\xb5<\xe1\x0dNZ\xeb\xd2\xe0\
c\xef]\xbb\xde\xfbP5v\xa1\xeaAJU\xe9\x94\
B\x081o\xc4\xa2\xc7\xc7G)\xa5\x94Zk\xf9\x8a\
e@\xd5\xcap\xae\xd5!8\x1d\x9b\x96A\xb9^j\
\xcb\xa0\xf43(\xd7c\xdd'b\xd7\xd6\xd2\xc7\x121\
\x81\x88Hk-\xb4\xd6\xf2\xee\xeeN\x13\x91\xf4\xde7\
\xf9\x94A\x1c\x86\xc1{\xef#3s\x16\x05\xe9V,\
\x03\xad\xb5n\xdbv\x97\xfc\x7f$\x00B\x00\\=S\
\xf3\xff\x8b\xea=v\xfe\x7f\xf2\xde\xa7S/&J\x05\
`b\xc0\xc7k7\xbc\xea\xfb>\xa6\x94\xd2{i\x85\
\x1b\xbd\x0c8f\xb6X\x06ka`\x8c\x91RJM\
\x1f\xafM\xf0\xadW\x09N\xddZ\xfa\x14b`}\xfd\
\x19c\x921\x86\xee\xee\xee\x043/B\x08\xe4\xbd\x8f\
\xc30\xc4q\x1cc\x8c1]\xbbe\x90\xcb\xff\xe5\xf9\
0\xa5\xc9Y \x9c\xff\x87\x00\xb8\x91\x0a\xc09\xf3\xff\
\xd99\x17N}4I\x08AM\xd3\xa8C\x9eK\xcc\
\xcc\xce\xb9\x9d\xc7`\xdb\xf3\xb0X\x06\xbc\x82\x8c1\xaa\
\xf43X,\x16\xaai\x1ae\x8c\xd1R\xca\xb4\xe5}\
\x00\xd7+\x06\xb6Q\xb7\x96.\xbd\x0c.\xd620\xc6\
\x901\x86\x16\x8b\x85%ZU\xbbn\xc02\x10\xf9T\
\xcf\x94\xca\x8b\xa4g\x9b\x07@\x00\\-\xbb\xe4\xff\x0b\
:M\xfe\x7fr\xceE\xa5\xd4)\x8f\xff\x91\x10Bv\
]\xa7\x0e\xb8i\x85s.\xc6\x18\xd3\x91\xd2\x0a_\xc4\
\x17\xa7\x94R>\x09AOOOR)%r&\xb9\
\xca\x95\x02m\xad\xe5\xbcA\xa9\xdeX\x08\xcb\xe06\x84\
\x81\xaaV\x96\xafY\x06E\x1clZ\x06sw\xbe,\
x\xa2\x97\x96\x013\xcb\x10\xc2\xd5Y\x06\xa5\"G\xd3\
\x92P\xd1\x00\x08\x02\xe0f\xde\x87\xa9\xf9\xffb\xe2\xcd\
\xb1\xd3\xdc\xec\xbd\x8fs\xfc\xa2B\x08a\xad=\xe4\xba\
S}\xdf\xbb\x10B<\xc5fE!\x84(\"\x88\x99\
\xa9\xf4\x8c\xf7\xde\x87o\xdf\xbe\x8dD$\xda\xb6UM\
\xd3h\xad\xb5\xea\xbaN\xc22\xb8Y1\xf0\x9ae\xd0\
\xd3v\xcb@\xd1yN\x9a|g\x19\xe4c\x87We\
\x19\xec\x98\xff_\xaa\x1a8\xfe\x07\x01p\xf54t\xfe\
\xfc\xff0\x87\xff\x9f\x9b\x00\x1dt\xfe\xbf\xef\xfb\x18c\
\x8c\xf9\x18!\x9d2\xb68k\x82\x17_\x1f\x86!\xf4\
}\xefa\x19|(1\xb0\x8d\xda2(\x95\x81\x96\x8e\
\x9f\xcf\xb1\xf7-W]\xcbWa\x19h\xadK>\xc8\
\xbb\xc5\x82,\xc4\xe0\xffC\x00\\=S\xe3\x7fUV\
\xbcG\xdd\x03\x90\xcf\xd4\x879\xee\xf3\xae\xeb\xf4!+\
\xf7,\"d\xd7u6\xa5D)\xa5\x14BHB\x08\
\x92R\xce\xb2\x82\xa9\xcb\xa6\xb0\x0c>\xbc0\xa8-\x83\
K\x8e\xb5>\xd42\xe0\"\x06Nu\x8f\xed\x98\xff_\
\x9e\x85\x11\x97!\x04\xc0G\x10\x00\xe5<\xf3\xd1#\x80\
\x9dsq\xc6\xfc\x7f}\xc8\x83R\x08\x91~\xff\xfb\xdf\
\x9b\x1f~\xf8\xc1\x86\x10\xd20\x0c\xb1\xef\xfb\x90CS\
\x82\xf7>n\x1e\x05<\xe9S\x15\x96\x01x\x9e`\x9b\
+\xa9\xf4\xecj\x19\x04\xe7\\\x0c!p\x08!\xc4\x18\
\xc3),\x83\x1d\xf3\xff)W_\x00\x04\xc0U\xb3K\
\xfe\xff\xd1\x9b\xff\xd0\xcc\xf9\xff\xd6\xdaC\xf2\xff\xd7\xdf\
NJ\xc998E\x7f\xfe\xfc\xd92sr\xce\xa5a\
\x18\x92\xf7>\x8d\xe3\x18\xc6q\x0c9*\xa0.\x85\x9e\
\xac\xa4\xb9\x8beP\x8e\x1c\xc22\xb8\x19\x98\x9e\xf7\x02\
\xf0\x15\xff\x0e\xe5Z.\x96\x81\xa8,\x03v\xce\xa5\x1c\
_\x1c\x9ds\xbe\xda;t\x90e\xb0g\xfe?\xfc\x7f\
\x08\x80\xab\xe7C\xe4\xff33\xe5\x95\xf0\xb1'7&\
\xa2\x98\x8f\x17\xca\xa6i\x14\x11qJ\xc9:\xe7\xd8{\
\x9f\x9cs\xa5J\x10s\xd6z\x9a\xb3J\xf0\x9ae\xf0\
\xf8\xf8\xb8\x8be\x00.{\xe2\xd47&\xdc\xbe\x8b/\
\xd6Z\x93\xd6Z.\x16\x0bAD*\x84`\xc7q\xa4\
\xb2\x7f\xa0T\x12\xebS\x06S\xab\x04{\xe4\xff\x07T\
\x00 \x00n\x81s\xe6\xff\x0b\xef}\xf4\xde\x1f;W\
\xe0;RJ\x07\xe7\xffO|\x10s\x99t\xdb\xb6\x15\
9qP\xa5\x94\xda\xf2\xbb.\x97\xcb\xe8\xbd\x0f!\x84\
\x94\x13\x05IJy\x16\xcb \xc6\xf8\xc22\x10B\x88\
\xa6iT\xd34\xda\x18\xa3K/\x83\xfc\xda\x98`\x19\
\\\xaa\x000\x95`\xbbe\xd6\xbf_\xdeCP\x16'\
\x9d\xf7^d1\x10\xc6qL!\x844\xd52\xd81\
\xff_\xe4\x0a\x00\xee\x05\x08\x80\xabW\xd9\xe7\xcc\xffg\
f&k\xadJ)%f\xa6:^\xf7X\x16_\x95\
\xff\x7f\x90p\x891\xca\x1c%\xcc[\x1e\xc0\xf4\xd6\xd7\
\xa4\x94\xb1i\x1aj\x9aF\xdd\xdf\xdf[fN!\x84\
\xd4\xf7}\xca\xe5\xcc8\x0cC\xa8\xda\xb3\x9618\xa9\
e\xb0\xed{o\xb1\x0c\xb4RJ\xb4m\xab\xda\xb6-\
\xa7\x0e6\x7fGT\x09\xce+\x00Jk\xe2H\x1fg\
sg}\xcdEc\x0cg\xcb\xc0\x10\x91\x0c!\xa4)\
\x96A\xfe\xbck\xfe?\xce\xffC\x00\\=\xe7\xce\xff\
'k-\xfd\xf4\xd3O\x9d\xf7\xbe+\x1b~\xfa\xbe\x0f\
\xb9\x94\x97\x8eQ.gfRJ\xa9|\x83\xef\xab\xda\
\xc5\xe3\xe3\xa3\xfb\xf5\xd7_])\x97k\xade\xd34\
\xa2\x8a\x03f\x9a\xb6\x99\xd2\xe7\xf3\xc6\"oJ\xd49\
]\xb0\x943C\xdf\xf7\xf1\x12,\x83\xfc\x1e\x8c\xf9\x94\
\x81PJI)\xa5l\x9aFu]W\xba\x1e\x96\xaa\
\x82D\x95\xe0,\x93`\xe98x\xf2J\xda\x15,h\
J\x95 \x96S\x06\xefY\x06!\x84 \xa5T;\xe4\
\xff\xa3\x01\x10\x04\xc0MP\xf2\xff\xe3\x84\x1b\xeb\x14\xf9\
\xffe\xc2\xe1\xa6iD^\x1d+f\xee\xaa\x890e\
%\xbf\xf7\x0e{ff\xa5\x94\xb0\xd6\x1e\xd2\x00H\xf4\
}\x1f\x9cs.\x84 \x1f\x1e\x1e\xc6\x1c*Tv\xd8\
\x97\x06?2\x97\x11\xdf\xf2\xce\xc5\xa6`\xc8{\x08\xea\
1\x10e\xff@\xb6\x0c\xe29,\x83\x8d^\x06/N\
\x19<>>\xbe\x18\x03c\x8c\xca\xfb \xca\x18@\x0c\
\xcc\xf7\x1cU\x18\xebW\xc5\xc0j\x90^\xb1\x0c\xfa\xbe\
\xf71F\x99\x9b\x90M\x11\x00\x91\xb0\x01\x10\x02\xe0F\
*\x00Sv\xbd\x9e\"\xff\x7f\xdb\xcf\xa0<\x19\xc6\xbc\
\xc3\xde|\xfa\xf4I1s\xf4\xde\xa7a\x18\xb8\x08\x83\
a\x18B\x99\xdc\xab\x7f\xb7\xb5Z^\xe5\xff\xef\xfd\xfa\
\x99\x99s\xb3\xa2\x17\x13\xafs.\x0c\xc3\xb0.\x97k\
\xad\xd7;\xecK\x95@)5\xc52\xd8\x1c\x83\xf5)\
\x83l\x19p\x08!\xf6}_\xca\x99a\x18\x868\xb7\
e@[N\x19\xd4c\x90[\x1fk\xad\xb5\x84e0\
[\x05\xa0\xe4\x01|\xa4\xf2\xffA\xcf\x18zi\x19\x94\
\xe7\xe0\x94 4I\xab\xf2?\xae_\x08\x80\xab\xe6\xdc\
\xf9\xffSoX\x9fW\x99\xe5\x08\x9fbf[\xca\xe5\
\xefY\x06\x1b\xf9\xff{\xaf\xfe\xab\xfc\x7f\xb11)\xae\
7\xd5\xa5\x94\xd20\x0c\xebP\x1e)\xa5\xc8\xde\xb9\xde\
\xb0\x0c\xb6\xc5\xbc\xbe5\x061\x9f\x93\x969\xc5P\xd7\
cpn\xcb`cc!g1\xc0\xb0\x0cf[\xe9\
*B\xf9\xff\x90*\xc1.\xc7\x9b\x91\xff\x0f\x01p3\
c\x7f\xce\xfc\xff]oR.\xaf5\xefT\xa7\xaa\\\
\xde\xe6P\x9e\xd0\xf7}\x8a1\xa6q\x1cC\xd9\xf0\x93\
\xcf\xf7\xea\x03T\xbb\xc8VD\x94o\xc4\x08n\xee\xb0\
g\xe6\xe4\xbd'\xef}\xac-\x03k\xad6\xc6\xc8\xb6\
m\x95\xb5V\xe6=\x04S&\xc2\x8b\xb7\x0c\xf2\x18\x10\
\x11\x09X\x06\xb3\x09yMH\xa4;\xd6sf\xca\xa2\
\x04\xe5\x7f\x08\x80\xab\xe7\xac\xf9\xffG\xa8\x0c\xd4\x93\x0e\
\xe7\xd0\x10\xf3\xe9\xd3'ID\xebP\x9e\xbcrg\xad\
\xf5!\x01)\xec\x9c\x8b\xb9\x9a0u\",\xf3\xe1\x8b\
\xafo+\x97+\xa5^\x94\xcb\xb3O9\xa5\\\x0e\xcb\
\xe0c\xb3Y\xfe\x07\xa7\x17[\xc8\xff\x87\x00\xb8\x09\xce\
\x9a\xff\x7f\xc2\x07b$\"\xca\x96\x81&\xa2\x94'\xee\
\xbdW\xff)%\xf6\xde\xc7c\xac\xa0_+\x97/\x97\
K\xa1\x94\x92B\x88\xb5e`\x8c\x91\xd6Z\x99\xc5\xcb\
\xd1-\x83\x18c\xca\x96A\xa9\x94\\\x93e\x80^\x06\
\xcf\xcfP\x88\xa3y@\xfe\xff\xb1\x9f\x05\xcc\xfc/\xb4\
\xf2T\xfa\xea38=\xff\x83\xde\xdf\x03\xc0\xb4:%\
\xf0@\xab#\x80\xf2\x03\x8e\x93\xec\xfb>\xfc\xe5/\x7f\
y<e\xb7\xd2\x12\x19\\\xedi\xa4\xd2\x9a4\x97\xcb\
\xf7\xb1\x0c\xbe\xbb\xdf\xaa\x9f'r\xb4\xea\x0b\xcb\xc09\
\xe7\x8be0ww\xd6\xd7\xc6`\xd32\xc8cP|\
\xef\x8fl\x190\x11\xdd\xe5\x89\x09\"\xe0\xf4\x18\"\xfa\
\x0b\x11\xfd\x82\xa1\xd8\x9b./>;\"Z\xa0\x02p\
\x1e\xce\x9d\xff\x7fU\xe4\xde\xe5\x9cK\xf3\xb3\x96\xcb\xbd\
\xf7a\x1c\xc7\x93X\x06\xd96Qwww\x96\x88\xd6\
\x96\x81s.z\xef\xc30\x0c!\xc6xi\x96A\xb1\
\x08T>i\xa1\xb4\xd6r\x871\xb85\x01p\xed\xf9\
\xffW\xb3\x10 \xe4\xff\x1f\x1d\x08\x80\xf3\xa9\xb0s\xe6\
\xff_\xd5C6\xa5$\x8c1*G\xe7\xc63F\xf7\
\xf20\x0c\x8e\x99\xa9X\x069\xe1pm\x194M#\
\xf78e\xe0\x89Hh\xad\xc5\xa7O\x9fT\x9eT\xb4\
sN8\xe7\x92\xf7>,\x97\xcb\xe0\xbdOeo\x01\
\xd1\xd9,\x83\xf5I\x8b\xe5r)\xb3mB\xd920\
{\xda&\xd7:\xf9\xdfZ\xfe\xff%\x83\xfc\xffS\x0c\
*,\x80\xb3\xf0G\"\xfa\xdd;\x13{\xc9\x17\x1f\x89\
\xe8\x91\x8e\x97\xff\x7fu\xa4\x94d\x8c\xb14\xf5I\xb9\
5i\xf4\xde\xc7\x94\x12_R\xb9\xfc\x84\x96A\x89V\
\x0d\xcb\xe52e\xcb :\xe7\xc2%Y\x06D$\xf2\
\xefn\xf2\xc6B\xd94\x8d:`\x0c.\xf6\xb2\xccB\
\xbe!\x9c\x9c\x98k\xb1\xfa\x1b\x11\xfd;\x86\xe2\xe0\xc5\
\xe7\xda\x02\x80\x008\x0f\xffLD\xf7\xf4\xfe\x09\x00\x99\
\x05@O\x1f\xd3\xff\xdf6!J\"\xe2\x9cAP\xca\
\xe51\x97\xcb\xb9^\x91\x9d\xb2\\\xfe\xc6\xa4\xc8)\xa5\
u\xfb\xe3b\x19T\xad\x7f\xd5\x81\xe5\xf2\xf5\xb9\xf3\x0d\
\xcb \xe6<\x86\xd9,\x83)c\xa0\x94\x92\xd6\xdab\
\x9b\xc8\\)Q7`\x19\xc4|\x0f7\xa5\x82\x83\xdb\
\xf3\xa4\xf7\xbd \xa2\xff$\xf8\xff\x10\x00W\x8e\xc9\x02\
\xc0\xbc\xb3r(\x0f\x94'B\xc2\xd8[\x0f\x05b\xe6\
\xe4\x9c+\x9b\xeaB\xdf\xf7\xde{\x9fJk\xd23\xae\
\x90y\xd5ci\xf5\xf3\xdf\xb0\x0c\x8a\xd8\x9b\xbaB\xe6\
\xea\xf7_\xff\xbbK\xb1\x0c\xde\x1b\x83\xd2\xf1p\xc32\
\xa8\xaf\xf9K_Q\x97\xf1/\x1b\x00Q\x018\xfd\xbd\
\xceD\xf4\x7f\x08\x16\x00\x04\xc0\x95\xf3\x99\x88\xfe\x91\xde\
\xef\xf3^\xf2\xec\xbfa\xf5?\xf9!Q&\x1d\x11B\
\xa0l\x19\x84l\x19$\xef}\xb8T\xcb \xa7\x14\xca\
\xb6m\xcb\x0e\xfb\xb2\xca\xdcw\x0c.\xce2(\x03p\
\x03\x96A\xb1\xe7\x16\x98\xfcg\xbb\xb7\x03\x11\xfd\x7f\x84\
\xfd\x16\x10\x00W\xce\x8f\xb4\xda\x03\xe0&\\\xf41W\
\x00\xb0\xfa\xdf\x1fED\x14B\x88%\x98(\xf75\xf0\
!\x84T\xad.\xceZ.O)\xa5\xba\\\xde4\x8d\
\\,\x16Zk\xad\x8d1D\xb0\x0c\x0e\x19\x83c\x93\
hU\xfa\xbf\xa7\x13t\xe8\x04[\xef\xe1_\x89\xe8?\
0\x14\x10\x00\xd7\xaed\xff)?8\xde[\xdd\x95\xd4\
+<`\x8e\xc7\xbam\xb0s\x8e\xbd\xf7\xc52\x08\x17\
b\x19\xacK\xe6B\x08RJ\xa9\\.\x97\xb9\\\xae\
\xac\xb52\x0b\x82Y,\x83K\xb0M.\xd02`z\
\xde\x00\x88P\x9a\xd3\xa3i\xb5\xf9\xef7\x0c\x05\x04\xc0\
5c\x89\xe8\xbf\xd3\xb4s\xc3\x8aV\xe5\x7f4\x199\
\x9d\x18+\x93\x8e\x08!pY\x15\x8f\xe3\x98\xf2\xa9\x83\
\xb3Y\x06e2\xac\xcb\xe5\xb9\xe3\xa1\xec\xba\xce(\xa5\
T^!\x1f\xcd2\xf0\xde\x171\x10\xbd\xf7\xeb\x1e\x02\
1\xc62\x06\xb3V\x07\xb6\xd8&\x82\x88\xa8\xb6\x0c\x9a\
\xa6Qy\x0c\xe4\x9ec\xb0\xef\xb5s\x87[h\xd6\x0a\
\xc0\xff\"\xf8\xff\x10\x00W\xce=\xad6\x00Nm\xec\
\xf3D\xf0\xbc\xe6\x16\x05\x82\x88(77\xbaD\xcb\x80\
\xf2\x0a9\x95&K'\xb0\x0cd\x1e\x838\x8e#\x8f\
\xe3\x18B\x08\xa9\xef\xfb\x90\xab\x03\x17a\x9b\x14\xcb\xa0\
\x0eg\xea\xba\xae\xb4\x84\xde\x8c\x9f>\xd6}\xc4y|\
>c\xf5?\x0b2O\xfc\xff\x86\xf1\x86\x00\xb8v~\
$\xa2?L\xb8\x90K\xe6u\x8f\xd5\xff\xf9\xc5\x00}\
<\xcb`\xf3\x01L\xb4:zY\xc6a\xbd\xb9\xb2\xb4\
\x81f\xe6sm\xae\xe4\"\x08\xf2)\x87u/\x83r\
\xd2\xc2\x18#\xac\xb5\xc7\x0a&*\xf1\xdc\x1da\x03\xe0\
\x1c\x18\"\xfa\x99\xe0\xffC\x00\xdc\x00\xffL\xef\xef\x1c\
.\x0f\x98\xa7\xac|q\x02\xe0r\x04A\x99t`\x19\
0\x8b\x18#{\xef\xe3r\xb9\x8c\xd5I\x8b\x18cL\
\x17d\x19\xb0\xd6\xba\x16\x03j\xb1X\xc8\xe7!\xd8K\
\x00 \xff\x7f^\x01\x80\xfc\x7f\x08\x80\x9b\xb8\x90\xff{\
\xb5\x12{\xeb\x01\xa3\xb3\x00@\xc0\xc8\x95T\x09\xae\xc0\
2\xe0\x92APV\xc8\x8b\xc5B\x1d\xc12XW\x09\
\xb6\x8c\xc1\xa5X\x06\xc4\xcc\x1ccLJ)\xfd\xe7?\
\xff\xf9\xae\xeb:I\xfbM\xe0\x89V\xe5\x7f\x89\x0a\xc0\
\xc9)Q\xe8\xff\x9e\xe7&pd\x01\x80^\x00\xf3\x0e\
\xfc\x94\xd5|\xe9-\x0e\xbf\xeb\xf2\xe12\x89h\xad\xc5\
\xfd\xfd\xbd\xce\xe2\x8d\x9ds\x8d\xf7\xbe$\x16\xc6q\x1c\
CJ\x89SF\xae\x96\xc8'\x9f\x0c\xb35 h\x15\
\xfbM\xe5u,\x97K\xfa\xf6\xed\xdbk\x96\x81\xa8\xae\
\xd5)\xd7a\xcac@\xf5\x18\\\x8aeP\xc6\x99\x99\
\xa5\xd6ZXk\xf7\x9d\xfc\x8b8G\xf3\x9f\xf9\x046\
\xf2\xffO\x08\x04\xc0\xfc\x02\xe0\xbd\xfc\x7f\x95W\xfe\x81\
>p\xfe\xff5\x8b\x01\"\"km\xf1\x9d%37\
1F\xce]\xf5R\xeen\xb8.\x9b\x0b!\x84\x94r\
\x161\x90\x7f\xd6:A1\xa5D\xcb\xe52.\x97\xcb\
\xc0\xcc\\Y\x06:\x0b\x83z\x87\xfd{\xe1UT\xaf\
\x8a\x8d1\xa2\x88\x89/_\xbe\xd8<\x06\xb1\xef\xfb\x17\
\x96A\x08!\xcd$\x06\xb8\x0a\x19\x8a{\xbe\xc7&O\
LX\xfd\xcf#\x00<\xc6\x1a\x02\xe0\x16h\xe8\xfdr\
>\xda\xff\xde\x96 (\x13o\xd4Z\x93\xd6Z.\x16\
\x0bCD\x14c,;\xec\xd7\xbd\x0c\xbc\xf7\xb3\x96\xcb\
\xb7L\xb8\"\xc6\xc8\xdf\xbe}\x1b\x99\xb9\xcfV\x81\x91\
R\x0ak\xad\xea\xbaNYk\x95\xd6ZL\xdca\xff\
\xa2\xfdq5\x06\x9ah^\xcb o\xd4\x94]\xd7\x1d\
\x12\xdd[N\x00\x14\x01\x81{\xf4\xb4\x93\x7f\xc2\xea\x1f\
\x02\xe0\x160\xf4~\xf6?U\x0f\xbeSx\xff\xb2\xba\
\xa9\x18\"\xe3lD\"\"\xa5\x14-\x16\x0b\xb5X,\
\x14\x11q\x8e.N\xb9\\\x1e\xc7q\x0c9\x94\xa7.\
\x97\xcfi\x19\xa8l\x19\xb8\\%\xa0\x87\x87\x07%\x84\
 k\xadj\xdbV[k\x95\xb5V\x19cj%\xc1\
S\xab\x04\xe7\xb0\x0c\xac\xb5\x9a\xf6/\xff+z\xf6\xfe\
q\xef\x9c\x9eD\xf0\xfe!\x00n\x80\x8eV;\xfb\xdf\
\x13\x00\xb2\x12\x00G\xdb\xfd\xcf\xcc\xf4\xed\xdb\xb7\x90R\
\xe2\xc5b!\xad\xb5R\x08\xa1\xabj\x038\xdf\x03\x8e\
\xf2d(\xb4\xd6\x92V\xe5\xf2&\x9f2\x08}\xdf\xa7\
q\x1cCi\x87|\x06\xcb@J)\xcbu\x94RJ\
\xd4\xf7}\xea\xfb\xde\xe7\xd7-\x9b\xa61\xb9\xb1Q\x1d\
\xca\x93&\xbe\xbc\xbd,\x03!\xc4\xfa\xe8\xe5\xd4\xdb@\
k\xad\x8c1\xf2\x80k^\x13\x9a\xff\xcc-\x96Q\x01\
\x80\x00\xb8z\x1az\xde\xdc\xf7\xde*\xe3\xd8\xa5E\x11\
c\xe4_\x7f\xfdu9\x0cCh\x9aF[k\x95R\
Ju]'\xdb\xb6\xd5Zk%\xa5L[^\x0b\x98\
\x8fz\xbc\xd7\x96A\xd7u\x86\x88\x9a\x0b\xb5\x0c(\xc6\
\xc8OOOc9\xfe\x98[\x1f7?\xfe\xf8c#\
\x84H\xfb\x8e\xc1;\x96A\x8a1\xf20\x0c\xce9\x97\
\xea\x7f\x9b_\xdfw\xaf\x93\x99\xa9\xeb:\x93#\x84\x0f\
y\x7f\xd4\x01\xf7h\xbd\xb9\x92'VK>*\"O\
\xfe\x10[\x10\x00W\x7f!\xb74m\xd3Q\xd9\xf5z\
\xd4\x9f\x9f'\x8dd\xadU1\xc6\xb4\\.#3\xd3\
\xd3\xd3\x93,-js\xbfz\x9dw\x82S\xde(&\
\xf0\x90\xba\x88UPm\x19h\"J\xde{\xca\xd1\xbd\
\xe5\x1c\xfe\xd9,\x83zc\xa1s\xce\xab\xd5E\xd5\x1d\
Q\xccnZ\x06\x82V\xb6\x89\xad,\x03?\x8ec,\
\xc7\xfdb\x8c\\W\x09RJd\xadU\x07\xde\xc7\x87\
\xac\xfe\xeb\x1d\xed\xc5\x12\xd4\xf4l)$\xdcg/\x90\
\x84\xf2?\x04\xc0\x0d`hzj\x98\xa0\xf7\xbb\x04\xee\
\xbcr\xf1\xde\xaf\x7fv5\xb1\x133Si\xfc\xe2\x9c\
\x0bB\x08GD\xd44\xcd\xbaEm\xd7u\xd2\x18\xa3\
r\x1d\xf8R\xdb\xb3~\x146\xcb\xe5\x17e\x19d\xa1\
\xa2>}\xfa\xa4\xe9t>\xf9\xa6m\"\x88H\x7f\xf9\
\xf2\xc5\x84\x10(w<\x0c\xc30\xac\xc3\x99r\x1e\x03\
\x19c\x14\xed\x7f\x84O\xe6{y_Q\xa3\x88\xe8\x91\
Vg\xda\x89\x9e\xcfc7\xb4\xb2\x07\x1bz\xde'\x84\
\xfbl5\x06(\xffC\x00\\=6\x8f\xf3\x94\x95}\
\xac\x84\xc0\xd1\x18\xc71l{\xf6\xbf\xb6B\x1c\x86!\
\xf4}_\x8e\x85\xa9\xdc\x8eU\xe6*\x81\xca\x82\x80\xe8\
r\xda\xb3~\xd4\x07\xe4\xfa\xba\xd9f\x19\x0c\xc3\xb0n\
\xfd\xfb\x9ae@t<]\xc0\xcc\x9cs\x05\xf4L\x13\
\xd8\x8b\xeb/\x8f\x81h\xdb\xb6\xa1\x95\xf5\x95\xc6qL\
\xc30\x84\x94\x92h\x9af\xdf\xe3{\\U\x00\xf6\xcd\
\xe7\x90\xb4\x8a\xf7.\xf4\xf4\x1c\xba\xa6*\x01\xd0fq\
\xd0n,\x0c>\x92eP\xc6\xca\xe36\x87\x00\xb8v\
\xba\x897\xad\xcc\"\xe1\xa87x\x08A\xf4}\x1fv\
y\xc8\x97r.\x11\x89\x94R\xea\xfb>23=>\
>\x8al\x19\xc8\xb6m\xd7;\xc1\x8d1\xa2l\xfc\xc2\
\xdb}v\xd6\x96\xc1\xdd\xdd\x9d\xba\xbb\xbb\xdbf\x19\x04\
\xe7\\df\x8a+J\x95\xe0\xe0\x83\xf8RJ\x91W\
\xda\xe7\xbc\x16R\x19\x83\xea\xa4\x05\x1d\xf8\x9a\x0e\xb5\x0f\
\xde\x0a\xb4\x89\xf4\\\xee\xfe-\xff,\x9dE\xc0\"\x7f\
._+\xe2\xea\x96-\x83\xd2\x00(\xe0v\x86\x00\xf8\
\x08\x02\xa0\x1c1*\x9b^\x8ev\x02\xc0{\x1fS\xda\
\xff\xb9'\x84\x10\xf9X\x18\xe5\x09c\xdd&\xf6\xf1\xf1\
\xd1\x11\x11\x95\xe3`\x9f?\x7fn\xdb\xb6E5\xe0r\
x\xcd2\xb0\xb9\\\x9e\x86a\xf0}\xdf\xa7\x94R)\
\x97\xc7\xb2\xf3\x7fW1Pm\xb4\xe3K\x1c\x83\x031\
t\x98\xff\xefhz\xcczI\x02\x1d\xb3 \xa0J\x0c\
|\x04\xcb@\x10\xca\xff\x10\x007\x80\xc97\xea\x94\x07\
bQ\xf5\xc7,\xff\xcbq\x1c\xc7\xdc:\xf6\xe0\xef\xfb\
\x9ae0\x8ec\x18\x86\xc1\xdf\xdf\xdf7\xf4~\xaf\x03\
p\x1e\xb6\x95\xcb\xa9m\xdb\xe6\xeb\xd7\xaf\"\xa5T\xca\
\xe5)\x84\x10\x87a\xf0\xce\xb9\x98#t'Y\x06\xcc\
L\xb9\xfc\x7fkQ\xb9E\xa0\x1f\xb2\x7f\xc0\xd1a\xf1\
\xdeC5)\xcaJ\x08\xdc\x9aeP*\xa1#nY\
\x08\x80[X\xfd\x9f+\xff\x9f\x89H\xe6\xf2\xfd\xc9C\
\x7f\xba\xaek\xda\xb6ED\xea\x95V\x09\xa4\x94\xd4u\
\x9d\xea\xbaN\x13Q\x8a16\xf5\x0e\xfba\x18^\xdd\
a__s\x07\xee\xb4\xbf\xf4\xc9\xff\x901\x1e\x8f\xfc\
\x9e\x95=\x04\xb5eP6\x16\x16\xcb\xa0|\xfd\x9a,\
\x03\x91\xc7\x0a\x15\x00\x08\x80\x9b\x11\x00\xe7\xc8\xff\x171\
\xc6Xv@\x9ft\x06I\x89\xab\x93\x02\xf1\x80\x1b\x1f\
\xc7\x0e/@\x0c\x10\x11)\xa5D\xd7u\xa2\xeb:\xfd\
\xf9\xf3g\x13c\xa4\xb2\x99p\x9be\xc0\xcc\xdcu\x9d\
i\x9a\x86np\xf5\x7fH\xfe\x7f\xb9\xa6O9\xa1\xd5\
\x96\xc1\xaf\xf9k\xd7j\x19\x94\xfc\x7f4C\x83\x00\xb8\
z\xce\x99\xff/\xca1\xb0c\x94\xff_}:\xe6\x9d\
\xdf\xb9\xc3\xda\xde8\xe7\xe8\xe9\xe9\xc9\xb5m+sP\
\xd1f\xb9\x15\xa2`\xfe\x89o\xfdg\xa5\x14)\xa5\xc4\
k\x96\xc1\xe3\xe3\xa3\xd3Z\xab\x1b\xdd\x0czh\xfe\x7f\
Y\xb1\xcf\xc9[\x96A\x9b\xff[n\x88\x94s\x8bo\
\xe4\xffC\x00\xdc\x0c\xe7\xce\xff\x97}\xdf\xfb\x10B\xcc\
\x11\xb3\xa7\x12\x00\xa4\xb5V\xb9\xbf\xfa\xde\xab\x7f\xe7\\\
\xf8\xfb\xdf\xff\xbeTJI\xa5\x94\xc8\xb1\xb2%o^\
\x96\x96\xb6\x9b+Up\x9e*\xc1\xa6e\xf0\xf5\xebW\
\xcb\xcc\x92\x99\xd3\x0cq\x03sOJ\xea\x00\x81.h\
\xb5\xc3?\x9c\xf9=\xab-\x03\x99\x7f\xa7\xda2\xd0\xd5\
G\xa9\x10\xa43\xbdV\x04\x00A\x00\\=g\xcd\xff\
\xa7\x8d\x00\xa0SV\x00\x94R2{\xbf\xfb\xae\x90d\
\xdf\xf71\x7f\xbbrd->>>z\"\"k\xed\
:\xb2\xb8m[e\xad\x15\x1b-j\xc1\x19\xc5\x00\xd1\
\xea\x94\xc1\x0dVi\x98\x9e\xd3\xfa\x0e)I\x0b\"\xba\
\xa3U\x89>\\\xc8\xfb\x96\xf23\xe7[\xfe\x9a\xa5g\
\xcb\xa0\xa9*\x06s\x8b\x01\xe4\xffC\x00\xdc\x04\xe7\xce\
\xffO\xde\xfbp\xca\xf2\x7f\xf5\xf0\x97\x07\x9c\x1f\xe7\xdc\
u.\x12m\xcf\x9b\xf7\xde\xc7\x12\xf3Z\xc4FnB\
\xa3\xbb\xaeSZk\x953\xdea\x19\x9cw\xb2\xbc\xc5\
\xdf\xa9T\x00\xf6\xad\xd0%\"\xba\xcf\x1f%\xdc\xc6U\
+\xf2K9\xeb\xee\xe8e\x0aiK\xdf\x9f2\x10\x95\
\xa09\x85e\x80\xfc\x7f\x08\x80\x9b\xe0\x12\xf2\xffy\x18\
\x06_\xad\x94O\xb1\xfa')\xa5\xccA+\xfb\x1ea\
\x14!\x84P\xc2h\xb6\xfe\x85U\x16\x01\x11\x91`f\
\x1e\x86!03?==9\xa5\x94\x14B\xc8\xa6i\
d\xd7u&\xf72(\x11\xb1\xb0\x0c\xc0\xa1\xf7\xb1:\
\xc2$\x97\xaag\xc2\xa2\x12\xfd!\x0b\x82\x9eVeo\
G'\x08\x03\xdb\x93\xb2\x87\xe0\x1b\xcdg\x19 \xff\x1f\
\x02\xe0&8w\xfe?9\xe7\x8e]U\xa0\xd7&g\
c\xcc!\xd7\x91\x1c\x86\xc1\xe7\xdd\xe4\x93~^%\x06\
(\xa5\x94\x989\x85\x10h\xb9\\zf.\x96\x81\xd1\
Z\xab\xa6id\xdb\xb6\x12\xbd\x0c\xc0\x9e\x13\x92\xa1\xe3\
\xe4s\x94I\xbf\x8e\xfb6\xf4\\z\xff}\xfe\x7f\xa5\
20nY\x95\x9f\x8bm\x96ASU\x06\xca)\x83\
c$@\xe2\xfc?\x04\xc0\xd5s\xee\xfc\x7f\xce\xcd}\
N\xfd{\xb2\xd6Z\x1e\xe8\xff\x8a\xbe\xefS\x8c\x91s\
R\xdd.\xe2\xa3h\x82\x17_\xdbb\x19h\xa5\x94l\
\xdbV\xc12\x00;L\xd8\x87\xe6\xff\xbf\xf7\xfdy\x8b\
\xe0\xb8'\xa2/y\"u\x95\x10\xb84\xcb`\xdc\x98\
\xac[\"\xfa\x9a?\xf6\x11\x01%\xfe\xd7\xe1\xd2\x83\x00\
\xb8vZ:\x7f\xfe\xbf?\xb5\x00`f\xca+\xed\x83\
V\x171\xc6x\xcc\xbd\x0a[,\x03\xc7\xcc\xb4\\.\
E\xb1\x0c\xac\xb5\xb2\xeb:e\xad\xd59&\xb7\xb6\x0c\
\x90E\x00\x88\x8e\x97\xc9\xb1\xab((\x13\xa8\xa9\x9e%\
\xdb,\x83\x91\x9e\x8f\x10\x9f\x9b\x81\x0e\xdb\xcb\x84\xfc\x7f\
\x08\x80\x0f%\x00N\x9a\xff\x1fc<\xf9C!\xa5t\
p\x8b\xd5q\x1c\xe30\x0c!w\x17<:\x9b\xbd\x0c\
6,\x03A\xb4\xda\xc4XN\x19\x14\xcb\xa0\xda;\x01\
1\xf0q9$\xff\xff(\xb7X\xf5\xf3\xaf\xc12\xb8\
?\xe0^A\xfe?\x04\xc0\xcd\x8c\xe9\xd4\x0a\xc0\xa9\xf2\
\xff\x1d3\xf3\x89\x03\x80H)E\x87\x06\x00\xf5}\x9f\
\x9csQk-r\xa8\xd0\xc9\xfa\xd6\xbf\x96e\x1fB\
\x88\x0f\x0f\x0f1\xa5\xc4R\xca\xfa\x94\x81\xea\xba\xae\xb4\
CF0\xd1\xc7\xe2\xd0\xfc\xffSU\x076W\xcd\xdb\
,\x03_\x09\x83\xb9Z\xea\xda,P\xf6\xed\x95\x80\xfc\
\x7f\x08\x80\x9bY\xfdO)\x1d\x9e2\xff?\x9c:\xff\
\x9f\x99\xb9m[s`\xfe\x7fj\xdbV\xff\xf8\xe3\x8f\
w\xc30\x94\x16\xb5\x1cc\x8c\xf9\x84\x81\xd8v,\xf0\
\x14U\x82\x92m\xcf\xcc\xe4\x9c\x0b\xc30\xf0\xd3\xd3S\
i\x7f,\xac\xb5\x0a\x96\xc1\x87\x9c\xfc/\xfdun\xb3\
\x0c(O\xa8qC\x0c\x94\x12\xfb)\xae\xd5\xee\x80\xf1\
B\xfe?\x04\xc0\xcd\xd0MX5\xdcD\xfe\xbf\xd6Z\
I)\x0f\xda$\xd5\xb6-\xb7mk\x98\xb9\x09!p\
\x9e|\xd38\x8e!\x84\x90\xbc\xf7!\xc6\xc83\x8a\x01\
\x12\xab~\xb8\xc56H\xb9un\x9c`\x19\x08B\x86\
\xf9\xad\x08\x80C\xf2\xff\xcf\xc5\xa6e\xa0\xe9\xf9DR\
\xf9\xffC%\x06\xdc\x11W\xdd\x8b\xfc\x1c\xdb\xc7\xc3G\
\xfe?\x04\xc0MU\x00\xe4;7\xc2\xc9\xf2\xff\xbd\xf7\
s\xe4\xff\x93\x10\xe2\xe0\xf2\x7f\xfd-\x85\x10\xd1\x18C\
\xc6\x18ywwg\x88\xa8\xc9mi\xd99\x17\xbc\xf7\
i\x18\x86\x10B\x88\xdb&\xecSW\x07j^\xb3\x0c\
\xac\xb5j\xb1Xhc\x8cTJ\x09!\x04,\x83\xeb\
\xe5\xd0\xfc\xffK\xa9\x0el>w\x16\xb4\xb2\x0d\x88\xb6\
\x9f2\xd8\xc72\x10\xb4:\x06\xb8\xef\xea\x1f\xf9\xff\x10\
\x0073\x9eS|\xb0\x93\xe5\xff/\x97\xcb9\xf2\xff\
Yk\xad\xab\x00\xa0c\x13\x88Hh\xad\xe9\xfe\xfe^\
\xe7\x95\x05\xe7\xf6\xb4\xc9{\x9f\x96\xcb\xa5\xf7\xde\xc7\x94\
\x12\xc5\x18S\xd9\xf3pN\xcb@\x08!\xbe}\xfbV\
[\x06\xdaZ\xab\xb6X\x06\xc8\"\xb8l\x0e\xcd\xff\xbf\
tQ\x90\xaa\xe7\x95\xa5\xe70\xb2}-\x83r\xecy\
o+\x90\x10\x00\x04\x01p#\xab\x7f;\xe1\x869Y\
\xfe\xff0\x0c!\xc6\xc8J):\xd5DX&\xdb|\
\x02\xe0\x14\x93Y\xfd\xc2\xd7+~k\xad\xc8=\x07\xd4\
\x97/_l\x08\xa1\xf4\xab\x8f\xe38\x86\x18#;\xe7\
.\xc92\xf0D\xc4\xc6\x18\xd5\xb6\xad\xce)\x85\x9b\xa7\
\x0c \x06.o\x92<F\xfe\xff50\xc52(B\
\xe0-\xcb\xa0\xf4=\xd9w\xbc\x90\xff\x0f\x01p3\x02\
\xa0x\xfb\xef=d\x8e^Zdf^,\x16F\x08\
AyBL\xdb&\xabc\xfc,c\x8c<\xe4\xe8\x1e\
3\x8ba\x18\xd2+AB\xfc\xc6\xb8\x95\xdf\x85\x8be\
\xb0X,4\xad,\x834\x0cCr\xce\xc5\x0b\xb2\x0c\
Dm\x19(\xa5d>U\x00\xcb\xe0r\x05\xc0\xa1\xf9\
\xff\xd7\\\x1d\xd8\x14\xe2wD\xf4)\xffwm\x19\x94\
\xbd\x04\xae\xaa\"\xecs\xcd\"\xff\x1f\x02\xe0fh&\
\xde\x04\xa7\xc8\xff'!\x04\x7f\xfd\xfaU\x7f\xfd\xfaU\
;\xe7\xd89\x97\xbc\xf7q\xb9\\\x06\xef}d\xe6\x83\
\xcb\xe5%\xff\xff\xee\xeeN\x1f2I\x85\x10\xf8\xbf\xfe\
\xeb\xbf\xfa\x10B\xea\xbaN-\x16\x8but\xef+9\
\xfeo\x95c\x13\x11Qe\x19h\xaa,\x03\xe7\\\xea\
\xfb~\x9be@s\x94\x09v\xb5\x0c\xb4\xd6\xc2ZK\
Uu\x08\xa7\x0c\xe6\xe3X\xf9\xff\xb7$\x0a\xde\xb3\x0c\
\x0c\xed\x7f\xdcPf!\x01 \x00\xae~,[:c\
\xfe\x7f\xbdr\xac\xcb\xe5_\xbf~-;\xecc\xdf\xf7\
\xc19\x17s\xf9|\xafr\xf9\xb1\xf2\xff\x9ds\x81\x88\
x\xb9\\\xa6rt1\xef\xb07\x1b;\xec\xcb)\x89\
)%\xc6\xf5\xf8\x971\xb8\xbb\xbbS_\xbf~\xdd\xb4\
\x0cb\x8c\x91\xbd\xf7!\x84\x90\xca\x04=\x83\x18x\xd7\
2\xc8\xb1\xc5e\xff\x80\xec\xbaNj\xad\xcb\xb1\xb4\x84\
\xc9\xe9\xa4\x1c3\xff\xff\xd6x\xcd28\xf4\x9aD\xf9\
\x1f\x02\xe0\xea\xb14\xdd\x07;E\xfe\xffV!P*\
\x03\xb9\\\xae\xf2\xca\x9dr\x89<\xd6\xe5\xf2\x9c\x1e\xc8\
\x9b\x93\xd5\xe6\xf7=V\xfe\x7fJ\xe9E\xfe\xbf\x10B\
\x84\x10\xf8\xdb\xb7oc\xce\xf1\x17\xd6Z-\xa5Tm\
\xdb\xca\xc5b\xa1\x95RJk-\x84\x10i\xdb\xef:\
e\x0c\xb2e b\x8ci\x18\x864\x0cC\x0a!\xc4\
q\x1c\xbd\xf7>M\x18\x83\xa3W\x07\xea/\xa5\x94\xf8\
\xe9\xe9\xc9=<<\xb0\x10B\x14!\x90_{\x09&\
\x92\xb0\x0cNr\xcf\x9c2\xff\xff\x16\xab\x03\x87\x8a-\
\xe4\xffC\x00\xdc\x04\xdd\x0e\x17\xfd\xb9Z~\xaeo\xda\
\xbc3\xdd\x14\x05\xef\xbd\x17\xc52(U\x82\x94\x12o\
X\x06G\xc9\xffg\xe6W\xf3\xff\x85\x10\x94\xa3{\x05\
3Sn\xfd\xeb\x96\xcb\xa5\xf8\xf6\xed\x9b\"\"\xd14\
\x8dZ,\x16Zk\xad\xad\xb5r\xf5k\xac\xcb\xe5q\
\xe3a\xfe\xea\x18(\xa5\xe8\xee\xee\xae\x88\xa2\xe4\xbdo\
\xb2m\x10\x87a\xf0\xe38\xa6\x8a\xf5\x18\xcc]%\xc8\
\xcd\x8d\x02\x11\xd1\xc3\xc3\x83\x92R\x92\xd6Z.\x16\x0b\
S\xc4\x01,\x83\xa3\xa10\x04\xb3V[\x90\xff\x0f\x01\
p3\x02`j\xfe\x7fOG\xce\xff?T\xc1\x97\x0d\
uD$7\xca\xe5u(O\xf4\xde\x87\x03\xf3\xff\x85\
s\x8e\xc7q\xf4\xefm\"\xac\xc4\x80\"\xa2\x92\xe3O\
\xcb\xe52\xf6}\xefk\xcb@)\xa5\xdb\xb6\x95m\xdb\
\x8a\xca2\x98R\x9aL\xd5\x18\x94\xe3z\x9a\x99M)\
\xcd\xf7}\x1f\x87a\x881\xc64\xb7e@D$\xa5\
\xdcf\x19\xa4a\x18B\x162\xb0\x0c\x8e\xc7\xb9\xf3\xff\
?\x12%\x01\x10@\x00\\\xfd\xaaaJ\xfe\x7f\x1d\x00\
ti\xbc('k\xadIk\xad\xba\xae3D\xd4\xc4\
\x18\xe30\x0c\xdc\xf7}h\xdb\xf6\x90MR\xa2\xd8\x0e\
\xbbf\x15l\x96\xcb7,\x83\xbej\xfd\xabJ\xb7\xbf\
\xaa\\\xbe\xafe \xba\xaek\x88\x88j\xcb \x8f\xc7\
%X\x064\xc12\xd0;\x8c\xc1G\x86\xb3(\x17\x18\
\x9fYV\xff\x91P\xfe?\xaf\x02c\xe6\x7f\xa1U\x08\
C_}\x06\xbbqOD\xff8\xe1\xc1Z\x9e\xdcO\
t\x9d\x09c\xf2\x08\xabJ\xf1\xf3\xcf?\xbb_~\xf9\
\xa5?vZa\xee\xf6\xc7\xcc\x9cr\x17@\x95\xf3\x0a\
d\xdea_[\x06\xfb\xe6\xf8\xaf\xc7\xc0{O\xce\xb9\
\x14BH}\xdf\xfbq\x1cK/\x83\x94R\xe2\\\xc6\
\xa79\xaa\x04\x9b\x82 \xa5\xc4DD9\xaeYd\xcb\
@\x1bc\xb4\xb5VZky\xcb\xfbyk\xc17\xfb\
L\xfe\xf7t}\x11\xc0\xd7\xbah\x1a\x89\xe8\xdfh\xbe\
\x86E`U\xa9^\x94\xcf\xa8\x00\x1coP\xa7\xe4\xff\
\xeb\xacx\x03\x9d\xb7\xfc\xbf\xf7\xdcr\x84\xc9I\xf4}\
\x7f\x92\x1b~\xd32\xa8w\xd8\xf7}\x1freC\xb6\
mk\xeaP\x9e\\\x89\x98*l6-\x03ID\xf2\
\xcb\x97/&\xdb&\xa9\xef\xfb0\x0cCL)\xb1s\
\xeeR,\x838\x0c\x83'ZY\x06]\xd7i\xad\xb5\
n\x9aF\xb5mK\xd92\x90\x17\\\xa1\x9aC\x00\\\
c\xfe\xff\xd5.>\xf3\xc4\x8f\xc9\xff\x8c@\x00\x1c\x87\
)\xf9\xff\xe5!\xf3\xa1\x1f.\xce9\xee\xfb>\xae\xe6\
&\x9e}\x87}\x8c\x91\x1f\x1f\x1f\xc7\xb2\xa9\xcf\x18\xa3\
\xf3&:u\x88e@\xcf\xb6I\xb1\x0c\xca)\x838\
\x8ec\xca\x9e\xfd\xc5X\x06\x8f\x8f\x8f.\xa54\xe6\x9e\
\x0eZk\xadr0\x91\xfc\xc0\x96\xc1\xb5\xe7\xff_\xd3\
\xe4\x8f\xfc\xffKx#`\x01\x1cED\xfd3\xadB\
\x80\xde;:TB/\xc6+\xad\x00\x1c\xcc8\x8e\xf4\
\xf3\xcf?\x0f\xce\xb9\xb0%\xc7\x7f\xd6r93\x133\
s.\xd7\xd3\x86e`\xac\xb5\xea\x0d\xcb`j\xb9|\
\xbd3\xbf\xb2\x0cb\xdf\xf7\xe1\x06,\x83[\xab\x00\xdc\
\xe7\xfb\x19G\x00O/\x00\x88\x88\xfe\x9d\x88\x1e1\x1c\
\xb3\xf2\xc2\x02\x80\x008\x9c{\"\xfa\xa7\xf2,}g\
\"`\"\xfa\x86\xd5\x05\xc9\x10BI\xc4+\x19\x04\xc9\
{\x1fc\x8cq5\x0f\xce?\x11\xf2\x8a\xfa!\xf5\x9a\
e\xb0\xcb)\x83m\x0f>\xa2UD\xf0V\xcb \xc6\
8\xabe\xf0\xc6\x18\x10\xd1K\xcb\xc0Z\xab\xda\xb6]\
\x9f\x18\xb9\x111P\xec\xb9\x05a\xf3\xdf\\\x02 \x12\
\xd1\xbf\x12\x8e\x00B\x00\\9\x7f \xa2?\xd2\xfb^\
V)->|\xd4\xd5\xff+\x0f\x02I\xb4j\xb1;\
\x8e#\x8f\xe3\x18\xf39\xfc\xd9s\xfc\xdf\xab\x12\xe4\xc8\
^\xad\x94RM\xd3\xa8\xae\xebJ\xb9\\\x1cX.\x97\
\xb4a\x19\xe4?\x07\xe7\xdc\x0bO>\xff\xfa\xb3\x0e\xc3\
f\xa5$[\x06\xd2\x18\xa3\xba\xaeSM\xd3\\{0\
Q\xa2U\x88\xd7=}\xac\xfc\xff\xb3-\x00\xf2\xca\xff\
\xffb( \x00\xae\x9d\x7f$\xa2/\x13\x94\xac\xa4\xe7\
\xbe\xdbx\xc0\xbc1\x11\x12Q\x0a!P\x16\x03i\x18\
\x860\x8ecH)Q\x09\xe59G\xb9\xfc\x0d\xcb@\
u]\xa7\xf3~\x02a\xade!\xc4\xbe\xa1<kq\
\x98\xe3\x9b\xc9{\x1f\x86a\x08\xc30\xc4\x1c\xa2\xc4)\
\xa5\xb3U\x09j\xcb@)%\x95RB)%\x17\x8b\
E\xc9\"P\xd6\xda\xfau]z0\x11\xd3j\x1fO\
\x9b\xefc\xdc\x9f\xa7E\x11\xd1\xdf\x88\xe8\xef\x18\x0a\x08\
\x80kF\x13\xd1\x7f\xa3i\xe1!:\xaf\xfe\xf1\x80\x99\
^\x1dX\xff\xb9\xf42\x18\x86!\xe6ryr\xce\x15\
\xcb@\\@\xb9\\\xe4\x09Q4M\xa3\xad\xb5:\xef\
%\x10Zk\x95_\xdb\xa1\x96\x81\xc8b\xa0\x0e&\x8a\
!\x84xI\x96\x81\x94R\xb6m\xabsc\xa7\xb2\xb9\
\xb2T{.\xd12(]\xefp\xfe\x7f>\x01\xf0\x7f\
hu\x1c\x1a@\x00\\-\x8b,\x00\xa6l\x1a\x92Y\
\x00|\xd4&#\"\x84 \xa4\x94$\xa5\xdc\xb7T\\\
\xba\x04\x8a\x18c\x1a\xc7\xf1\xc5\x0e\xfb\\.\x7f\xfe\xcb\
\x97Q.7\xb9\\.\xbb\xaeS\xa5|.\xa5<\xd4\
2\x901\xc68\x8ec\xdd\xcb\xe0\",\x83\xbaJP\
\x82\x89j\xcb\xa0\x88\xa3\x0b9eP67~&l\
\xfe\x9b\x83rZ\xea\x7f\x13\x8e\x00B\x00\\9\xbf'\
\xa2\x7f\x98\xf0\xe0(\xab\xbf\x0f\xabx\x99Y\xfe\xe7\x7f\
\xfe\xe7\xe0\xbd\xf7www6\xef\xb0W\xc6\x98R.\
\xdf'\x90\xe6\x85e\x90s\xfc\xebr\xf9E\xec\xb0/\
Kd)\xe5\x8b\x1d\xf6U\xb9|\x1f\xcb\xa0\x8c\xd1:\
\xb9.\xc6\xc8\xb9\x0dt\xc8{\x09B\xe9\xe7p)\xa7\
\x0cV\xae\x89\x14Zk\xb5X,\x8a\x18P\xd6Z:\
\x93eP6\x00~\"lH\x9b\x03MD\xbf\xd1\xea\
\x04\x00\x80\x00\xb8j\xfe\x89V\x1b\x87\xd2;\x0f\x18\x9b\
'\xff\x81>\xe6\x06@\xe1\xbd\xa7\xbf\xfc\xe5/\x0f\xce\
\xb9(s\x13\x00\xa5\x94\xc8\x19\xf6\xda\x18\xa3\xda\xb6\x15\
y3\xd9>\x814\x9b\xe5\xf2u\x00P)\x97\x7f4\
\xcb \xc6HyCe\x1c\x86!\x86\x10b\xb6\x0c\xd2\
%Z\x06E\x10\xe5^\x06r\xcf1\xd8G\x00,\xf2\
\xc4\x84\xf2\xff\xe91D\xf4\x9fD\xf4\xff0\x14\x10\x00\
\xd7\x8c\"\xa2\xff\x91?OI\x00|\xa2\xd5&\xc0\x8f\
(\x00\xe4\xe3\xe3c\xfc\xeb_\xff\xfa\x90\x93\xfa\xcad\
P\xef\xb0\xa7\xbc\xa3^\xd79\xfeG(\x15\xafw\xd8\
\x7fp\xcb@d\x11\x94\xc6qL\xe5\xa4\xc5\x05Z\x06\
\xdf\x9d28\xb1e\x90hU\xfe\x97\x84\x04\xc0\x93?\
\x07\xf2\xe7\x7f\xa7\x95\x1d\x0a \x00\xae\x96\x8f\x92\xff\x7f\
\x94\x0a\xc0/\xbf\xfc\xe2\xff\xfe\xf7\xbf/k\x01\xb0m\
\x12(\xcbC\xa5\x94\x14B\xa8\xdc\x8c\xa7\xe4\xf8\x17\xcb\
\x80\xe8\xe5\x86\xb2},\x83\xf5\x0e\xfbK\x0b\xe59\x91\
e\xf0\xdd\x18\xc4\x18\xe9R-\x83R)\x98h\x19\x1c\
:q\x7f>\xd2\xf7\x01\xef/\x9a\x1c\xad6\x00\xc2\xff\
\x87\x00\xb8j~\xa4\xd5\x1e\x80\xb7\x1e\xc0%_\xdc\xd1\
\xea\xdc\xeb\x87<\xff\xcf\xcc\xf2?\xfe\xe3?\x9e\xfa\xbe\
\xf7S\x1b\x00m)\x15\x0b\xa5\x94l\x9a\xa6\xec\x1dP\
m\xdb\x8a\xbc2T\x04\xcb\xe0CY\x06\xf9\xd8\xa5j\
\xdbV\xdf\xdd\xdd\xc9=+\x02\x89\x9e\x8f\xffa\xf2?\
=\xe5$\xd4\xbfa(.C\x00\xa0\x17\xc0\xfe \xff\
\x7f\"\xde{\x1e\xc71\xec2y\xbc\x92a\x9f\x96\xcb\
e|zzbf\xa6,\x04\xb4\xd6Z\x96@\x1ac\
\x8c:$\xc7\xbfm\xdbu\x8e\xff8\x8eq\xcb\x0e\xfb\
\xfa5\x96\x97z\x9a\xb2\xc9+9\xfe\xcb\xe5\xd2==\
=\x8dD$J\xb9\xbc\x1e\x83\x1c\xe7\xbb\xf3\x18(\xa5\
\xca\xbe\x0cK\x1b\x96\x81s.\x8c\xe3\x18\x9ds\xe1\xdc\
c@D\xa5\x97\x01\xff\xeew\xbfk\xef\xee\xee:\xda\
\xdf\x12@\xfe\xff< \xff\xffB\x15\x19\xd8o\xdc\xcc\
\x84\x87N9W\xfc\x91\x8f\x17\x09\xef\xfdQvWW\
I\x80\x82\x88(\x84\x90\xbc\xf7#3\xd3\xe3\xe3\xa3,\
\xe5\xe2\xae\xebt\xdb\xb6\xba\x0a\xa4)\x0f\xfa)\x96A\
\xca+mZ,\x16z\xb1X\x94r9\x8f\xe3X\x12\
\x0bc\xdf\xf7>\x07\xf2pJ)\xe5\x95\xe9\xc9W\xc8\
\x9bc\xe0\xbd\x0f\xce9.c \xa5\x94J)\xd1u\
\x9dn\x9aF\x1bcT\xd34\xdb\xc6\xe0\xbd\x951)\
\xa5\xa8\xeb:\xd5u\x9d&\"\x1dc\xa4q\x1c9\x84\
\x90\xc6q\xf4}\xdf\xc7\xf2\xfb\x9f\xa9\xe3\xa1\\,\x16\
\x96\x0e\xdb\x0f\xa0\xf08\x9b\xaf\xa0C\xa80C\x00\xdc\
\xc8\xea\x7f\x8a\x00(\xa5\xc9\x8f\xba\xf9\x8f\x88H\xf4}\
\x1fJ\x94\xee\xb1'\x812\x1123\x97\xe8`\xe7\\\
\xf8\xf6\xed\x9b\x10BP\xd34\xbam[\xad\xb5\xae-\
\x83\xd2\xf0er\xeb_\xa5\x94X,\x16\xe5\x9e\xd1!\
\x846\x8b\x81\xd4\xf7}\x08!\xa4\x10B,\xaf\xa1\xd8\
\x06sL\x84\xf5\x18\xc4\x15\x94W\xeaBJIM\xd3\
\x98z\x87\xbd1F\xe4=\x04i\x8f1(\xed\x96u\
\x08A\x94\xea\xc8r\xb9\x8c1\xc6Tl\x83\"TN\
8\x06\xac\x94\x12\xb9\x95\xf3>\x02\xa0\xd8s\xa5\x8a\x87\
\xd5\xff\xe9\x89\xa8\x00@\x00\xdc\x8a\x00\xd04m#K\
\xa2\xe9\x9b\xd4nO\xf23\xd3r\xb9\x0c1F~\xa5\
\x9c{\xac\x95\xf1\xd6\xef\xdd\xf7\xbd_.\x97\xee\xc8\x96\
\x01i\xad9[\x06\xfa\xcb\x97/6\xa5\x94\xbc\xf7i\
\xb9\\\xa6\x10Bt\xce\xc5q\x1c}\xed_\x9f\xa9\\\
N}\xdf\xbb\xe5r\xc9DTNZ\xa8r\xca\xe0\x10\
\xcb \xdb&\xd4\xb6\xad\xfd\xf2\xe5\x8b,\xe9\x8c}\xdf\
\xa7\x10Br\xce\xf9a\x18Nb\x1903\xe5*\xcf\
!\xab\xd1\"f\x90\xff?\xc3B O\xfe\xc8Z\x80\
\x00\xb8z\x9a\x1dV\x1d\x1f\xda[\x8c1F)\xa5\xd4\
Z\xab\xb2\xcb~\xeeR1\xbdm\x19\xc8\xae\xeb\xd4\x01\
\x96\x01\x13Q\xcc+m\xd94\x8d&\"N)\xf10\
\x0c\xec\xbd\x8fyR<\x8be\xb0e\x0c\xa2\xf7>,\
\x97\xcb\xb5e\x90\x85\x8c)\x82\xa8\xb2\x0c\x04M;e\
\x90\xf2\x18\x88\xb6mU\xdb\xb6\x9aV\xc1D\xb6\x9c\xb4\
\x18\xc71d\xcb \xc5\x18\x0f\xbe\x0eRJd\xad\xd5\
\x07\x0e\x9f\xc2\xc4?\xab\x00@\xf9\xff\xd2\xde\x14\x9c\x02\
\xd8K4\xfd3\xad\xc2}\x90\xff\xff\xfeJM\xc4\x18\
)\x9f\xbd\x8f}\xdf\x87\x18#\x97\x0c{\xa2Ui\xf9\
\xdc\xbb\xcb\xcb\xeay\x8be\xa0\xaar\xf9.\x9b9_\
\xfc>U\xb9\xfc\xac\x96\xc1[c@\xc7\xb1\x0c^\x1d\
\x83\x18\xa3\x0c!\x84|\x1d\xac{\x19\xecc\x19\xa4\x94\
\xf8\x8f\x7f\xfc\xe3\xfd\xfd\xfd\xbd\xa6\xfd6\xd9\"\xff\x7f\
^\x90\xff\x7f\x19\xe0\x18\xe0\x11\x06\xf0\xbf\x13\xf2\xff\xf7\
Z\x8c\x12\x91H)\xa5q\x1cSi\xfd\x9b\x03zf\
\xdd]\xfe\xd6\xc4R&\xc6b\x19\xe4Nw\xaai\x9a\
\x12\xcaS\xaf\x8aw\x9d<\x04\x11\xc9K\xb0\x0c\xde\x1b\
\x03\xa2\xc9\x96\xc1\xae\xe3 \xf3\x18D\xef}\xca\x96A\
\x1c\xc71L\xb1\x0cRJl\xadU\x7f\xfa\xd3\x9f\xee\
\xb4\xde\xab\x88\x89\xfc\xff\xf9\xef{\xe4\xffC\x00\xdc\x04\
?\x10\xd1\x9f\xe8}/\xeb\xc3\xe7\xffO\x18\x9f\xcd\x0c\
\xfb2\x09\xc4\xd2\xf2\xb6\x04\xd2\x94r\xf1\xb9\xc4@n\
{\xfb\xc22\xd0Z+km]b\xdfg\x85,\xe9\
\x0d\xcb \xa7\x04\xa6sU\x09\xb6\x84\xf2\xac-\x83\xb6\
m\x95\xd6Zn\x8c\xc1\xae\xbd\x0c\xea1H\xe38\x8a\
m\x96A\xdd\xfe8\xa5\xc4\xf7\xf7\xf7\xedO?\xfd\xd4\
\xed\xb9\xfaG\xfe\xff\xbc \xff\x1f\x02\xe0f\xf8s^\
9 \xff\xff\xb8b`M\x0e\xa4Ie\x12\xc8\xe5\xf2\
\xe4\xbd\x8fD\xeb#`g\xb7\x0c\x88\x88r\xdb[\xa3\
\xb5\x96m\xdb\xca\xbc\x87\xa0\xecL?\xa6e\xc01\xc6\
\xe8\xbd\x0f\xcc|Ic\xc0\xd6Z\xddu\x9d.c`\
\x8cQ\xb9\xdf\xc3Ac\xf0\x9ae0\x0c\x83\xff\xc3\x1f\
\xfep\xff\x87?\xfc\xa1\xdds\x05\xcf\xf9\x018\xe5$\
\x0f8\x1c\xe4\xffC\x00\xdc\x04\x92V\xf9\xff\xef5\x0e\
A\xfe\xff\xf1\xc6[\x94r\xf90\x0c\xc99\x17K\x8e\
\xfd\x8b\x98\xbc\x0b)\x97\x1bc\x94R\xaa\x94\xcb\xa51\
FoX\x06\xb4G\x95@\x951\xe8\xfb\xbe\xf8\xe6\xa1\
D\xf7n\x8c\x01\x9dc?EJ\x89\x98\x99\xb5\xd6\xb2\
i\x1a\xad\x94\x92yC\xa0:\xc2\x18\xac-\x03\xe7\\\
Z.\x97q\xb1X\xa8\xb6m\x0fI\x00\xfcD+_\
\x1a\x09\x80\xa7\xbf\x87\x89\x90\xff\x0f\x01p\x03,h\xd5\
\x01\xf0\xbd\x8dC\xc8\xff?M\x95`]./\x96A\
.\x97\x87\x10B\xaaO\x19\x9c\xbb\\^\xf2\xeb\xeb\x9d\
\xf19\xbe\x97r3\xc4]r\xec_+\x97\x93\xf7>\
9\xe7B\xa9\x12d\xc7\xe0l\x96Ail\xc4\xcc\\\
N\x7f\x08!D\xdb\xb6\xaa\xc4\xf7\x1ac\x84R\xaaL\
\x0e\xbc\xe7\x18\x1c\xda%\x10\xf9\xff\xf3\x80\xfc\x7f\x08\x80\
\x9b\xe1\xf7\xb4\xea\x010%\xff\xdfg\xc5\x8b\xd5\xffi\
\xc4\xc0\x9a\x18\xa3\xc8\xe7\xce\xc3r\xb9\x8c\xde\xfb\x14c\
\x8c%\xba\xf7L\xe5r\xda\xa8P\x88\xd2\xe9.\xf73\
\xd0M\xd3\x08c\x8c\xdc\xb3\\\xfeb\x1c\xaa1\x88\xcb\
\xe52\xe41Hg\xb6\x0c\xbe\x1b\x03\"\"k\xed\xfa\
\xd8e\xd34\xd2Z{\xc8\x18\xec\xb3\xfaG\xfe\xff|\
hZ\xf5A\xf9?\x18\x0a\x08\x80k\xe7\x1f\x89\xe8\x0b\
\xbd\xbdq\xa8\x08\x80!\x8f'\x04\xc0\xccU\x82\x94\x12\
\xe7\xc6>\x17g\x19\xd4\xe5\xf2\x9c;\xa0\xf2\x91\xc3m\
\x96\x01\x1f:\x06\xcb\xe52y\xef\xd3\x85Z\x06Ik\
\xadN`\x19\xbc'\x00\x16Y\x00 \x00\xe8\xf4\xf7\xa3\
 \xa2\xbf\x13\xd1\x7fa8 \x00\xae\x19ID\xff-\
?8\xe2\x84\xbf\xdb\x13\xd1\x08\x01p^1@\x17l\
\x19T\xe5\xf2\xad\x96\xc1b\xb1\xd0J)>\xd2\x18l\
\xb3\x0c\xd2\xb9O\x19\xeca\x19\x1cZ\xfa/\xfe\xbf\x81\
\x00\x98\xe5\x1e$Z\xf9\xff\x8f\x18\x0e\x08\x80k\xe6.\
W\x00\xcaC\xe8\xad\xc9\x9f\x89\xe8\xdb\x09\x1e.\x8a\xd0\
]\xf0\x90\x07\x11\x11]\xbee\x90R\xe2\xa6i\xcc\x9f\
\xff\xfc\xe7\x85\xd6\xfa\x98A5Wm\x19\xe4J\x89l\
\x9aF\x0a!\xf6\xcd\xff\xd7\xf9\x01\x88\xdd\xff\xf3\xdcw\
\x91\x88\xfe\x95p\xdc\xf2\"\x05\x00\xa2\x80\xa7\xd3T\xab\
\x86)\xab\x8c\xa3\xe6\xff\xa7\x94\xe8\xe7\x9f\x7f\x1e\xb5\xd6\
\x9cWF\xa7,\x93\xde\x1a/\xc6E)\xc5J)j\
\x9a\xc6|\xfa\xf4\xa9I)\xb1\xf7>\xf6}\x1f\xf3\x0e\
\xfb4\x0cC\xc8\x19\x04e2\xaa\xe7\xa4\xe3?)\x9f\
\xbb\xfc\xad\x83nr\xa3\x9bt\x8aq\xa8\xc6@\x7f\xfa\
\xf4\xc9Vc\xb0\xb6\x0c^\x19\x83\x93\x0dB=\x065\
\xce\xb90\x0cC\x881\xa6\xcf\x9f?w\xf9\xfc\xff\xbe\
\x02\x00\xf9\xff\xf3\x0a\x80\x11\x93\xff\xe5\x02\x010\x9d\x96\
\xce\x97\xff/\x9ds\xe9\xb7\xdf~[23\xe5x\xda\
u\xa9\xd8\x18\xa3\xad\xb5\xdbvV\x7f\xd8&D;L\
\x08u\x8e\xbf*\x13\xb0s.\xe5,\x82\x12_\x9c\xb2\
\xaf>\x8be`\x8c\x99+\xa7\xfe\xb5^\x06\xc69'\
\x8ae0\x0cC\xf0\xde\xc7\x94\x12\xc5\x18\xd7\xf1\xc5\xa7\
l\xf0TW\x02\xca\xb5\xdd4\x8d\xdas\xf5\xbf\xd6>\
\xb8'f\x15\x00K\x0c\x03\x04\xc0-\x8c\xd3\xd4]\xc3\
\x92Np\xdc\xa5\xf4|\x97R\x8a\x92\x1f\xef\xbd\x0f\x8f\
\x8f\x8f\x8eh]&5\xa5Lj\xad\x15R\xca\x92W\
\x80\xb8\xd3i\x13!\x13\xad,\x80\xb6me\xdb\xb6\xf2\
\xd3\xa7O:\xc6\xd8T\xe5\xf2\x92\xe1\x7f\x92ry9\
K\xbfX,\x8e\xbd\xfa\x9f,\x06\xf2\x18P\xdb\xb6\x94\
\xcf\xda\xdb\x94R[*\x03ese\xe9e\x10cL\
\xb2t\xf59\xa1\x18\xc8\xa7($\xed\x9f\xdf\xafhU\
\xc5C\xfb\xdf\xf9@\xfb_\x08\x80\xab\xc7\xd0\xca\x02\x98\
2\x91\xee\xda4f\xd2\x83\xd9{\x1f\xcaC\xf0\x8d2\
\xa9\xcf\x13\x88\xb2\xd6\x9a\x12H\x93#[U^EM\
i\xfb\x0a1P\xcf\x1aJ\x91RJd\xcb@1s\
I\xa4\xe3q\x1cc\x08!\xf4}\x7f\x14\xcb \x97\xff\
\xb5\xb5V]\xc0\xfb\xb3\xfe\xf9R\xca\xd84\x0d5M\
\xa3\xef\xef\xef\x153s\xb6\x09\xca\x18\xc4q\x1cC\xa9\
\x90Tcp\x14\xcb\xa0\xd8\"Y\x90\xec\x1b\xff[\xca\
\xff\x10\xc4\xa7\xa7\xe4\xff;\x0c\x05\x04\xc0\xb5\xd3N\\\
1\x88\xea\xe1r\xb4\x15F\x8cQ\xf4}\xefs\x80\xcc\
k\xab#\xa1\x94\x12e\x15\xd9\xf7\xfd\xc8\xcc\xfc\xf4\xf4\
$\xd5*\xc4\xbdX\x06\xa6\xb4\xbd\xcd\x82`\x97@\x1a\
\x08\x03\"/\x84\x10\xd6Z\x99W\xa3\x9a\x99\x8dsN\
\xe4S\x06a\xb9\\\xae-\x83\x18\xe3\xce;\xec\xb5\xd6\
2\xab\xb5K\xf4\xa9\xb7\x8d\x81a\xe6\x94OZ$\xe7\
\\<\xb6e\x90\x8fM\xea\x03\xf7EH\xac\xfcgC\
\xe4\xd5?\xfc\x7f\x08\x80\xabgJ\xd3\x91r\xfe\xbf\xa4\
\xff\x1d\xed\xf8\x9f\xf7\x9e\xbd\xf7\x93\x1fz\x1bb\x80\xe2\
\x0a\xde\xb4\x0c\x9a\xa6)a,\xaai\x1a\x92R\x96h\
TT\x06\xde~\xb0\x95\xf7\xbbLl\x94W\xc7\x8a\x88\
\xd4\x0f?\xfc\xd0\x95r\xf9r\xb9\x8c\xce\xb98u\x87\
\xbd\x10B,\x16\x8b\xf2>\x88+\x1b\x03Q\xc6 \xa5\
\xd4\x84\x108\x1f9\x8c\xd92H\xd92\xe0g\xc7`\
\xda\xaf\xc8\xcc\xa4\xb5>\xd4\xbf7X\xfd\xcf\x86\xa2\xd5\
\x06@<K \x00\xae\x1a\x99\x05\xc0\x94\x0b\xf9\x14\xe5\
\x7fQ2^\xf7y\xf8U\x96\xc1\x8b\x7f[6v1\
3+\xa5d\xd34Z\x08!\x7f\xf7\xbb\xdf5m\xdb\
\xa2G\xfa~+\xe3\xd5\x05\xf3\xb2\\\xdeL\xb5\x0c\x98\
\x99\x84\x10\"o\xc4KW>\x06l\xad%k\xad\xbe\
\xbf\xbf\xb7\xd92\x88\xe38r\xd5\x06z\x92e\x90R\
b\xad\xb5\xea\xbaN\x1ep]2=o\x00\xc4\xb5}\
z\"\xc1\xff\x87\x00\xb8\x01\xda\xfc\xe0\x98\xb2*:\xc5\
\xce{\xb1\\.C\x0eJ9\xda\xf7\xadvV\x0bf\
\xe6\xe5r\xe9\xf2\xaa\xcc\x12\xca\xa4\xc7\x9c\x10\xb7Z\x06\
\xb9\xed\xed\x0b\xcb \x87\x12\x89\xbc\xd2M74\x06\xb1\
l\xe0\xb3\xd6\xcaO\x9f>if\xe6m\x96A\x0eg\
*\xc1@\xeb\x12A\x16\xa9\x87\x8c\x8b\x9cx\x1f\x83\xe3\
,\x9a\x1c\x04\x00\x04\xc0-\xd0\xd1\xf3\xd1\xba\xb7P\xb4\
\xf2\xbb\x8e\xba\xc38\xa5D\xe38\xa6}+\x00S\xc5\
\x80\x10\x82\xee\xef\xef\x9b\xa6i\x0eYe\x81\xed\xc2p\
=\x11\x96\x95n\xdea\xff\xc22\x18\xc7\xd1\xa7\x94H\
)u\xab\xfb1\xde\xb5\x0c\xca)\x83a\x18b\xdeW\
\x10\xbc\xf7\xb1\x9cp\xa1\xfd<\xe5\x92\xffO\x84\xbd.\
s\x09\x00O\xd8\x00\x08\x01p#\x15\x00I\xef\xe7\xff\
\x97\x0d\x80G\x9d\xa8\xf3f\xb2t\xea\xc3\xd6)%V\
J\xc9\xfc\xbb\x1e\xe2\x93\x8a\x8dq\x01\xaf_3\xab\xa7\
\xe5\xb3e`\xe8\xb9\x92\xf4\xd1\xc6`m\x19\xdc\xdd\xdd\
\xc9\xb2we\xb9\\\xa6\xbe\xefS\xb6\xa5\x0e\xb9.\xeb\
k\x1b\x15\xae\xd3\xbf\xaf#\x86\x01\x02\xe0\x16\x94\xac\x9d\
0\x91\x95\x87\xd3\xb17\x18\xc9\xbe\xef}\x08!\x9eR\
\x00\x94\xb3\xe7\xd9c\xdd{\xf2\x19\x86\x81\x87a\x88\xd6\
Ze\xad\x95Z\xeb\xcd\x150\x04\xc1\xfb\x0fN\xc6\x18\
P\xc8V\x08}\xfe\xfc\xd9|\xfe\xfc\xb9\xac\xdc\x0f\x0d\
\x00\x02\xa7\xa7\x08XD\xcaC\x00\xdc\xc4\xea\xdfLx\
\xf0\x94\xb2\xf9\xb1\x8fm\x89a\x18b\xde\x04uJ\x01\
@\xd6Z\x99K\xd2\xfb>d\xe5\xd3\xd3\xd3\xf8\xf3\xcf\
?\x0f9UN5M\xa3\xb5\xd62\x7fo\x99+\x0c\
\x98\xe8\xc0\x94I\xa4p\xa8\xa8.\xa7sJ\x15\x0f\xab\
\xff\xd3\x03\x01\x00\x01pS\x02`j\xfe\x7f\xa2#\x1e\
\xffc\xe6\x14BH\xa7n\xcaR6\\\xe5\xb3\xe7\xfb\
>p\xc50\x0cQ\x08\x91\xa4\x94\xd29\xb7n?+\
\xa5\x14\xa5\xe5k\xd34\xaa\xeb:e\x8cQ[\x1a\xdd\
@\x14\x80ST\x14\x04\x04\xc0\xac\xe2m\xa4\x13\xa4\xa1\
\x02\x08\x80s\x08\x80)\x93R\xd9\xdct\xd4\xd5\x7f\xde\
!\xedO\xed\xff\x0b!D\xd7u\xfa\x90\x098g\x0d\
\xac\xad\x8a\xb2\xb1PJ)\x98\x99\x8a\x18xzz\xa2\
\x12Ld\xad\x95]\xd7\x19k\xad2\xc6\x08cL}\
\\\x11U\x02p,\x14\xa1-\xf7\x9c\x02\x00\xab\x7f\x08\
\x80\x9b\x18\x9bs\xe6\xff\x8bq\x1c\xd9{\x7f\xf2\xf2\x7f\
N\x09<D\x00\xc8q\x1cC\x8c\x91_\x11\x18/\x92\
\xf0re\x83B\x08\xb1\xef\xfb@\xb4J\xbf\xcb\x8d\x8d\
\x14,\x03p\xe4\xc9\x1f\xf9\xff\x10\x00\x00\x02`'v\
\xc9\xffg:M\xfe\x7f<u\xa7\xb5\xfc\xda\xa51\xe6\
\x90\xe3\x7f\xa2\xef\xfb\x14B\x889\xaa\xf5\xdd\x8a\xc3\xe6\
\xef\x15BH\x0f\x0f\x0f#,\x03p\xe4k\x1b\xf9\xff\
\xf3N\xfe\xc8\xff\x87\x00\xb8\x09\xce\x9a\xff\x9fR\xa2a\
\x18\xde\xcc\xff?V\x05\xa0\xeb:\x95w\xec\x1f\"V\
\x0e\x12@u\x95`\xd32\xd0Z\xab\x1c\xa6\xa3\xba\xae\
\xd3\xb0\x0c\xc0\x0e \xff\x7f\xde\xb1~$\xf8\xff\x10\x00\
7\xc0\xd4\xfc\x7fM\xabM/G\xcdnw\xce\x91s\
n\x96\xf3\xe0]\xd7\x99\xbc$\xdfg\x02\x15\xa55\xee\
\xb16+nZ\x06)\xa5\xc4\xcc\xc52\xf0D\xb0\x0c\
\xc0d\x90\xff?\x1f\xc8\xff\x87\x00\xb8\x19%;5\xff\
\xbf\x94\xff\x8f\x19\x00T\xf2\xff\x8fZUx\xa5\xd2\xc0\
U\x93\x95\xbd\x04\xc00\x0c\xc99\x17NuZ\x01\x96\
\x018pRB\xfe\xff<DB\x00\x10\x04\xc0\x0dp\
\xf6\xfc\xff\xbe\xef\x033\x9f\xf4\x08`\xe9\xb1\xde4\xcd\
!\x0fHv\xceq\x08\x81\x95R\\&\xeb\x19N.\
\xecb\x19hX\x06\x1f\x92\xba\x01\x108\xfd\xa2\xc9\x11\
6\x00B\x00\xdc\x00g\xcd\xffgf\x1a\x86\xe1\xa4\xf9\
\xff\xe5\xe74Mc\xf2\xc4\xb8\xf7d\xd8u\x9d\xfa\xf1\
\xc7\x1f\x17\xc30\x94\xb6\xb7\xb1ty\xab\x1b\xba\xcc!\
\x06\xb2\xb0\xd9j\x194McJJa\xd34\"o\
X\xacE\x1c\xb8\xad\xc9\xbf\x81\xd0\x9bU\x00 \xff\x1f\
\x02\xe0f*\x00g\xcb\xff\x0f!\xa4\xdc*\xf6\x1a\xf2\
\xff\xb9\xeb:\xea\xba\xae\xa1\x95u\x11\x9dsi\x18\x86\
TZ\xbez\xefc=Y\xe7\xcf'\xfb\xdd^\xb1\x0c\
\xa2\xf7>\xe6\xdfY\x18c\xb4\xd6Z\xe5,\x02e\xad\
UJ))\x84H\x1b\xef1\xb8\xee\xd5\xff\xa1\xbd-\
\xc0\xf4\xf1F\xf9\x1f\x02\xe0&\x94\xec%\xe4\xff\x879\
\xf2\xff\x17\x8b\xc5\xb1Z\xcf\xa6\xbc\xd2&\xad\xb5^,\
\x16\x82\x88R\x08\x81\xc6qL\xde\xfb8\x0cC\x18\xc7\
1\xa6\x948\xaf\xd2\xe7\xb4\x0c^\x04\x139\xe7\xc20\
\x0c^\x08A\xdf\xbe}SRJa\x8cQY\x0ch\
c\x8c\xb4\xd6\x96\xeb\x81\xb0\x92\xbc\xda{Y\xd0\xf1-\
:\xf0\xfd\xb3\x10\xf1\xbf\x10\x007\xb3\xfa\xff\x10\xf9\xff\
\xc6\x18u\xa2\xf6\xbfkA\xa1\xb5.\xa5vID\xd6\
{\xcf\xde\xfb4\x0cC\xb8\x14\xcb`#\x98H\x08!\
H)U\x9f2Pm\xdb\xc22\xb8\xae\xd5\xa8\xa6\xe7\
\xf3\xff\x98\xfcO\x0f\x04\x00\x04\xc0M\xd0\xd0\x99\xf3\xff\
\x9ds\xb1\xac\xd2\xab\x05\xec\xd1+\x00J)\xa9W\x01\
\x00\x87\x88\x98zS\xddk\x0f\xe3\xf5\x9f\x8d1d\x8c\
\x11\x8b\xc5\xe2\xa2-\x83\x18c|||\x8c\xe5\x94\x81\
\xb5\x16\x96\xc1u\x09\x00\x99\x05\xc0\xb1\x05:\xd8\xfe\x0c\
@\xfe?\x04\xc0\xcd\x08\x80\xa9\x0f\x99S\xac.\xf8\xd3\
\xa7O\x8d\xd6Z\xd4\xe5\xf2\x18#\xe7U\xebQ&C\
!\x84h\xdb\xb6\xac\xfe\xf7\xfa~!\x04r\xce\xb1\xd6\
Z\x18c\xeaYtJ\xb9\xfcj,\x03\"\xdaf\x19\
Hc\x8c\xdc\xb0\x0cp\xca\xe0r@\x00\xd0\xbc\x02\x00\
\xab\x7f\x08\x80\xabG\xd1\xca\x02\x98\xe2\xeb\x9f\"\xff\x9f\
\x84\x10\xf4\xe5\xcb\x17\xf5\xf9\xf3\xe7E\x08Ax\xef\xc3\
8\x8ea\x18\x86\x18BH!\x84\x83\xcb\xe5\xcc\\\x04\
\x80\xa6\xfd\xfd\x7f1\x8ec\xfc\xeb_\xff\xfa$\xa5\x14\
UB\x9f\xea\xbaN\xeeX.\xbfh\xcb\x80\x88HJ\
\xb9i\x19\xa4\x10\x02\xc12\xb8\xd8\xc9_\xd3a\xa7s\
\xb8\x9a\xdc\xc0\xfb\x02`\xc00@\x00\xdc\xc2xLm\
\x00t\x8a\xfc\xff\xf5\xf7\x16B|W.\x8f1\xc6q\
\x1cSY!\x8f\xe3\x18\x8a]P\x0b\x88\x09\x13\"\x0b\
!\xa41\xe6 \x01\x90\xf7*$!\x84|zzr\
\x8f\x8f\x8fLD\xa2\x08\x01c\x8cZ,\x16\xe5\xcfr\
\xe3g\x1dd\x19\x94\xde\x03\xafY\x06tB\xd7`G\
\xcb@u]'\xad\xb5*\x0b\x02X\x06\xa7\xa5.\xff\
\x1f\xd2\xddR\x13\x91PJ\xd5\xf79\xde\xaf\xed\x93\x7f\
 \x9c\x00\x80\x00\xb8\x01\xca\xf1\xbf4\xe1\xa2?z\xfe\
\xff{+d\xa5\x14-\x16\x8b\x17\xe5r\xe7\x1c\xe7\xf2\
\xf4\x8bry9F\xb8\xcd2`fj\xdbV\x19c\
\x0ey\xa0\x95fEuI^\x10\x11\x15qBD\xf4\
\xf0\xf0 \xa5\x942\x9f8XW\x09\xf6(\x97\xefj\
\x19pJ)\x95\xd5\xfb\x15Y\x06\xd8\xb1~\x9cI\xa9\
dt\xec# \xcc\xc3\xc3\x83\xef\xfb\xbeo\xdb\xd6f\
\xf1\xa6\xb4\xd6B)\xb5yM~\xf4\xf7\x0b\xf9\xff\x10\
\x007\xc3b\xc2Dt\xb2\xfc\xff]\xc4@\x9e\x0cE\
\x9eX\x0d\x11\xd9\x10\x02y\xef\xc30\x0c\xf1=\xcb \
\xe7\xff\xef\xfd\x80\x0d!\xb0snk\xb7\xc2\x8dr9\
\x973\xf8yB\x14\xa5\xfd\xb0\xb5V\x97\x1c\xff#Z\
\x06\"\x84\x10\x87a\x08}\xdf\x87\x18#\xe71\x88\x17\
f\x19\x88\xb6m\x8d1\xa6\x8c\xc16\xcb\x00b`?\
\xec!\x95\xad|\xcd\xfa\x10\x82[.\x97\xb1\xef{\x91\
\xab\x01E\xbc)c\x8c4\xc6\xc8\xfc\x1e\x9f\"\x0e\xfc\
Z@\xfe?\x04\xc0\xcd\xac\x1a:\xda\xad\xfc\x7f\xee\x1b\
\xbe^9s^\x1d\xcb\xae\xeb4\xbda\x19\xc4\x18\x93\
1\xe6\xd0\xfc\xff\xe8\x9c\x8bJ)1ee\xfcb\xf6\
^E\xf6\xba\xc7\xc7\xc7\x91Nc\x19P\xd7u\xf6\x87\
\x1f~hb\x8c\xc99\x17\xb3e\x90\xf2\x18\x84\xbc\x0f\
\xe2\x9c\x96\x01?>>\x8e\xcc<\xe4\xd8\xe2\x17\x96A\
\x9e`4\xc12\x98\xfb\xb9&\x8ap\xaezd\x10\x11\
q\x8c\xd1/\x97K\xcf\xcc,\xa5T\xc6\x18\xad\x94\x92\
e\xdf\x871F\xe5\xee\x9d\x1f\xc92@\xfe?\x04\xc0\
\xcd\xac\x1a\xa6\x8c\xc7\xa9\xf2\xff\x8f^%\xd8f\x19\x8c\
\xe3\x98\x9cs)\x9f\xff\xdfw\x95\xc4!\x84\xbd\x03\x90\
\xe6\xb4\x0c\x94R\xd4u\x9d\xea\xba\xce\xe4\xd7\x9d\xc6q\
\xe4\x10B\xd9X\x18\xced\x19\xbc\x18\x83m\xc1DJ\
)\xd9u\x9d\xca\x9b\x0b\xb51\xa6\x08\x16\x89*\xc1\x9b\
\xa2\xf8\x90\x13\x00\xc29\x97b\x8c^n\xf4\xe2\xae\x84\
\x9c \xa2\xe4\x9c\x1b\xb3\x90\x94\x85|\xad\x96*\x81\xc8\
\xdf\xe2V\xab\x04\xc8\xff\x87\x00\xb8\x19\x16t\xc6\xfc\xff\
S\x8b\x01\xa2\xe7r\xf9\xdd\xdd\xdd\xa1\xe1?<\x0cC\
<\xd6\x1c9\x83eP\x8el\x961\x10D$\xbf|\
\xf9\xa2\xbd\xf7\x94\xc5@\xbc0\xcb\x80\xf2\x09\x10Qh\
\xdbV5M\xa3\x8d1\xbam[\xcaU\x12M\xcfq\
\xd4\x1f]\x0c\x1c#\xff\x9fC\x08S\xac=Q7\xea\
b\xe6\x98\xaf\x1b?\x0c\xc3\x0b\xcb\xa0\xe4Gd\xcb\xa0\
\x88\xb7[\x10\x03\xc8\xff\x87\x00\xb89\x01p\x96\xfc\xff\
\x19\x1f\x90\x07\xe3\xbd\x17\xc30\x84S\xcc\x8b3[\x06\
TN\x19\\\xa8ePO0\xbc\\.\xfd\xd3\xd3\x93\
gf\xcebHi\xadU\xd7u\xb2i\x1a\x05\xcb\xe0\
\xf0\xfc\x7ff\x16\xde\xfb\x9d\xaf\xed-\xd7mm\x19$\
)\xa56+\x05 rC*\xa5\xb5\xd6W~\xca\x00\
\xf9\xff\x10\x007\x81\xa0i\xf9\xff\xe5\xc1\xe2\xe9y\x03\
\xe0G[q\x89\xbc\xa7 \x11\x11+\xa5h\xeer\xf9\
;\x96\x81\xd6Z\x0bkm=\x89\xde\x92e@\x94\x8f\
Cz\xef\x033\xd3\xc3\xc3\x83\xd4ZK)%,\x83\
\x03\xf3\xff\xbd\xf7\xc2{\x1f\x8e\xf4\x9e\x95\xb7L\xe5\x84\
\xcf\x81\x99y\x18\x06%\xa5TRJ\xca\x9b@\x8d\xd6\
Z\x1ac\xca)\x83k\xb0\x0c\x90\xff\x0f\x01p3\xb4\
y,x\xe2\x85\xaf\xab\x1b\xc0WB\xe0#\x88\x01V\
J\x89\xfb\xfb\xfb6\xc6\x18s(O\xdc\xcc\xd7?\xe9\
\x13\xfe\x1d\xcb@\x08AM\xd3\xe8\\.\x97m\xdbJ\
c\x8c\x14B\xd4\x13\xe1{+\x9b\x8b\xb7\x0c\xca\xf5\xc6\
\xcc\xec\xbd\x8f\xcc\xfc\x91-\x83r:\xa7\x88\xf4}\xd3\
-\x13\xadr2NQ\xd5\xa9+:!\x84\xc0!\x84\
0\x0c\xc3\x98\xaf5mVm*\xe5\x95X\x06\x10\x00\
\xd7\xbe\x9ac\xe6\x7f!\xa2e~#\x97\x1f\xf4\x0d\xfd\
\x81\x88\xfeL\xef\x9fe-%FU=D\xcb\xcd\x19\
h\xbb\x17v\x8b\xa2@\x10\x91J)\xc5\\.\xe7\x12\
\xcaSV\xe6\xf5\xca\x95\x88\xe6\x98\x13\xa9z\xb8\x12\xaf\
 Z\x9d\x0c\xd0\xc6\x18\x95OH\xa8\xb6m\x95RJ\
J)y\xe3\xbd\xddy\xa5\x19cL\xe38\xc6\xdc\xcb\
 9\xe7f\xb7\x0c\xde\x1b\x837,\x83\xcdN\x90\xd7\
l\x19$ZU\xf1\xeei\xbf\xfc\x7f&\"\xf5\xcb/\
\xbf\xb8\xa7\xa7\xa7\xbeZ\x89\xcf\xf9\x9e\x15(\x9f2X\
[\x06M\xd3\xa8\xcc\xa5X\x06\x92V\xe9\x7f\xff\x9bp\
:\xe5\x9a\xe8hewwD\xb4\x80\x00X\xf1\x13\x11\
\xfd\x9e\xa6\x87Ypu\x13\xd4\x0f\xd1\xb2? \xe4\xef\
U\x0b\x04\xba\xb1*\x01W\xbf\x8f\xa4\x95\xe7\x99\x9cs\
TBy\xfa\xbe\x0f\xcc\xcc1F\xce\x89\x81\xb3\xad\x90\
7\x1f\xac\xb9\x95\x00)\xa5d\x9e\xfcE\xd7u:\x97\
\xcb\xe5\x96\x1d\xdb\xbb<\xd4\xd6c\xf0\x9ee0g\xa5\
\xe4\xc5\xec\xb8\xfa\xfd\xd7c\xf0\x8ae\xc0\x95\xd5rm\
\x96A\xca\x95\xbc\xbb,\xc4\xc5\x1e\x97\x89\xfd\xf9\xe7\x9f\
\x87a\x18\x06!\x84`\xe6HD\xa9Z\xbd\x8b9\xaf\
\xd9\x82\x10\xe25\xcb\x80\xceh\x19(\"\xfa\x85\x88\xfe\
\x8a9\x15\x02\xe0\x9aQD\xf4O4=\x03\xe0\xad\x89\
\xb0\xf6\x1e\xcbi\x81T}\x8et\xdb\x96A=\x06\x14\
c\x14\x95\x18H\xd92Hs[\x06[\x1e\xacT\xad\
\xd0\x8fa\x19\xbcZ\xf1)\x96\xc18\x8e\xa1\xef\xfb\x18\
B\xe0b\x9d\x10\xbd\xb43\xce0\x06,*\xb2e`\
\xb4\xd6\xaam[\xb11\x06\xd7\xb0k}AG\x88\x00\
.\xad\xa1\xc7q\x0c1\xc6\x18B\xe0\x94\x92;\x97\x18\
\xa8\x05A\xae$\x09\xa2\x95e`\xad5J\xa9b\x19\
\x88\x19-\x03MD\xff\x97\x88\xbeaN\x85\x00\xb8f\
\x1a\"\xfa\x1ft\x9a\\\x7fX\x06\xcf\x95\x12\x09\xcb\x80\
DJ\x89\xbd\xf7\xb1\xef\xfb\xe4\x9c+{\x17\x023'\
\xf1\xfc\xcb\x9fs\x0c\x98\x88\xcaJS+\xa5\xe4b\xb1\
(%\xe82\x06\xbc\xe7\x18\x9c\xb2\x1a%iU\xfe\xe7\
#|\xaf2\xf0:\xa5$B\x08\xc99\x97\x8ax\x0d\
!\xb8\x94R\x10/\xfd\x9d\xd9\xef\xdd3[\x06\x82\x88\
\xfe\x95p\x0a\x00\x02\xe0\xca\xf9BD\xffH\xfb\xe5\x86\
\xef\xf2P)\x93\xc0\xa6\xef\x1a\xab\xca\xc0\x87\xb3\x0c\xc6\
q\xa4:\xba\xf7R-\x83\x1c\xdd{t\xcb \xa5\xc4\
\xe38\xb2s.:\xe7B\xdf\xf71\xc6\x98\xf2kH\
E\x09\x9c\xdb2\xc8\x93\x89\xe8\xbaN\x97\xfd\x03\xc6\x18\
:`\x0cN!\xb4?\x1f\xf9>\xae;\x02\xaa,\xe0\
R\x8e\x9bf\xef}t9Z3\x0b\xa8Hy\x03\xe1\
\xb9-\x03\xa5\x94\x12B\xac-\x03c\x8c\xd4ZS\xd5\
\xcb\xe0\x90\x05\x8f\xcas\xc5\xbf\xd1\xe9\x1a\xa2\x01\x08\x80\
Y\xf8\x13\x11}\xa5=\xcf\x0d\x1f8\x11\xc22\x80e\
\xf0\xe2\xf7\xc9c\x90\x9csa\xb9\\F\xef\xfd\xba\x05\
2\xd1eY\x06M\xd3\xa8\xa6it>\xd7.\xf3\xd1\
KI\xa7\xed\x94\xf9\xda=\xd5\xd1a=\x00\xdek\xff\
\xcb\x1b\xd7\xac\xc8\"V\x15\xcb\xc09\x17B\x08!\xc6\
\xc81FO\x17d\x19d1\xad\x8c1\xb6\xe4g(\
\xa5\xf6}\xe6\x19\"\xfa\x7fD\xf4\x9f\x98O!\x00\xae\
\x9d\xff\x99/\xe8t\xe6UL\xbd\x92\xd9\xc52\xa0\x1b\
\x14\x06\xdfY\x06\xde\xfb\x98W\\!\xc6\xb8>\xa6u\
\xa9\x96\x81\xd6Z\x0a!\x0e\xb1\x0cD\x1e\x03\xf6\xde\xc7\
\xe5r\x99\xf2\x18\x84a\x18\xe2\x05Y\x06D\xab>\x14\
\xeb.\x87y/\x812\xc6\xa8<\x06\xa7\xb6\x0c\x98V\
\xe5\x7f\xb5\xaf\x00`f\x95\x070\xd0\xfe=2tJ\
\x89r\x0f\x8er<5\x85\x10\xfc\xa6e0\xfb\x1b\xf6\
\\\xd9JRJ\xfd\xe3\x8f?~6\xc6\xec+\x004\
\x11\xfd\x85\x88~\xc5|\x0a\x01p\xed\xfc!\x0f\x88\xa5\
\xe7\x12\xbd8\xb3 x\xcb2(b\xc0W_\x8f\x1b\
\xab\x93[\xe0;\xcb \xa5\xc4\xce9\x1a\xc71z\xef\
C\xdf\xf7!\x84p\xf6r\xf9\x1b\x96\xc1z\x85\x9c\xcb\
\xe5u\xc5\xe3\xa6,\x83z\x0cJ0\x93RJ\xb6m\
\xabr\xebi}B\xcb \xe5*\x9e\xd8\xb3\x92'\x97\
\xcb\xa5xzzZ\xb6mk\xcbkUJ%z\x8e\
\x07O;V\x09\x8ae\x10C\x08\xc2{_,\x03\x9f\
R\x8ay\xac\xd6\x99\x03sU\x09\x98\x99\xdb\xb6m\x7f\
\xf7\xbb\xdf\xd9=\xc7\xbf\xa4\xa5\xfe_Z\x1d\x03\x04\x10\
\x007\x81\xce\x83\xd2\xd1jc\xa0\xc9\x9f7w\xd5\x9e\
s\"\x14\x1b\xff]\x02kBU1({\x09$\xdd\
\xa6e\xb0&\xc6(K\xe9\xb5\xac\x90K\xb9<wl\
\xbb\x18\xcb\xc0Z\xab\xda\xb65Zk\x99'\xc4\xb2c\
{\xd7r\xf95X\x06T\xf9\xd1S,\x83C\xee-\
\xce\xe2\xbd=\xa0\xca \x7f\xfb\xed\xb7\xf4\xed\xdb\xb7\xdf\
T6\xc9\x95R\xda\xac(\xad\x7fY)\xa5+\x01\xbe\
K\xf5m}\xbf\xa6\x94T\xb5\x7f \xcem\x19\xa4\x94\
\xd2\xe7\xcf\x9f?}\xfa\xf4i\xdfj\x89\xce\xf3\x04\xce\
\xffC\x00\xdc4\xe5\xa1\xd2\xe4\x8f\x8e\xbeO\x0b\xe4\x0b\
\xb8\x09\xcaj\xa3L$\x91^\xee\x1f\xd8\xd6\xd8\xe4\x16\
\x85\xc1\xba\\>\x0cC\xca+\xe4\x8b\xb1\x0c\xf2\xc3\x9f\
\xa8*\x97\x171P,\x83\xbc:\xde\xb7\\~\x95\x96\
\x81\xd6Z~\xfa\xf4\xc9t]\xb7o\x83\xaa\x94\x1fh\
\x0d\xed\x9f\xff/\x7f\xfe\xf9g7\x8ec_\x06\xa5\x12\
rI\x08\xa1\x8c1\xb6j\xfd+s+`\xa6+\xb3\
\x0c\x98\x99\x7f\xf8\xe1\x87\xcf]\xd7\x89\x03\x04\xc0/D\
\xf4\x1f\x98\" \x00>\x0a\"W\x04\x8a((\xc2\xa0\
\xf8\xf5\x9bA\x1c\xe7\xac\x12\xc8\x0dq\xb2)\x06\x88n\
\xd32x1\x11\xe6\x0979\xe7\xa8\x88\x81K\xb4\x0c\
J\xb9\xbct<\xcc\xd5\x01e\xad\xbd\xe9S\x06\xe5\xb4\
\x073\xd3\x1f\xff\xf8\xc7\xbb/_\xbe\x98\x03\x04\xc0}\
\xbe7\xf7I\x00$\xe7\x9c\xf9\xfb\xdf\xff\xfe\x1b3\xc7\
W&Y.\xef\x19\x11I\xa5\x94\x96R\x8aj\xdf\x83\
\xce\x91\xd1\xe9\x95g\xc1EX\x06\xcc\x9c\xb4\xd6\xcd\xef\
\x7f\xff\xfb6\x17:\xf6\x11\x99D\xab\xcd\x7f\xbfbZ\
\xb8~\x01\x80^\x00\xd3'X\x97?\x1e\xf3\xd7T\x16\
\x02e\xf5a\xb3H(\x0f\xb28\xa3\x18\x10\xd5\xeb\xac\
WA\xb2\x12)M\xf5\xff}\xf5\x80\xba5\xcb`=\
\x06RJj\xdbV\xb4m\xab\x89H\xc7\x18\xdbR.\
\xef\xfb>\xe5>\x06)\x840\xabe V\xe7\xb4\xca\
J\x93\xf2\xcf'\xe7\\xxx\x10B\x08\x91-\x83\
u\x95`\xc7\x1d\xf6\xf5\x18\x88\xae\xebd^\xf1\xe9\x0d\
\xcb \xe4\xdf\x7fv\xcb \x8f\x01\x11\x91h\xdbv\xdf\
\xc9\xffh\xf9\xff\xc5\xb2y\xe3\xe5\x96\xd7[\xe7\xf8\x8b\
q\x1cW\xdd~V\x96\x81\xcd\x9bA\x85\xb5V)\xa5\
\xca\xfb\x15^\x11\x03\xf5\x9f\xd7\xd7\xac\xb5\x96\xac\xb5%\
n\xdb\x16\xcb\xa0\x04\x13U\x96A\xdc\xc52H)Q\
>\xce)i\xffv\xe6\x8cE\xe2\x0d\xad\x96P\x018\
\x1a\xba\xaa\x0c\x94*\x81\xddP\xfa\xb0\x0c.\xa8J\x00\
\xcb\x80d>\xd7\xfe\xe2\xa4E\x8e/>\xb9ePz\
\x14\xfc\xf9\xcf\x7f\xbe\x97R\xeeS\x8e>J\xfe\xff\xaf\
\xbf\xfe\xea\x9e\x9e\x9e\x86<\x9e{\xff.\xf59\xfcl\
\x19(c\x8c\xcc=\x18d\xee\x9c\x19\xf7|\xbf\x88\x0e\
\xb4\x0cb\x8c\xe9\xf3\xe7\xcf\xf7\x9f?\x7f\xde\xb7Z\"\
\xf2\"\xe8_\x09\xfe?*\x00\xe0\xe5B\"W\x07J\
\x85\xa0T\x03\xea\x8d\x85\x97`\x190\xbd\xcc\x160\xd5\
\xd7[\xfa\x18\x96\x01\x13Q\x94RR\xd34\xb2i\x1a\
\x9d'\xdc4\x8e#\x95\x0dZ\xb5e\x10c\x9c\xad\\\
^&\xdc\xb2BN)\xa5\xe5r9n\xb4\xfe=\xd4\
2\xa8\xc7@5M\xb3i\x9b$\xef\xfd\xbaJp\x8a\
1`f\xea\xba\xcel$,\xee\xcaA\x95+f\x96\
\xce\xb9\"\x82\xe5\x01\xefY\x1dX\xc5!\x84\xc19\xc7\
}\xdfK\xa5\x94\x16B\x08\xad\xb5l\x9aFg\xa41\
f\xd7S\x06^JI\xa5'@\x16\x04\xd1{\xdfT\
\x1b\x0b\xd7\x96A\xb6xx\xdd\x93X)\xdd4\x8d:\
\xa0Z\"\xf3\x02\x11\x93\xff\x0d\xadZ\xc1i\xf0\xf9c\
\x99\xff\xfb\xd6,\x03q\xc8\x03\xf3\xd2\xc4\x00\xd1\xaa\xfc\
\xdau\x9d\xe8\xban\xb2e\xb0\xd1\xe5\xf5T\x82`N\
\xcb\x80\xda\xb6\x95m\xdb\x0a\"R_\xbf~\xed\xcaf\
\xc2|\xca \xe5S\x06!\xefa\xd8[\x0c\xa4\x948\
w$\xdcw\x13]io\xbco9[\xc4\x18S\xf6\
\xf6\x8f\xfd\x96\xbd\xb0\x0cRJ\x1cc\x14\xce9\x97\xc7\
Y\xdaUY\xa7T\x09D>eP\x16\x13\x93-\x83\
\xa6i\xa8i\x9a\xda2\xa0\x10Bp\xcey\xe7\\\xcc\
\x95.W\x84\xc7!\xe3U=\xcf\xc0\x0d\x00\x0b\xe0\xbc\
\xe2\xeb\x1a-\x83TU\x09\x1c}@\xcb \x8b\x81\x94\
}Y\x1fc\xdc,\x97\xcf\xea\x19\xbc\xb5\xc3\xfe\x0d\xcb\
\x80h\xf7\x8d\x85*\xa5\x94B\x08q\xb9\\\xa6|\x8c\
m/\xcb\xa0x\xee\x7f\xfa\xd3\x9f>\xb5m+i\xf7\
\x1d\xe9\xc7\xc8\xff\x97\xcb\xe52\xfd\xf2\xcb/\x8f\xb9\x0a\
1kto\x11ARJ\xa1\x94\xb2Zk\xa5\xb5\x16\
M\xd3(\xad\xb5>\x82e\xa0\xb2e\x90\xc6q\x0c\xcc\
,\xef\xef\xef\xb5\x10b_\x01 \x89\xe8\x7f\x11\xf2\xff\
\xaf\x19\x9c\x02\xb8P.\xd52 zy\xca@U+\
\x90\xf2\xbaJ0Q\xacW't\xdb\xa7\x0c(\x97\xcb\
9\x97\xcbc\xdf\xf7\xde{\x9f\x98\x99\xea\xf2\xeb%\x9c\
2\xc8\xf1\xc5j\xb1X\x98|\xae]n\xf4\xbcO;\
^\x07\xefZ\x06o\x9d2\x881\xf2\xdd\xdd\x9d\xfd\xe9\
\xa7\x9f\xba\x8d\xc4\xc4]\xae\xc9C\xf2\xff\x99\x88\xcc/\
\xbf\xfc\xe2\x1e\x1f\x1f\x9f\x8a8:G\x8e\x7f~\xcfR\
J\xa9\\/Z\x08!7,\x03\xf1\x8ae0\xf5u\
\xaa\x8d{sg1A\xc8\xff\x87\x00\x00\xb3\xb1\xcd2\
\xb0\xd5j|N\xcb`\xdb$PV\x04\xf5j\x8c\xf2\
\xc38T\x95\x82[\xb3\x0c\xb6\x09\x82\x92\x0b/B\x08\
\x9c\xf7\x0fx\xe7\\\xda\x0c&\x9a\xc32x\xa5:\xc0\
D\xb4\x9e\x88\x8d1r\xb1X\x18\xad\xb5\xcc\xdd\xe3\xe4\
\x9e\xc1D/\xae\x83\x18\xa3\x9cb\x19\x84\x10\xd2\x97/\
_\x16\xff\xf0\x0f\xff\xd0\xee9)\x1d#\xff_8\xe7\
Dn\xd7\x1c\xbd\xf7\xa5T\x1f\xca\x91\xc0*\xbdqV\
\x01\xb7\xd9\xfa7g\x10\xd4\x96\x01\xe5\xd0\xa24\xd3\x84\
l\x88\xe8\xefD\xf4W<\x9a!\x00\xc0\xfc\xd4\x96A\
\x9dVX\xfb\xa7\x97\xd2\xa6UW\xab\x8d\x8fj\x19\x08\
f\xa6r\xca O0\xe9\x15\xcb`\xeeX\xf8R%\
 ff\xa5\x94h\x9a\xc6(\xa5\xd4\xd7\xaf_m\xf6\
\xff\xf9\x08c\xb0\xd52\xe8\xfb\xde\xc7\x18\xf9\xa7\x9f~\
\xba\xff\xfc\xf9\xb3\xd9s\x02;8\xff\x7fSp\xa7\x94\
D\x8c19\xe7Rn\xf2\x97\xbc\xf7>\xa5\x146\xdf\
\xa3s\xe4\xf8\xe7\xaa\xd3\xda2PJ\xc9\xbb\xbb;\xdb\
u\xdd\x1c\xf7\xbc!\xa2\x7f'\x9c\xff\x87\x00\x00\x17#\
\x08t\xf5\x86\xb6\xf9aX\xf7\x0f8\xa7e\xb0\x9e\x04\
\xe89\xa3\xfd\xa3Z\x06e\x03_\xca\xa1<\\z\x19\
d\xcb\xa0\x84\xcc\x9c\xcb2\xa0\x10B\x92R\x8a?\xff\
\xf9\xcf\xf7\x8b\xc5B\x1d\xe9\xba\xd9j\x19\x0c\xc3\xc0\xde\
{\xba\xbb\xbb\x13Z\xebC\xbe\xf7\x17\xda?\xff\xff\xad\
kV\x12\x91d\xe6\xe4\xbd'\xef=\xe7\xc8i\x1fB\
\x08%!\xb0\xbc_\xb3\xab\xb7\x95\x10H\xcc,~\xff\
\xfb\xdf\xdf\x1f\x90\xa2\xb8K\x85\x07\xf9\xff7(\x00p\
\x0a\xe0z)\xa5\xf6\x81V\xd1\x9c2W\x05\x8a\x18(\
\x96A9e0W\xa9psE\x1f\xb7L\x86\x9a\x9e\
7<\xde\xbae\xb0\xde\xc8)\x84x\xb1\xc3>\xa5\xd4\
\x94\xc4\xb7\xe5r\x19\xcee\x19\xe4V\xb1\xa2i\x1a\x9d\
C\x93\xd2\x91\xaf\x83\x17\xa7\x0c\xb2\xc0 :\xacu\xaf\
\xa1\xe3n\x92\xad\x079\xd1*\x97\x9f\xac\xb5\xa2\x0a\xe5\
1!\x04\x8a1\xc6\xbc\xc3>\xa5\x948\x8b\x82X\xf7\
=\x98\xe3\xc22\xc6\x98|\x84u\xdfM}\xbb\x08\x80\
H\xd8\xfcw\x93\xabHp\x1b\xa4\\\xbd\xe9\xab\x9b\xb6\
X\x05\xb5mP\xafv\xe6\xb6\x0c\xd2\x16a \xf2k\
+_\xbbu\xcb`=iUG\xb8\xf4\xfd\xfd\xbd9\
\xb3e\xc0\xd6Z9S\xf5!\x1da\x0cU51\xcd\
\xf5~EkW\xba\xb5\xeb\xba\x86\x99e\x16\x03\xd19\
\xc7\xc52\x881\xceb\x19(\xa5\xe4\x8c\xd5\xa2\x81p\
\xfe\x1f\x02\x00\\\x95 x\xca\x1f\xe5\xbd6\xf4\xbc\xb1\
\xb0\xb6\x0c4\x9d\xd72\xf0\xd5\xc4\xae\xe9\xb9\xac\xdb\xd2\
\xb3e\xe0\xaa\x89\xa3~\x9d7S%\xc8+Ni\xad\
UDd\xb2e\xd0l\xb3\x0cb\x8ck\xcb\xe0\xd0E\
g9-\x90\xf3\x0f\xd2\x95\x8cW}:\xe6\x1c\x820\
\x09!b\xee\x01\xa0\x17\x8b\x85\xe0UF\xb0q\xce\xad\
\xab\x04\xb9\x9a#\xf2\x89\x88\xd2k\xe0\xe0*\x81\x10B\
\x1e\x18\xea\xb3Ke$\x12\xaca\x08\x00p\xd5\x94R\
{O\xd7m\x19lk\x7f\x9c\xe8e\xcb\xe4\xab\x17\x03\
e\xb5\xff\x9eeP6\xd9e\x0f_V\xc7\xd8v~\
\x0f\xac\xb5\xfa\x0aVy\\\x89\xc4t\xe6\xf7\xfb\xc5\x11\
J!\x04\x19c\x841\xa6l\x025\xde{\x8a1\xae\
\x9b1\x15\xcb\xa0D\xf7\xee\xa3\xder\x86\xc2\x9c\xef\x17\
\xf2\xff!\x00\xc0\x0dV\x08\xae\xd12\xa0,XD\x16\
\x02u|\xb1{eEt\xb3\x96A\x08!\x0d\xc3\x90\
\x86a\x88!\x848\x8ec\x08!\xc4\x1d-\x03\xce}\
\xef\x05]\x87\x00(\xf9\x18\xe9\x92\xdf/!\x04W\x96\
\x81f\xe6\xa6\xe4\xf7;\xe7RN\x95\xf4\xb9\xb1\xcf.\
\x96\x01\xaf\x82\x06\x95\xa2\xfd2\x10v\xc5\xe7{\x0b@\
\x00\x80\x1b\x16\x04\xd7f\x19\x94\xd7\xa9\xf3\xc4\xbf\x19_\
\x1c\xe9\xfb\x00\xa5\x9b\xb2\x0c\x8c1d\x8c\xd1\x9f>}\
2\xcc\xfc\"\x94\xa7\xef\xfb\xe8\x9c\x0bU0\xd0V\xcb\
 g\xf2\xeb\x12]{\x05\x94\xd3%\xa7.\x7f\x1f\xf5\
\xfe\x12B\xc4\xfc~\xa9\xc5b\xa1\x999\x85\x10le\
\x19\x04\xef\xbd\xaf\x82\xa4^\xb5\x0cr\xd2c\x9c\xe1u\
#\xff\x1f\x02\x00|@^\xb3\x0c\xee\xb2\x180t9\
\x96A\xed\x03\x97\xc9a\xf3\x94\xc1\xadZ\x06\xebJI\
N\xfb\x13\xd9\x1b\x96)%\x91\x8f\xb1\xad\xc5@9e\
\x907\x16J)\xa5H)\x95\xe62\xd7\x80\xac\x04\xdf\
\xb5\xbdw\xb5e\x10\x85\x10\xa2\xb2\x0c$3\xb7\xde\xfb\
.\x1f9,\xe2-\x85\x10b\xb1\x0c\xa4\x94\x82\x99\xd9\
\x18ci\xff\x1e\x0a\xbb\xbef\xe4\xffC\x00\x00T\x08\
\xde\xb4\x0cJO\x83s\x04\x13\xd5\xc7\xcd\xb8\x9a\xf8\x0b\
\x1f\xd52\xe0l\x19\xa8\xfb\xfb{CD/N\x19T\
9\xfel\xad\x953M(\x87\xfenu\xce\xc55\xf3\
\xdd5+\x84\x88\xd6Z\xb2\xd6R\xae\x10|g\x19\xe4\
\x0aA0\xc6\xc8\x99\xde\xabD8\xfew\xb3 \x08\x08\
\x1c\x0b\x95\xab\x01eca\x97\x05\xa6\xa4\xe7\xb2\xfb\x9c\
U\x82\xcd\x89\xa3\x16\xbd\x9b\xc1D\xb7n\x19l[E\
\x8bl\x19\xb0\xf7\x9e\x16\x8b\x05\xe5<\xfcK\x177\x8a\
\x88>\xd1\xe9\x8f\xff]\xca\xef[\xee\xad:\x98Ht\
]\x97\xa4\x94\xa7\xde\x04\x89\xfc\xff\xdb\x03A@\xe0$\
\xc4\xfc1\x10\xd1o\xf9\xc1\xb4y\xca\xa0\xd8\x06\xb0\x0c\
\xce_\xcd\xa9-\x03qE\x0f\xf8k8\xa9p\xec\xeb\
vm\x19\xe4`\"\xa2y\x8e?\xca\xbc\xfa\xc7\xe4\x7f\
\xa3@\x00\x80S\xae^\x06z\x8e\x0e\x15\xf4\xdc\xf6\xb8\
n\x81|M\x96\x81\xa7\xed\xa9k7a\x19@\x00\\\
\x85\x18\x98\xfb\xfdB\xf4/\x04\x00\x00G\x99h\xea=\
\x04\xc52h\xe9\xb9\x05r\xb1\x0c\xea\xa8\xd8s\xac>\
^;e`\xab\xd7\xe5\xf3\x87\xa0\x97\x9d\x19o\xb1\x9f\
\xc1%]C\x8a.\x7f\xaf\xc2- i\xb5G\x06\x02\
\x00\x02\x00\x80\xa3S[\x06\xbf\xd2uX\x06uc\x9b\
r<\xb2\x04\x13\x85J<D\xba-\xcb\xe0R&\x7f\
S\xfd\x19\x9c^\x00\x8c\x84\x0d\x80\x10\x00\x00\xcc\xf4\x80\
\xdf\xb4\x0c\xeaS\x06\xa5RPO\x00\xe7\xb4\x0c\xea\xcd\
\x826\xbf\xbe\x92E\x90\xb6T\x09^\x13\x18`\xfa\xf5\
Q*D\x11\xc31\x0b\xc8\xff\x87\x00\x00\xe0l\x0f\xfc\
%=\x9fA~\xcf2\xe0jR\x9e\x13QU\x01\xca\
\xeb,AIu\xf5\x02\x96\xc1\xe1\xd7\xc3\xb9\xf3\xff?\
\x0a\xe5\x1aE\xf9\x1f\x02\x00\x80\x8b\xe0-\xcb\xa0\xcb\x93\
mI/,\x0f\xb09\xc5\xc0\x8b\x1d\xdb\x04\xcb\xe0T\
\x93\x7f\xc2\x18\xcd6\xe6\x10\x00\x10\x00\x00\\\xf4\x03\xaa\
<\xa4JRam\x19\xb4\xf9\xeb\xb0\x0c\xae\xff\xbd6\
t\x1b\x01@\xd7B \xf8\xff\x10\x00\x00\\\x09\x9bI\
\x85\xa5\x14\xbf-\x98HW\xff\x06\x96\xc1up\x8d\xf9\
\xff\xd7<\xd6=\xc4\x16\x04\x00\x00\xd7J\xb1\x0cF\"\
\xfa\x96\x1fj\x96\x9e\xf7\x0f\xd4\xed\x8f\xaf\xc52\xe0\xea\
\xf7\xfaHb\xe0\x9a\xf3\xff\xafu\xbc\x91\x08\x0b\x01\x00\
\xc0\xcd\xc0\xf4|\xac\xe9\xd7\xfc\xb5m\xc1D\x97n\x19\
$zi\x19\x847\xbe\xdf\xad\xbco\xb7\x92\xff\x7fM\
c\x0e\xff\x1f\x02\x00\x80\x9b\xa6\xdeCp-\x96\x81\xcc\
\x82 \xd1\xf3\xb9\xf8M1P\xbf\xce[\xa8\x12\xd4\xe5\
\x7fp\xfa\xd5\xff@/\xc3\xb0\x00\x04\x00\x007\xcd\xb5\
X\x06\xa5?\xc16\xcb\xa0\xec\x92\xaf{\x19\x04\xba~\
\xcb\xe0\xa3\xc6\xff\x9e\x03\x95\x05\x00\xc4\x16\x04\x00\x00\x1f\
\x96m\x96\xc1f0QK/K\xd3\xe7\xb6\x0c\x0a\xa5\
+c\xa9\x04\xd4\x8d\x8d\xae\xd12\x80\x00\x98\x17\x94\xff\
!\x00\x00\x00\x1b\xecs\xca\xe0\x1c\xcdvR\xb5\x82\x93\
\x95\x18\xb8F\xcb\x00\xf9\xff\xf3!\xf3u\x01\x01\x00\x01\
\x00\x00x\x83\xd7,\x83\xd2\xcb\xa0\xf410\xf9\xc1\x9a\
*A0\x07\xbbZ\x06E\x0c\\\x92e\x80\xfc\xffy\
\x11\xb4j\x00\x84\xf3\xff\x10\x00\x00\x80\x1d'\xab\xcd\xe6\
)\xc5*({\x09Zz>\xf3_Oj\xb0\x0c^\
\x1fS\xe4\xff\xcf+\x00<\xe1\xb4\x05\x04\x00\x00\xe0`\
jA \xab\xaa@\x97+\x05\xa5:p\x0d\x96A\xa9\
\x12\x94\xd78\x87e\x80\xfc\xffy'\xffH8\xff\x0f\
\x01\x00\x008\xc9$[\x04\xc1C~\xe0\xeaJ\x0c\xd4\
\xa7\x0c.\xcd2P\xf9\xa3\xa3\x97\xa7\x0cb\xf5\xdf\xe5\
\xbc\xfe\xb1&i\xe4\xff\xcf\x0fC\x00@\x00\x00\x00\xe6\
y\xd8\x96\xb8\xdfo\xf9k\xc52\xa8O\x19\xe8\xaa*\
pN\xcb\x80\xaaU\xbf\xca\xaf\x91\xe9eBa\xc8\xbf\
\xcf\xe6j]\xec9>\xc8\xff\x9f\x17\xe4\xffC\x00\x00\
\x00\xce\xc4\xb5X\x06L\xab\xcdbT\xbd\x9e\xd2\x89q\
A/O\x19\x1cb\x19 \xff\x7f>\x90\xff\x0f\x01\x00\
\x00\xb8\x10\xae\xd12(_/\xfb\x08\x0e\xb1\x0c\x90\xff\
?/\xc8\xff\x87\x00\x00\x00\\(\xd7`\x19\xd0\xc6\x0a\
r_\xcb\xa0LH(\xff\xcf{}\xe1\xfc?\x04\x00\
\x00\xe0J\x98b\x19\x942z\xd9I?g\x95\xa0\x9e\
\\v\xb1\x0cj\xe1\x80\xe3\x7f\xf3\xac\xfe\x91\xff\x0f\x01\
\x00\x00\xb8R^\xb3\x0cZz\x99A`\xe99\x8b\xe0\
R-\x03OH\xfe\x9b\x13\xe4\xffC\x00\x00\x00n\x88\
\xda2x\xc8_3\xf4\xbde`\xe9\xf2,\x83R!\
\xc0\x8at>P\xfe\x87\x00\x00\x00\xdc0\x9b\x82\xa0l\
\",\x96AC\x97e\x19`\xf3\xdf\xe9)\xf9\xff8\
\xfe\x07\x01\x00\x00\xf8@\xb8\xfc\xf1T=\x0fJ\xfb\xe3\
K\xb1\x0c\xc0\xe9\xc7\xd9\xa1\x02\x00\x01\x00\x00\xf8\xd8\x84\
\\\x1d\xa8-\x83\xba\x05r\x97\xbf6\xb7e\x00N+\
\x00\x90\xff\x0f\x01\x00\x00\x00/(\x96A\xe1R-\x03\
\xb0\xff\xe4\x8f\xfc\x7f\x08\x00\x00\x00x\x97\xda2(\x13\
\x7fm\x19\x98\xea#B\x0c\\\x05\xc8\xff\x87\x00\x00\x00\
\x80\x9d'\x0eX\x06\xd7\x0f\xf2\xff!\x00\x00\x00\xe0`\
^\xb3\x0c\xea,\x82\x92\xf0\x07\xcb\xe0\xfc \xff\x1f\x02\
\x00\x00\x00N\xc2\xe6)\x03\x95E\xc0\x82^Z\x06\x96\
`\x19\x9c\x03\xe4\xffC\x00\x00\x00\xc0,\xc4,\x06\xea\
c\x87\x9b\xc1D\xa5g\x00,\x83\xd3\x83\xfc\x7f\x08\x00\
\x00\x008\x0b\x81\x88\x1e\xf3\x07U\x15\x81\xfa\x94\x01,\
\x83\xd3\xad\xfe\x91\xff\x0f\x01\x00\x00\x00\x17A\xd9C\xb0\
$\xa2\xbf\x13,\x83S\x82\xfc\x7f\x00\x01\x00\x00\xb8X\
\xb6Y\x06\x9b\xa7\x0c\xce\xd1\xcb\xe0V@\xf9\x1f\x02\x00\
\x00\x00\xae\x82m\xc7\x0ea\x19\xec\x8e\xccc\xe90\x14\
\x10\x00\x00\x00p\x8dl\xb3\x0c\xb6\x05\x13\xc12xI\
\xc9\xff\xc7\xf9\x7f\x08\x00\x00\x00\xb8\x09\"\xbd\xdcT\xf8\
\x9ee@\x1b\x7f\xfeh\x02 \xe0\x92\x81\x00\x00\x00\x80\
[d\x9beP\x8e\x1e\x96\x8d\x85\x8aV%qI\x1f\
\xc32\x10\xf9w\x84\xff\x0f \x00\x00\x00\x1f\x86b\x19\
\xf4D\xf4K\x9e\xf4\x8b\x18hru\xa0\xa4\x17\x161\
p\x8b)y\x89\x10\x00\x04 \x00\x00\x00\x1f\x98D\xab\
\xfd\x03\xcb\xfc\xdf\x92\x9e-\x83:\x98HTB\xe0\x16\
,\x83\x88\x0a\x00\x80\x00\x00\x00\x80\x97\x82\xa0>vx\
\x8b\x96\x81 \x9c\xff\x07\x10\x00\x00\x00\xf0&\xb7h\x19\
\x94\x06@\x00@\x00\x00\x00\xc0\x0e\x15\x82\xda2(\xc7\
\x0e-]\x97e\x80\xf2?\x80\x00\x00\x00\x80\x03(\xc7\
\x0e\x0b\x97n\x19HZ\x9d\xfdG\x00\x10\x80\x00\x00\x00\
\x80#\xf2\x96eP\x82\x89\xcei\x19\x94\x06@8\xff\
\x0f \x00\x00\x00\xe0\x84\xbcf\x19\x94\xfd\x03\xe5\xb4\x81\
\xa4\x97\x96\x01\x9d\xa8J \x08\xe9\x7f\x00\x02\x00\x00\x00\
fg3\xa9P\xe5j@K\xcf\x11\xc6\x9a\x9e\xfb\x19\
pU)8\xc6\xea?@\x00\x00\x08\x00\x00\x00\xb8\x0c\
AP\xce\xe4\xff\x9a'iK\xcf\x96AC\xcf\xfb\x0a\
\x04=\xf73\xd8w\xf5\xef\x08\x1b\x00\x01\x04\x00\x00\x00\
\\\x1c%\xa2w\xa8&\xedm\xc1D\xfbX\x06\xc8\xff\
\x07\x10\x00\x00\x00p%0\xbd\xdcC\xa0\xe9\xf9\x94\xc1\
.\x96\x01\xf2\xff\x01\x04\x00\x00\x00\\1!\x7f\xecc\
\x19 \xff\x1f@\x00\x00\x00\xc0\x8d\xb0i\x19\xc8J\x08\
\xd4\x96\x81\"\xf8\xff\x00\x02\x00\x00\x00nZ\x10l\xb3\
\x0c\x16\xf9\xbf\x91\xff\x0f \x00\x00\x00\xe0\x03P[\x06\
\x00|\x87\xc4\x10\x00\x00\x00\x00\x10\x00\x00\x00\x00\x00\x80\
\x00\x00\x00\x00\x00\x00\x04\x00\x00\x00\x00\x00 \x00\x00\x00\
\x00\x00\x00\x01\x00\x00\x00\x00\x00\x08\x00\x00\x00\x00\x00@\
\x00\x00\x00\x00\x00\x00\x02\x00\x00\x00\x00\x00\x10\x00\x00\x00\
\x00\x00\x80\x00\x00\x00\x00\x00\x00\x04\x00\x00\x00\x00\x00 \
\x00\x00\x00\x00\x00\x00\x01\x00\x00\x00\x00\x00\x08\x00\x00\x00\
\x00\x00@\x00\x00\x00\x00\x00\x00\x02\x00\x00\x00\x00\x00\x10\
\x00\x00\x00\x00\x00\x04\x00\x00\x00\x00\x00 \x00\x00\x00\x00\
\x00\x00\x01\x00\x00\x00\x00\x00\x08\x00\x00\x00\x00\x00@\x00\
\x00\x00\x00\x00\x00\x02\x00\x00\x00\x00\x00\x10\x00\x00\x00\x00\
\x00\x80\x00\x00\x00\x00\x00\x00\x04\x00\x00\x00\x00\x00 \x00\
\x00\x00\x00\x00\x00\x01\x00\x00\x00\x00\x00\x08\x00\x00\x00\x00\
\x00@\x00\x00\x00\x00\x00\x00\x02\x00\x00\x00\x00\x00\x10\x00\
\x00\x00\x00\x00\x80\x00\x00\x00\x00\x00\x00\x04\x00\x00\x00\x00\
\x00\x01\x00\x00\x00\x00\x00\x08\x00\x00\x00\x00\x00@\x00\x00\
\x00\x00\x00\x00\x02\x00\x00\x00\x00\x00\x10\x00\x00\x00\x00\x00\
\x80\x00\x00\x00\x00\x00\x00\x04\x00\x00\x00\x00\x00 \x00\x00\
\x00\x00\x00\x00\x01\x00\x00\x00\x00\x00\x08\x00\x00\x00\x00\x00\
@\x00\x00\x00\x00\x00\x00\x02\x00\x00\x00\x00\x00\x10\x00\x00\
\x00\x00\x00\x80\x00\x00\x00\x00\x00\x00\x04\x00\x00\x00\x00\x00\
 \x00\x00\x00\x00\x00\x00\x01\x00\x00\x00\x00@\x00\x00\x00\
\x00\x00\x00\x02\x00\x00\x00\x00\x00\x10\x00\x00\x00\x00\x00\x80\
\x00\x00\x00\x00\x00\x00\x04\x00\x00\x00\x00\x00 \x00\x00\x00\
\x00\x00\x00\x01\x00\x00\x00\x00\x00\x08\x00\x00\x00\x00\x00@\
\x00\x00\x00\x00\x00\x00\x02\x00\x00\x00\x00\x00\x10\x00\x00\x00\
\x00\x00\x80\x00\x00\x00\x00\x00\x00\x04\x00\x00\x00\x00\x00 \
\x00\x00\x00\x00\x00\x00\x01\x00\x00\x00\x00\x00\x08\x00\x00\x00\
\x00\x00@\x00\x00\x00\x00\x00\x10\x00\x00\x00\x00\x00\x80\x00\
\x00\x00\x00\x00\x00\x04\x00\x00\x00\x00\x00 \x00\x00\x00\x00\
\x00p\xfd\xe8-_\xeb0,\x00\x00\x00\xc0\xc7\x12\x00\
\x0b\x0c\x09\x00\x00\x00\xf0\xb1\x04\x00V\xfe\x00\x00\x00\xc0\
\x07\x13\x00X\xf9\x03\x00\x00\x00\x1f\x88\xff\x7f\x00\xefK\
\x12\xd3c\xfc9t\x00\x00\x00\x00IEND\xaeB\
`\x82\x00\x00\x0c$\x89PNG\x0d\x0a\x1a\x0a\x00\x00\
\x00\x0dIHDR\x00\x00\x00\x13\x00\x00\x00\x14\x08\x03\
\x00\x00\x00X\x8b\xf6F\x00\x00\x00 cHRM\x00\
\x00z%\x00\x00\x80\x83\x00\x00\xf9\xff\x00\x00\x80\xe9\x00\
\x00u0\x00\x00\xea`\x00\x00:\x98\x00\x00\x17o\x92\
_\xc5F\x00\x00\x00TPLTE\x00\x8f\xf6\x81\xca\
\xff/\xa8\xff/\xa8\xff/\xa8\xff/\xa8\xff/\xa8\xff\
/\xa8\xff/\xa8\xff/\xa8\xff/\xa8\xff/\xa8\xff/\
\xa8\xff/\xa8\xff/\xa8\xff/\xa8\xff/\xa8\xff/\xa8\
\xff/\xa8\xff/\xa8\xff/\xa8\xff/\xa8\xff/\xa8\xff\
/\xa8\xff/\xa8\xff/\xa8\xff/\xa8\xff\xff\xff\xff\xeb\
\x91\xc5p\x00\x00\x00\x1atRNS\x00\x00 \x80\xc0\
\xe0\xa0P\xef\xbf\xdf\xf00\x90o@\xcf\x10\xafp\xd0\
`\x7f?\x9f\x8fW\\\xce\xde\x00\x00\x00\x01bKG\
D\x1b\x02`\xd4\xa4\x00\x00\x00\x09pHYs\x00\x00\
\x0b\x12\x00\x00\x0b\x12\x01\xd2\xdd~\xfc\x00\x00\x00\x07t\
IME\x07\xe7\x0c\x1b\x12+\x08\xe2t\xbe@\x00\x00\
\x07$zTXtRaw profil\
e type xmp\x00\x00x\x9c\xed]\
[\xb2\xa38\x0c\xfd\xd7*z\x09`\xf9\x01\xcb\xe1\x06\
\xf8\xeb\xaa\xf9\x9c\xe5\xcf\x91I \x80y\x84\xdc\x9a\x12\
U\xeeT'4X\x96\x8e\xa5#9\xd6\xad\xbe\xf4\xef\
\xdf\x7f\xe8\xcf\x9f?\xa53\xc1\x12?\xb8\x0fU(|\
\xe9\xd9\xffx\x17\xac)\xbc\xf1\xce\x07_\xfb\x8e[c\
\xba\xfe\xe7\xe7\xa77\x06\xf7ko\xe5\x8e\x0b\xecl\xcb\
\x85mCa\x19c+_\x93\xadB\x13 \xe884\
\xb6s\xd6\xe3\x13\x132C\xc8\x18\xee\xb9+\x1a~\x84\
\x8a\x9bPy\x08\xfaV\x94\xf9\xd2\x14\xf2o\xff\xf0]\
`yF\xa2\x01\xd6X\xdf\x8b\x1d\xdc\x0c\x0f\xc6\xe1\xd1\
\x92i\x1a\xdc\xfb\x11\x09;J\x98\xc2U\xb6u\x05\x19\
1\xae\x0f\xf1\x16;\xd3\xe1o\x0b{\x0a6\x0c\xad\x1c\
\xb8\xc6\xbd\x92\x1d[\xae\xf1Y\x9a\x87\x91g\x05\xae\xd9\
\xf4x/\xf0n\xb8&\xd3\xcacn00\xe0\xbdd\
o\x8a\xc5\xcb\x08\xbc\xe1\x1a \x0dl\xf1\xdc8c\xad\
\xf5\x13@\x8a\x08\x87\x87\x02\xb2\x0a\x16\xaf\x82\x1b\x80\xea\
C\xfcc\xba\x80A\xa6\x8bv\x87hE-/\\\xc1\
\xb6h\x8f1-\x0d\x93\x986p\x80\x97d]B\x05\
pX)y>\xd9\xb2\xb4\x08\xe6\xc0yp\x8d\xf1\xb5\
\xac\x1d\xc1\xa5\xbd\xef`\xe2s\x00\x16\xde@7\x96Z\
,\xc4J7+\xa8\xcf\xd7\xc2k\xe2\x8b5\xa8hQ\
7y\x13\xd7p\x89o\x01\xb7\x82\xcd\xb2\xc0%\x9cP\
\x88W\x07Ut\xa4\x0bSqb\xf5\x0a\xd8l\xfcc\
Z9\x92\x81\xb0\xc0A\xd0I\xf4\xc8:\x05~j,\
'\x8dG\x0a\x09\xb1ZaV@\xc0\xd2\xc9\xd5g@\
Giz\x89\xafQ\x1f/\xb0\xac\xafm\xc1:\xa8\xa6\
\xab\x8b\x8c\x09\xdbw\xa5\x89\xc5\x9ei\xe5`\xad\x0b~\
\x08\x86=\xa5\xb4\xa7U\xb2E@\xb8aL\xefL\x0c\
\xc0>z\x0b\xa9C\xa6\x1f\\#\x81[4I\xf7\xaf\
\xec\xb2\x08[\x9f\"\xd1d\x15\xad\xd6\xe2)\xf4\xe9\xe2\
\x13B\xce\xe1\x9f\xf5\xbe\xbe\xa5\xba\x97\xcc\xa4\x8e\xd6\xc4\
\x1c\xe9\x19\xdd\x0bz\x0a1\x1dVOb\xcd8\x99\xb4\
\xf7\x0f\xeef\xc9\xad\xa0e8J\xa2\xb3\x8c\xa9\x90\xf7\
b\x1e\x1frB|nj~D\x97$\x14\xd0\xa4\xe1\
\xb4]\xce\xda\xe1\x93\xbbg\xae\xb4\xc8G19\xb5\xb8\
Q9+\xb7\x90%\x0b\xae\xe2{\x89\xfb\xaf\xebb\xc3\
\x96qR:\xb4\xa4\x85\xbd\xd1\x93\xa1NY\x82\xcf\x80\
wx\xad\x8c\x96\xb8\x98\xb5]\xd4\xee\x87\xc7\x09K\x92\
\x93&\xf3\xd1\xcc\x92X\x90\xfc P\xeeY#\xc6\xd0\
\x07\xd6lL\xbcaQ\xcc\x88\x0dB[2_+\x83\
\xb9\x03\x18\x09\x85 \x9c\x03\xf3:\x1fD\xc5|$\x0d\
C7\x16|\x9d\xf4\x1a)\xa7 \x05\x84\x9f+&`\
\x99\x1f\xf4\x9e\xe5\xf6\x87\xef+\xa3\x99x-Q\xed\xa4\
4\xf50\xb9\x96<\xce\xe0\x1b\xaa*\xb2\x05b\xbe\xb6\
p1\x8a\x99\x94H\x1f\xd7\xd3\xc4\x82\x0e\xa0\xa9\x9c\xbd\
1\xe1^\xbc\xd9\x96\x90q!(<\x8f>\xe9b\xd2\
B\x94\xc0\x928\xc4\xc8R\xcb\xbe\xa8a\x89f\xc6U\
%\x0e\xc7NE6\x1bb\x9b\x04\x02\xa0\x198^v\
 Ri\xcbH\x17\x96j\x8b\xe1 \x01\x00\xd4\xb8.\
\xa2\x87\xc6`\x88\x09\x7f\xa1\x9e^\xfa\xf7\x0d\x8f\x82B\
o\x0ec\xf5\x9b\xdbM1\xe4\xc5p\x96\x1d\x91\xac$\
 x\xa4\xaa6\xee\x91d\xd7\x01\xc3\xbd<0b7\
G\xcbq\xe5p\x05!<\xc3(_\x92\xe4\x9c\x18\xd7\
K\xc3\x93\xfa\xb7\xed\xa6QP\xe2\xb3\x1e\xb6\xa0\x98\xfc\
\xb1\x0fd\x8d\x83\xae\x01Y\xe3\xa0O\xec\xd9s\xc8k\
\"\xd4\x84\xe8JL\x18\xea\xb4\xc8(\xf8\xdaE\"\xe2\
B\xb9\xc1\xfe\xb4\x08\"\xbb\x9e\xf6t\xb2\xb9\x87:L\
\xf3\xaa\xc3q\x13\xb1,\xc5[\xe5)\xa9h\xda\x194\
\xd1\xfd\xb1\xba\xa2\x1c\"\xf3\xbc\xa5uxE\x96\xf2m\
\xf0|\xec\\\xdd&\xb4\xb9>\x7f\xc8F\xfa\x8d\xa8\x16\
Ki\x8c\x86C\xfd\xfb+Gi(! 79Y\
\x89Y\xcd\xd8)\xa5\xb4\xa8\xa5\xc9\xc9\xcex\x91V\xb6\
H\xb6\xc6\x15\xa6)\xc5\x836V\x0f\x89\xee\xe5\xfec\
\x9eY\xe9\xd4\xfe\xe3\x84\"\xda*F\xf3P0\xfd{\
\x94\xa7$\xd6%\xfb\x03Z\xbc\xb3\x82\xbe\xa1\xc5{\xa4\
\x93\xd4-h\xf3\x9fR\xe2d\x1c\x1dS\"2\xc2\xc7\
Bi8H\x151\x12\xf4\x08vTi\xf9&)_\
\x82\xbdpW\x0aT)\xc5\x08\xf7\\,J\x0c\x01\x17\
GJ\xd4\xc9\xf5\x1b\x02\xbaJ\x89%\x12\xda\xa5\xc4\xb8\
\x8d:\xdcE1]\xa5\xc4*\xb1]\xa5\xc4\x92\x11t\
\x95\x12KF\xec'\xff\xf7\x80\x10;\xc4\x19!F\\\
\x87o!3\x95\xb4\x1er\x8dy;\x16}\xc6<\x9a\
S\xef:\xf3h\xc9\xa8\xab\xcc\xdb\x80\xf69\xf3\xe8h\
oxvkH\xcf\xbd\xe1\x97\xc5h\x84v\xaa\x18\xed\
2\x8f\xe6\xd4\xbb\xce<\xfa\x9db\x14\x86S\xbf\xef\x8b\
\x91\xc4\xd1\xb5\xb4\xbfb\x1e\xad|v\x91y\xb4W\xf4\
R4\x9d\xef\x1c\x17\xee_m\xd6OlM\x01\xf5u\
\xf4\x12\xf7\xc4r|\xe8\x9e\xe7\x8f#\x8f\x86o`\xf3\
\x81\xa9q\xc9\xc4\xf6\xae\xc1U\xaf\x8c\xe0\x1fr\"9\
*\x08\xf1$t\xa1f\x18M\xeb\xe1G@\\\x9dR\
C\x9bz\x92\xc3\xb7\xd5\xd0(\x98\x10sX\x15,\xbb\
\x8d\x9c\x9b\xabY\x8d\xa6\xf7\xe1im\xe3A\xd5\xdbw\
o\xc7\xcf\xc3}\xf7r\x0d\x1d\x0d;\x9a\x1c\xac\xabq\
\xed\xc8?\\em<k\x10\xf7\xf2[\x08D\xa6\xad\
E\xd2\x12\x9b\xc7>\xc9\x09\xea\xa4J\xc9Yr\x12q\
^dyH>\x11\xc7Z\x9a\x9f\x93/Ef,\x8b\
\xa7\xfcC{C(5op\xe0\xdb\xd1\xd9D\xb2\xff\
\xda\xad\xb4\xff\xe3D\x13\x16-\x16}1\xd1\x96cn\
\x09\xedd\xa5\xbd\x07\xb4+\x94Q\x0b\xed{\xfe\xeb\x81\
\xb6\xd3;\xba\x1f\xb4\xb4cn\x0a\xed\xe4\xb1\xcf=\xa0\
}N\x19\xc5\xd0\xbe\xe5\xbf&h\x87\xc7\xd0w\x82\x96\
r\xccm\xa1\x1dG\xd9\x8d\xa0}J\x19\xd5\xd0\xbe\xe3\
\xbf.h\x87\xa7~w\x82v\xd8<\xb8\x13\xb4\x93\xa7\
~\xf7\x80\xf6\x19e\x94C\xfb\x86\xff\xda\xa0\xed\xfc\x8c\
\xd6\xfd\xa0\x9d<\xf3\xbf\x07\xb4\x93\xad\xc3{@\xfb\x84\
2\xea\xa1]\xe7\xbfBh\xbfq\x98\xa9\x05\xda\xc9\x1f\
@\xb9\x07\xb4=\xc7\xdc\x0e\xda\xf9(\xbb\x01\xb4\xab\x94\
Q\x09\xedw\xf8\xaf\x03\xda\xc9\x1f\xae\xb8\x07\xb4m\xc7\
\xdc\x10\xda\xd9(\xbb\x05\xb4k\x94Q\x0a-73\x95\
B\xcb\xcdL\xad\xd0r3S)\xb4\xdc\xcc\xd4\x0a-\
73\xb5B\xcb\xcdL\xa5\xd0r3S+\xb4\xdc\xcc\
T\x0a-73\xb5B\xcb\xcdL\xad\xd0r3S)\
\xb4\xdc\xcc\xd4\x0a-73\xb5B\xcb\xcdL\xa5\xd0r\
3S+\xb4\xdc\xccT\x0a-73\xb5B\xcb\xcdL\
\xad\xd0r3S)\xb4\xdc\xcc\xd4\x0a-73\x95B\
\xcb\xcdL\xad\xd0r3S+\xb4\xdc\xccT\x0a-7\
3\xb5B\xcb\xcdL\xa5\xd0r3S+\xb4\xdc\xcc\xd4\
\x0a-73\x95B\xcb\xcdL\xad\xd0r3S+\xb4\
\xdc\xccT\x0a-73\xb5B\xcb\xcdL\xa5\xd0r3\
S+\xb4\xdc\xcc\xd4\x0a-73\x95B\xcb\xcdL\xad\
\xd0r3S)\xb4\xdc\xcc\xd4\x0a-73\xb5B\xcb\
\xcd\xcc\xa7\xe8\xfa\x97\x1ac\"\xf9\xcf\xff\x87\xdf_\x1c\
\xc2\xf0\x0b\x89\xe9?4\x12\xee{C;\xd6\xe5\x00\x00\
\x00\x01orNT\x01\xcf\xa2w\x9a\x00\x00\x00\xa4I\
DAT\x18\xd3e\xd0[\x16\x83 \x0c\x04\xd0\x00\x8a\
\x0f\xac\x14+}d\xff\x0b\xed$\xa0\x9c\xd6\xf9\x01\xee\
\x09$J\x84X\xd71\xf7~\x90\xbd1F\x16\xc75\
\x9d=\xcc\xe34N\xd3\x8c%,\xc5n\x90U\xca\xe3\
\x1d\x0f$1\x0bZ\xa8dcvb({T\xa24\
r\x10\xdb\x99\xe9\x0c\x0a\"\x0c\xdd\x9a\x0d\xb8\xf4oQ\
\x1f\xa4\x99C3W\xeeb\xba|Z\xcf\x8ca\xa4<\
\xa4\xd6\xc2\xeb\xcc(\xec\xa3N\x82\xddh\xd5\x12\xc6\xe7\
\xdd9\x1f\xb0\xfa\xfa\xbdi\xe3\x96\\\xff\x0bE\xd5\xf9\
\xb9\x16<:\xda\x974\xca\x8a\xf4\x1bE\xba\xe2\x9b.\
\xf81_KU\x0d\x11cS\xe4\xc4\x00\x00\x00%t\
EXtdate:create\x002\
023-12-27T17:34:\
14+00:00Eb\x9bo\x00\x00\x00%\
tEXtdate:modify\x00\
2023-12-27T17:34\
:14+00:004?#\xd3\x00\x00\x00\
(tEXtdate:timest\
amp\x002023-12-27T1\
8:43:08+00:00\x84\xb7\xb3\
)\x00\x00\x00\x13tEXtdc:form\
at\x00image/png\xff\xb9\x1b>\
\x00\x00\x00\x15tEXtphotosho\
p:ColorMode\x003V\x02\xb3\
@\x00\x00\x00&tEXtphotosh\
op:ICCProfile\x00sR\
GB IEC61966-2.1\x1c\
/l\x0b\x00\x00\x00\x10tEXtxmp:C\
olorSpace\x001\x05\x0e\xc8\xd1\x00\
\x00\x00(tEXtxmp:Creat\
eDate\x002014-02-28\
T14:08:01-08:00\xc7\
\x81\x04\xb1\x00\x00\x00.tEXtxmp:C\
reatorTool\x00Adobe\
 Photoshop CC (M\
acintosh)Xq t\x00\x00\x00\
*tEXtxmp:Metadat\
aDate\x002014-07-31\
T15:45:06-07:00.\
\xf9,~\x00\x00\x00(tEXtxmp:M\
odifyDate\x002014-0\
7-31T15:45:06-07\
:00\x12]\x7f\xc0\x00\x00\x00\x16tEXtx\
mp:PixelXDimensi\
on\x0019\xf8\xd1,\x09\x00\x00\x00\x16tEX\
txmp:PixelYDimen\
sion\x0020w\xb6\x1e\xeb\x00\x00\x00=t\
EXtxmpMM:Documen\
tID\x00xmp.did:3213\
c2f0-0299-4c62-b\
2da-e2c34b9aac45\
\xdd\x14\x8a\xbd\x00\x00\x00=tEXtxmpM\
M:InstanceID\x00xmp\
.iid:2ecd831a-c1\
94-4b55-bda2-3ab\
85a69b0dc\xf7/i\xa4\x00\x00\x00\
EtEXtxmpMM:Origi\
nalDocumentID\x00xm\
p.did:3213c2f0-0\
299-4c62-b2da-e2\
c34b9aac45\xd1\xc9\xe4N\x00\x00\
\x00\x00IEND\xaeB`\x82\x00\x00S\x1b\x89P\
NG\x0d\x0a\x1a\x0a\x00\x00\x00\x0dIHDR\x00\x00\
\x02\x00\x00\x00\x02\x00\x08\x06\x00\x00\x00\xf4x\xd4\xfa\x00\
\x00\x00\x09pHYs\x00\x00\x0b\x13\x00\x00\x0b\x13\x01\
\x00\x9a\x9c\x18\x00\x008 iTXtXML:\
com.adobe.xmp\x00\x00\x00\
\x00\x00<?xpacket begi\
n=\"\xef\xbb\xbf\" id=\"W5M0\
MpCehiHzreSzNTcz\
kc9d\"?>\x0a<x:xmpme\
ta xmlns:x=\"adob\
e:ns:meta/\" x:xm\
ptk=\"Adobe XMP C\
ore 5.5-c021 79.\
154911, 2013/10/\
29-11:47:16     \
   \">\x0a   <rdf:RD\
F xmlns:rdf=\"htt\
p://www.w3.org/1\
999/02/22-rdf-sy\
ntax-ns#\">\x0a     \
 <rdf:Descriptio\
n rdf:about=\"\"\x0a \
           xmlns\
:xmp=\"http://ns.\
adobe.com/xap/1.\
0/\"\x0a            \
xmlns:dc=\"http:/\
/purl.org/dc/ele\
ments/1.1/\"\x0a    \
        xmlns:ph\
otoshop=\"http://\
ns.adobe.com/pho\
toshop/1.0/\"\x0a   \
         xmlns:x\
mpMM=\"http://ns.\
adobe.com/xap/1.\
0/mm/\"\x0a         \
   xmlns:stEvt=\"\
http://ns.adobe.\
com/xap/1.0/sTyp\
e/ResourceEvent#\
\"\x0a            xm\
lns:tiff=\"http:/\
/ns.adobe.com/ti\
ff/1.0/\"\x0a       \
     xmlns:exif=\
\"http://ns.adobe\
.com/exif/1.0/\">\
\x0a         <xmp:C\
reatorTool>Adobe\
 Photoshop CC (M\
acintosh)</xmp:C\
reatorTool>\x0a    \
     <xmp:Create\
Date>2014-02-27T\
13:41:40-08:00</\
xmp:CreateDate>\x0a\
         <xmp:Mo\
difyDate>2014-02\
-27T13:50:57-08:\
00</xmp:ModifyDa\
te>\x0a         <xm\
p:MetadataDate>2\
014-02-27T13:50:\
57-08:00</xmp:Me\
tadataDate>\x0a    \
     <dc:format>\
image/png</dc:fo\
rmat>\x0a         <\
photoshop:ColorM\
ode>3</photoshop\
:ColorMode>\x0a    \
     <xmpMM:Inst\
anceID>xmp.iid:a\
1ac31c3-d80a-494\
8-bfd9-10d1b8969\
48a</xmpMM:Insta\
nceID>\x0a         \
<xmpMM:DocumentI\
D>xmp.did:a1ac31\
c3-d80a-4948-bfd\
9-10d1b896948a</\
xmpMM:DocumentID\
>\x0a         <xmpM\
M:OriginalDocume\
ntID>xmp.did:a1a\
c31c3-d80a-4948-\
bfd9-10d1b896948\
a</xmpMM:Origina\
lDocumentID>\x0a   \
      <xmpMM:His\
tory>\x0a          \
  <rdf:Seq>\x0a    \
           <rdf:\
li rdf:parseType\
=\"Resource\">\x0a   \
               <\
stEvt:action>cre\
ated</stEvt:acti\
on>\x0a            \
      <stEvt:ins\
tanceID>xmp.iid:\
a1ac31c3-d80a-49\
48-bfd9-10d1b896\
948a</stEvt:inst\
anceID>\x0a        \
          <stEvt\
:when>2014-02-27\
T13:41:40-08:00<\
/stEvt:when>\x0a   \
               <\
stEvt:softwareAg\
ent>Adobe Photos\
hop CC (Macintos\
h)</stEvt:softwa\
reAgent>\x0a       \
        </rdf:li\
>\x0a            </\
rdf:Seq>\x0a       \
  </xmpMM:Histor\
y>\x0a         <tif\
f:Orientation>1<\
/tiff:Orientatio\
n>\x0a         <tif\
f:XResolution>72\
0000/10000</tiff\
:XResolution>\x0a  \
       <tiff:YRe\
solution>720000/\
10000</tiff:YRes\
olution>\x0a       \
  <tiff:Resoluti\
onUnit>2</tiff:R\
esolutionUnit>\x0a \
        <exif:Co\
lorSpace>65535</\
exif:ColorSpace>\
\x0a         <exif:\
PixelXDimension>\
512</exif:PixelX\
Dimension>\x0a     \
    <exif:PixelY\
Dimension>512</e\
xif:PixelYDimens\
ion>\x0a      </rdf\
:Description>\x0a  \
 </rdf:RDF>\x0a</x:\
xmpmeta>\x0a       \
                \
                \
                \
                \
                \
             \x0a  \
                \
                \
                \
                \
                \
                \
  \x0a             \
                \
                \
                \
                \
                \
       \x0a        \
                \
                \
                \
                \
                \
            \x0a   \
                \
                \
                \
                \
                \
                \
 \x0a              \
                \
                \
                \
                \
                \
      \x0a         \
                \
                \
                \
                \
                \
           \x0a    \
                \
                \
                \
                \
                \
                \
\x0a               \
                \
                \
                \
                \
                \
     \x0a          \
                \
                \
                \
                \
                \
          \x0a     \
                \
                \
                \
                \
                \
               \x0a\
                \
                \
                \
                \
                \
                \
    \x0a           \
                \
                \
                \
                \
                \
         \x0a      \
                \
                \
                \
                \
                \
              \x0a \
                \
                \
                \
                \
                \
                \
   \x0a            \
                \
                \
                \
                \
                \
        \x0a       \
                \
                \
                \
                \
                \
             \x0a  \
                \
                \
                \
                \
                \
                \
  \x0a             \
                \
                \
                \
                \
                \
       \x0a        \
                \
                \
                \
                \
                \
            \x0a   \
                \
                \
                \
                \
                \
                \
 \x0a              \
                \
                \
                \
                \
                \
      \x0a         \
                \
                \
                \
                \
                \
           \x0a    \
                \
                \
                \
                \
                \
                \
\x0a               \
                \
                \
                \
                \
                \
     \x0a          \
                \
                \
                \
                \
                \
          \x0a     \
                \
                \
                \
                \
                \
               \x0a\
                \
                \
                \
                \
                \
                \
    \x0a           \
                \
                \
                \
                \
                \
         \x0a      \
                \
                \
                \
                \
                \
              \x0a \
                \
                \
                \
                \
                \
                \
   \x0a            \
                \
                \
                \
                \
                \
        \x0a       \
                \
                \
                \
                \
                \
             \x0a  \
                \
                \
                \
                \
                \
                \
  \x0a             \
                \
                \
                \
                \
                \
       \x0a        \
                \
                \
                \
                \
                \
            \x0a   \
                \
                \
                \
                \
                \
                \
 \x0a              \
                \
                \
                \
                \
                \
      \x0a         \
                \
                \
                \
                \
                \
           \x0a    \
                \
                \
                \
                \
                \
                \
\x0a               \
                \
                \
                \
                \
                \
     \x0a          \
                \
                \
                \
                \
                \
          \x0a     \
                \
                \
                \
                \
                \
               \x0a\
                \
                \
                \
                \
                \
                \
    \x0a           \
                \
                \
                \
                \
                \
         \x0a      \
                \
                \
                \
                \
                \
              \x0a \
                \
                \
                \
                \
                \
                \
   \x0a            \
                \
                \
                \
                \
                \
        \x0a       \
                \
                \
                \
                \
                \
             \x0a  \
                \
                \
                \
                \
                \
                \
  \x0a             \
                \
                \
                \
                \
                \
       \x0a        \
                \
                \
                \
                \
                \
            \x0a   \
                \
                \
                \
                \
                \
                \
 \x0a              \
                \
                \
                \
                \
                \
      \x0a         \
                \
                \
                \
                \
                \
           \x0a    \
                \
                \
                \
                \
                \
                \
\x0a               \
                \
                \
                \
                \
                \
     \x0a          \
                \
                \
                \
                \
                \
          \x0a     \
                \
                \
                \
                \
                \
               \x0a\
                \
                \
                \
                \
                \
                \
    \x0a           \
                \
                \
                \
                \
                \
         \x0a      \
                \
                \
                \
                \
                \
              \x0a \
                \
                \
                \
                \
                \
                \
   \x0a            \
                \
                \
                \
                \
                \
        \x0a       \
                \
                \
                \
                \
                \
             \x0a  \
                \
                \
                \
                \
                \
                \
  \x0a             \
                \
                \
                \
                \
                \
       \x0a        \
                \
                \
                \
                \
                \
            \x0a   \
                \
                \
                \
                \
                \
                \
 \x0a              \
                \
                \
                \
                \
                \
      \x0a         \
                \
                \
                \
                \
                \
           \x0a    \
                \
                \
                \
                \
                \
                \
\x0a               \
                \
                \
                \
                \
                \
     \x0a          \
                \
                \
                \
                \
                \
          \x0a     \
                \
                \
                \
                \
                \
               \x0a\
                \
                \
                \
                \
                \
                \
    \x0a           \
                \
                \
                \
                \
                \
         \x0a      \
                \
                \
                \
                \
                \
              \x0a \
                \
                \
                \
                \
                \
                \
   \x0a            \
                \
                \
                \
                \
                \
        \x0a       \
                \
                \
                \
                \
                \
             \x0a  \
                \
                \
                \
                \
                \
                \
  \x0a             \
                \
                \
                \
                \
                \
       \x0a        \
                \
                \
                \
                \
                \
            \x0a   \
                \
                \
                \
                \
                \
                \
 \x0a              \
                \
                \
                \
                \
                \
      \x0a         \
                \
                \
                \
                \
                \
           \x0a    \
                \
                \
                \
                \
                \
                \
\x0a               \
                \
                \
                \
                \
                \
     \x0a          \
                \
                \
                \
                \
                \
          \x0a     \
                \
                \
                \
                \
                \
               \x0a\
                \
                \
                \
                \
                \
                \
    \x0a           \
                \
                \
                \
                \
                \
         \x0a      \
                \
                \
                \
                \
                \
              \x0a \
                \
                \
                \
                \
                \
                \
   \x0a            \
                \
                \
                \
                \
                \
        \x0a       \
                \
                \
                \
                \
                \
             \x0a  \
                \
                \
                \
                \
                \
                \
  \x0a             \
                \
                \
                \
                \
                \
       \x0a        \
                \
                \
                \
                \
                \
            \x0a   \
                \
                \
                \
                \
                \
                \
 \x0a              \
                \
                \
                \
                \
                \
      \x0a         \
                \
                \
                \
                \
                \
           \x0a    \
                \
                \
                \
                \
                \
                \
\x0a               \
                \
                \
                \
                \
                \
     \x0a          \
                \
                \
                \
                \
                \
          \x0a     \
                \
                \
                \
                \
                \
               \x0a\
                \
                \
                \
                \
                \
                \
    \x0a           \
                \
                \
                \
                \
                \
         \x0a      \
                \
                \
                \
                \
                \
              \x0a \
                \
                \
                \
                \
                \
                \
   \x0a            \
                \
                \
                \
                \
                \
        \x0a       \
                \
                \
                \
                \
                \
             \x0a  \
                \
                \
                \
                \
                \
                \
  \x0a             \
                \
                \
                \
                \
                \
       \x0a        \
                \
                \
                \
                \
                \
            \x0a   \
                \
                \
                \
                \
                \
                \
 \x0a              \
                \
                \
                \
                \
                \
      \x0a         \
                \
                \
                \
                \
                \
           \x0a    \
                \
        \x0a<?xpack\
et end=\"w\"?>\xde{\xa9b\
\x00\x00\x00 cHRM\x00\x00z%\x00\x00\x80\x83\
\x00\x00\xf9\xff\x00\x00\x80\xe9\x00\x00u0\x00\x00\xea`\
\x00\x00:\x98\x00\x00\x17o\x92_\xc5F\x00\x00\x1au\
IDATx\xda\xec\xdd\xcf\x8b\x1c\xe7\x9d\xc0a\x0b\
dH\xc0\x86\x046\xac \x07\x1bl\xc8!\x07C \
\xc1\x0bY\x1c\xc8m\x83Mr\x08Y0{0\x18\xec\
c \xb0\x87 \x08\xe4\x12\x13\x02\xd9\x8b1\x18_\x82\
\x16\x1f6\xaa\xea\xae\x9e\xfeU\xd5\xddS\xd33=\xd3\
3M;\x99\x90\xc9z\x06\x84\x18\xc9\x9e\xc4(r\xbc\
\x11\x1b\xcb\x92#\xf5\x1eR\"c\xad$\xebG\xcfL\
\xd7\xdb\xcf\xe1\xf9\x03\xd4\xefW\xd5\x9f\xe9\xaa\xf7\xad\x87\
&\x93\xc9C\x00\xc0|\xf1!\x00\x80\x00\x00\x00\x04\x00\
\x00 \x00\x00\x00\x01\x00\x00\x08\x00\x00@\x00\x00\x00\x02\
\x00\x00\x10\x00\x00\x80\x00\x00\x00\x04\x00\x00 \x00\x00\x00\
\x01\x00\x00\x08\x00\x00@\x00\x00\x00\x02\x00\x00\x10\x00\x00\
\x80\x00\x00\x00\x01\x00\x00\x08\x00\x00@\x00\x00\x00\x02\x00\
\x00\x10\x00\x00\x80\x00\x00\x00\x04\x00\x00 \x00\x00\x00\x01\
\x00\x00\x08\x00\x00@\x00\x00\x00\x02\x00\x00\x10\x00\x00\x80\
\x00\x00\x00\x04\x00\x00 \x00\x00\x00\x01\x00\x00\x02\x00\x00\
\x10\x00\x00\x80\x00\x00\x00\x04\x00\x00 \x00\x00\x00\x01\x00\
\x00\x08\x00\x00@\x00\x00\x00\x02\x00\x00\x10\x00\x00\x80\x00\
\x00\x00\x04\x00\x00 \x00\x00\x00\x01\x00\x00\x08\x00\x00@\
\x00\x00\x00\x02\x00\x00\x04\x00\x00 \x00\x00\x00\x01\x00\x00\
\x08\x00\x00@\x00\x00\x00\x02\x00\x00\x10\x00\x00\x80\x00\x00\
\x00\x04\x00\x00 \x00\x00\x00\x01\x00\x00\x08\x00\x00@\x00\
\x00\x00\x02\x00\x00\x10\x00\x00\x80\x00\x00\x00\x04\x00\x00\x08\
\x00\x1f\x02\x00\x08\x00\x00@\x00\x00\x00\x02\x00\x00\x10\x00\
\x00\x80\x00\x00\x00\x04\x00\x00 \x00\x00\x00\x01\x00\x00\x08\
\x00\x00@\x00\x00\x00\x02\x00\x00\x10\x00\x00\x80\x00\x00\x00\
\x04\x00\x00 \x00\x00\x00\x01\x00\x00\xf8\x10\x00@\x00\x00\
\x00\x02\x00\x00\x10\x00\x00\x80\x00\x00\x00\x04\x00\x00 \x00\
\x00\x00\x01\x00\x00\x08\x00\x00@\x00\x00\x00\x02\x00\x00\x10\
\x00\x00\x80\x00\x00\x00\x04\x00\x00 \x00\x00\x00\x01\x00\x00\
\x08\x00\x00@\x00\x00\x80\x00\x00\x00\x04\x00\x00 \x00\x00\
\x00\x01\x00\x00\x08\x00\x00@\x00\x00\x00\x02\x00\x00\x10\x00\
\x00\x80\x00\x00\x00\x04\x00\x00 \x00\x00\x00\x01\x00\x00\x08\
\x00\x00@\x00\x00\x00\x02\x00\x00\x10\x00\x00\x80\x00\x00\x00\
\x01\x00\x00\x08\x00\x00@\x00\x00\x00\x02\x00\x00\x10\x00\x00\
\x80\x00\x00\x00\x04\x00\x00 \x00\x00\x00\x01\x00\x00\x08\x00\
\x00@\x00\x00\x00\x02\x00\x00\x10\x00\x00\x80\x00\x00\x00\x04\
\x00\x00 \x00\x00\x00\x01\x00\x00\x02\x00\x00\x10\x00\x00\x80\
\x00\x00\x00\x04\x00\x00 \x00\x00\x00\x01\x00\x00\x08\x00\x00\
@\x00\x00\x00\x02\x00\x00\x10\x00\x00\x80\x00\x00\x00\x04\x00\
\x00 \x00\x00\x00\x01\x00\x00\x08\x00\x00@\x00\x00\x00\x02\
\x00\x00\x04\x80\x0f\x01\x00\x04\x00\x00 \x00\x00\x00\x01\x00\
\x00\x08\x00\x00@\x00\x00\x00\x02\x00\x00\x10\x00\x00\x80\x00\
\x00\x00\x04\x00\x00 \x00\x00\x00\x01\x00\x00\x08\x00\x00@\
\x00\x00\x00\x02\x00\x00\x10\x00\x00\x80\x00\x00\x00|\x08\x00\
 \x00\x00\x00\x01\x00\x00\x08\x00\x00@\x00\x00\x00\x02\x00\
\x00\x10\x00\x00\x80\x00\x00\x00\x04\x00\x00 \x00\x00\x00\x01\
\x00\x00\x08\x00\x00@\x00\x00\x00\x02\x00\x00\x10\x00\x00\x80\
\x00\x00\x00\x04\x00\x00 \x00\x00@\x00\x00\x00\x02\x00\x00\
\x10\x00\x00\x80\x00\x00\x00\x04\x00\x00 \x00\x00\x00\x01\xf0\
)\xc6\xe3q\xe9M&\x93c\xadV\xeb\xebQ\x14\x9d\
L\x92\xa4R\xaf\xd7\xc7\xadV\xeb\xedv\xbb}.\xcb\
\xb2\x0b\xddn\xf7\xcf\x8b\x8b\x8b\x1f\xe6y~\xb9\xd7\xeb\
]\xeat:\x17\xd34}\xa7\xd5j\xed4\x1a\x8d_\
'I\xd2\x8e\xa2\xe8\x95$I\xbeu\xf6\xec\xd9\xcf\x86\
\xf0\x990\x1b\xb6\xb7\xb7\x1fI\x92\xe4[\xc5|\xb5\x1b\
\x8d\xc6\xaf[\xad\xd6N\x9a\xa6\xeft:\x9d\x8b\xbd^\
\xefR\x9e\xe7\x97\x17\x17\x17?\xecv\xbb\x7f\xce\xb2\xec\
B\xbb\xdd>\xd7j\xb5\xde\xae\xd7\xeb\xe3$I*Q\
\x14\x9dl\xb5Z_\x9fL&\xc7|\xa6\xdc\xab\xb3g\
\xcf~\xf6.g\xf0\xf2\x8d\x19L\xd3\xf4\xfc\xcd3\xd8\
l6\xffyww\xf7x \xdf\x19\x02\xa0\x8c\x010\
\x99L\x8eU\xab\xd5oW\xab\xd5_\xb6\xdb\xeds\x8b\
\x8b\x8b\x97\x87\xc3\xe1d<\x1eO\xc5\xc6\xc6\xc6$\xcf\
\xf3+Y\x96\xfd\xa1V\xabeq\x1c\xbf$\x0a\xb8\xdb\
\x0bm\x14E/\xd7j\xb5n\x96e\xef\xe5y~u\
cccj\xb39\x1c\x0e'\x8b\x8b\x8b\x97\xdb\xed\xf6\
\xb9j\xb5\xfa\xcbj\xb5\xfamQ\xc0\xcd3\x18\xc7\xf1\
K\xb5Z-\xcb\xb2\xec\x0fy\x9e_9\x88\x19L\xd3\
\xf4|\xb5Z\x8d\xaa\xd5\xeaw\xca8\x83\x02\xa0D\x01\
\xd0l6\x9f\xa9V\xabo\xa6iz~ee\xe5\xda\
\xb4\x86\xf9n\xad\xad\xadM:\x9d\xce\xc5$I\x9aq\
\x1c?\xefB\xc3\x0dq\x1c?\x9f$I\xb3\xd3\xe9\\\
\\[[\x9b\x1c\xf6l\xae\xac\xac\\+.\xc6o6\
\x9b\xcdg\xac\x89\x19<\xa2\x19|\xa7L3(\x00f\
<\x00\x86\xc3\xe1c\xd5j\xf5T\xaf\xd7\xbbt\xd8\x03\
\xfdi\xf2<\xbfR\xab\xd5\xb2v\xbb\xfd\xb4\x0b\xd0\xfc\
i\xb7\xdbO\xd7j\xb5,\xcf\xf3+\xb36\x9b\xbd^\
\xefR\xb5Z=5\x1c\x0e\x1f\xb3V\xe1J\xd3\xf4k\
fP\x00\x04\x15\x00\x93\xc9\xe4X\x14E'\xd34=\
?\xcd\x9f\xf5\x0fR\xb7\xdb\xfd \x8e\xe3\xd7\xb7\xb6\xb6\
>\xef\xc2\x14\xae\xad\xad\xad\xcf\xc7q\xfcz\xb7\xdb\xfd\
\xa0\x0cs9\x1c\x0e'i\x9a\x9e\x8f\xa2\xe8\xa4\xdb\x04\
a\xd8\xd9\xd9y4\x8e\xe3\xd7:\x9d\xce\xfb\xa3\xd1\xc8\
\x0c\x0a\x800\x02`oo\xef\xe18\x8e_\xcb\xf3\xfc\
\xa32\\\\oeyy\xf9Z\x92$\xcd\xf1x|\
\xc2\xc5*('\x92$i.//_+\xebl\xe6\
y\xfeQ\x1c\xc7\xaf\xed\xed\xed=l=K\xe9\x1f\x93\
$Y\xe8\xf7\xfbfP\x00\x84\x13\x00\xdb\xdb\xdb\x8fT\
*\x95_,--]-\xeb`\xdfl0\x18\\_\
XXX\x1a\x0c\x06O\xb8p\x95\xd7`0x\xa2X\
\xc7\xeb\xa1\xcc\xe6\xd2\xd2\xd2\xd5J\xa5\xf2\x8b\xed\xed\xed\
G\xac\xf1\xec\x1b\x0e\x87\x8f\xd7j\xb5\xc5\x95\x95\x153\
(\x00\xc2\x0a\x808\x8e_\xed\xf7\xfb\x7f\x0de\xb0o\
\xb6\xba\xbaz\xbdV\xabuwvv\x1eu1+\xd7\
\xcf\xac\xb5Z\xad\xbb\xba\xbaz=\xd4\xd9\xec\xf7\xfb\x7f\
\x8d\xe3\xf8U\xebm\x06\xe7u\x06\x05\xc0\x11\x05@\x92\
$\xcf\x96\xe5>\xea\x94~\xfa\xbaz\xfa\xf4\xe9\x1f\xba\
\xb0\xcd\xbe(\x8aN\x86\xf4k\xd4\xdd<\xbf\x92$\xc9\
\xb3\xd6~v\x9c>}\xfa\x87y\x9e\x9bA\x01\x10V\
\x00lnn~\xa1^\xaf\x8f\xa6\xb9'\xb5L\xd24\
}7\xcb\xb2\xaf\xba\xc8\xcd\xe4S\xfd\xff\x94e\xd9\xef\
\xe7q.766&\xf5z}\xb4\xb9\xb9\xf9\x05\xb3\
pt\xb2,\xfbj\x9a\xa6\xef\x9aA\x01\x10\\\x00D\
Q\xf4r\xbf\xdf\xffx\x1e\x87\xfb\xe6\xf3\x04*\x95\xca\
\x1b.x\xb3\xa3R\xa9\xfc\xe7Q\xec\x9d\x9e\xc1\x9fd\
?\x8e\xa2\xe8e3q$3\xf8\x86\x19<\xdc\x19\x14\
\x00\x87\x10\x00\x93\xc9\xe4X\x92$\xcdy\xfd\xab\xffv\
Z\xad\xd6\x19\x7fq\x1d\xfd\xd3\xfd\xedv\xfb\x9cy\xfc\
\xe4_bI\x924m\x1b<\xbc_E[\xad\xd6\x19\
\xb3w\xf83(\x00\x0e8\x00\x06\x83\xc1\x93Y\x96]\
0\xd4\xb7\xdf\x16\x93$\xc9s.\x84G\xf2\x17\xd7w\
g\xf1\x00\x95Y\x91e\xd9\x85\xc1`\xf0\xa4Y9\xd0\
g\xa1\x9e+\xf3\xb6\xe7\xb2\xcf\xa0\x008\xc0\x00\x88\xe3\
\xf8\x85\x90\x9f\xf0\x9f\xe6-\x01Oc\x1f\xfe\xcf\xade\
9dj\x06\x9e\xd2~\xc1\xcc\x1c\xcc\x0e(?\xf9\x1f\
\xed\x0c\x0a\x80\x03\x0a\x80(\x8a~d\xb8\xefM\x92$\
m\x17\xc6\x83W\xab\xd5\x16\xcd\xdb\xbd\x05j\x14E?\
2;S\xfd\xcb\xbfm\xb6\x8e~\x06\x05\xc0\x01\x04@\
\xa5Ry\xc3\xfd\xfe\xfb\xd3h46\xdd{=\x18\xbb\
\xbb\xbb\xc7\x1b\x8d\xc6o\xcd\xd9\xfd\xdd\x93\xf5\xe0\xeat\
\x9e\x87j4\x1a\x9bfj6fP\x00L9\x00\x8a\
cp\x0d\xec\x83m\x15<\xef\x94\xb6\xe9\x9f6\x99\xa6\
\xe9;\xe6\xeb\x81\x7f\xa5j\x9a\xa7\x07\x9a\xc1\xf3\xe6h\
vfP\x00L1\x00\xea\xf5\xfa\xba\x01\x9d\x8eN\xa7\
\xf3\xbe\xd3\x03\xa7w\xa2Z\xa7\xd3y\xdf\\MG\xf1\
\xff\xdcl\x99\xc1\xd2\xcf\xa0\x00\x98R\x00$I\xd20\
\x98\xd3?4hww\xf7\xb8\x0b\xe8\x83\xfd\xec?\xaf\
\x07\xab\x1c\xf0_a\x0d\xf3e\x06\xcb>\x83\x02`\x0a\
\x01P\xdc\x971\x94\x07\xa0\xd9l\xfe\xceE\xf4\xfe\x15\
\x9f\x9fY:\x00\x9e\x090\x83e\x9fA\x01\xf0\x80\x01\
\x10E\xd1\x8f=\xf0w\xb0j\xb5Z\xdf\x85\xf4\xbe\x9e\
\xf6\xef\x9b\x9f\x83}(+\x8a\xa2\x1f\x9b53X\xd6\
\x19\x14\x00\x0f\x10\x00q\x1c\xbfh/\xf5\xe1\xa8V\xab\
\xa7\\P\xef^\xf1y\x99\x9d\x036\x1c\x0e'q\x1c\
\xbfh\xe6\xcc`\x19gP\x00\xdcg\x00\x0c\x06\x83'\
\x1c\xf2sx\xd6\xd7\xd7'q\x1c?\xef\xc2zWa\
\xfa\xfc\xfa\xfa\xba\xb99\xc4\x83Z\x06\x83\xc1\x13f\xcf\
\x0c\x96m\x06\x05\xc0}\x06@\x96e\xef\x19\xbc\xc3\xb5\
\xb4\xb4tu4\x1a}\xd1\x05\xf6\xf6F\xa3\xd1\x17\xe7\
\xe9U\xbe\xb3\xa2\xb8\x1e\x98A3X\xaa\x19\x14\x00\xf7\
\x11\x00I\x92$\x06\xee\xe8\xce\x08p\x91\xbd=\xfb\xac\
\x8f\xf4\xa9\xec\xc4\x0c\x9a\xc12\xcd\xa0\x00\xb8\xc7\x00\x88\
\xe3\xf8\x05\x0f\xfd\x1d\xf9\xf3\x00o\xba\xd0\xde\xf2\x9e\xeb\
\x9b\xe6\xe3h\x1f\xc8\x9a\xf7\xf7\x06\x98\xc1r\xcd\xa0\x00\
\xb8\x87\x00\xd8\xd9\xd9y4\xcfs?m\xcd\xc0C/\
\x8dF\xe3\x1b\xbe\xf4\xff\xae\xd1h|\xc3\x03\xa93\xf1\
v\xcb\xab\xf3z\x80U\xb3\xd9|\xc6\x0c\x96k\x06\x05\
\xc0=\x04\x80\x97\xa8\xcc\xd4I\x81\x7f\xf4\xc5\xffw\xc5\
\xe7a6fc\xdb\xea\xe2<\xce\xa0\xd7\x9e\x97o\x06\
\x05\xc0]\x06@\xbd^\xff\xa6\xa7ZgK\x1c\xc7?\
\xf3\xe5?~\xa8\xf8\x1c\xcc\xc4\x0c\xedX\xa9\xd7\xeb\xdf\
\x9c\xa7\x19\x8c\xa2\xe8'\xd6\xbe|3(\x00\xee2\x00\
:\x9d\xceE\x835{[_\xc6\xe3\xf1\x899\x0f\x80\
\x13\xb6\xa3\xce\xe4/T\x17\xe7e\x06777\xff\xa1\
\xdf\xef\x7fl\xdd\xcb7\x83\x02\xe0.\x02 \x8e\xe3\x9f\
\x1b\xa8\x99}}\xf0[s~\xef\xff-s0\xb3\xbf\
P\xfd|\x1efpaaah\xbd\xcb9\x83\x02\xe0\
S\x02`oo\xefa{Zg\xfb\xa9\xd7v\xbb\xfd\
\xf4<~\xf9\xb7\xdb\xed\xa7\xedH\x99\xeds+\xf6\xf6\
\xf6\x1e\x0ey\x06{\xbd\xdeSn\x8d\x96w\x06\x05\xc0\
\xa7\x04@\x1c\xc7\xaf\x1a\xa4\x99\xff\x15\xe07s\xfa\xd7\
\xffo\xac\xff\xcc\xff\x05\xf6\xaa_\xa0\x98\xd5\x19\x14\x00\
w\x08\x80\xc9dr,\xcf\xf3\x8f\x0c\xd1\xeco\x0b\xcc\
\xf3\xfc\xcb\xf3\xf4\xe5\x9f\xe7\xf9\x97m\xb9*\xc5\x96\xac\
\x8f&\x93\xc9\xb1\x10g\xb0\xdf\xef\x7fimm\xcd:\
\x97x\x06\x05\xc0\x1d\x02\xc0\x93\xad\xe5Q\xaf\xd7\xd7\xe7\
)\x00\x8a\x7f\xaf\xb5/\x81\xe2:\x12\xe2\x0c\xaeY\xdf\
r\xcf\xa0\x00\xb8C\x00\xf4z\xbd\xff5<\xe5\xb0\xba\
\xbaz}8\x1c>>\x0f_\xfe\xc3\xe1\xf0\xf1\xd5\xd5\
\xd5\xeb\xd6\xbd\x1c\x8a\xebHh3\xf8\xd8`00\x83\
%\x9fA\x01p\x9b\x00\x88\xa2\xe8e\x83\xe3,\xf6Y\
\x94$I\xcdz\x97\xee>\xecK\x81\xcd\xa0\xf7\xa1\x04\
0\x83\x02\xe06\x01\xd0j\xb5\xde64\xe5\xb2\xb8\xb8\
xyN\xee\xff_\xb6\xde\xe5\xd2l6\xff;\xa4\x19\
,\xfe\xafY\xdb\x92\xcf\xa0\x00\xb8E\x00lmm}\
\xce\xcf[\xa5}Q\xd0wB\xfe\xf2\xafT*\xdf\xb3\
\xce\xe53\x18\x0c\xaeooo?\x12\xc2\x0c\x16\xff\xc7\
\xack\x003(\x00n\x11\x00Q\x14\xfd\x87\x81)\xed\
\xc3\x80\xa3\xc0\x1f\xfe\xfb\x95u.\xed\x83X?\x0dd\
\x06G\xd63\x8c\x19\x14\x00\xb7\x08\x80N\xa7\xe3\xa5\x16\
%>\x1exww\xf7x\x88_\xfeg\xce\x9c\xf9\xcc\
\xf2\xf2\xf25\xeb\\NY\x96\xfd\xbe\xec3\xb8\xbb\xbb\
{\xdc\xd1\xd3\xe1\xcc\xa0\x00\xb8)\x00\xfa\xfd\xfe\x97F\
\xa3\x91a)w\xe5\xfe \xc4\x00\x88\xa2\xe8\xa4\xf5-\
\xf7\x0bZ\x86\xc3\xe1c%\x9f\xc1\x1fX\xcbpfP\
\x00\xdc\x14\x00~\xfew&\x80\x9f\xffq&\x80\xf3'\
\xe6a\x06\x05\xc0M\x01P<)iP\xec\xbb\xf6\xe4\
5\x8e\xadv6J\xd03(\x00n\x0a\x80<\xcf\xbd\
\xf8\xa7\xe4F\xa3\xd1$\xb4C\x81\x06\x83\xc1\x93\xd66\
\x88cY\xaf\x94\xf8\xf0\x9f\xc7\xdd\x1e\x0dk\x06\x05\xc0\
\xbe\x00\xe8t:_1 \xc1\xfc\xcc\xf5J`\xf7\xff\
\x7fj]\x83\xf9\x85\xea\xa9\x92\xce\xe0+\xd6/\xac\x19\
\x14\x00\xfb\x02 \x8e\xe3\xd7\x0cG0?s\xfd6\xa4\
\x00(\xfe=\xd66\x8c\x13\xd9^3\x83\xcc\xc2\x0c\x0a\
\x80}\x01`\xc0\x83:\x15\xf0/\x81\xdd\xff\xff\x8bu\
\x15\xa7f\x90i\xce\xa0\x00\xd8\x17\x00\xddn\xf7O\x86\
#\x0c\xc5\xcbr\x82\xf8\xf2\x9fL&\xc7\xbcv5\x1c\
\xc5u\xa6ts\xe8\x05T\xe1\xcd\xa0\x00\xd8\x17\x00\x0e\
\xb8p\xafu\x16\xa5i\xfa5\xeb\x19\xd6aU%|\
\xfa\xff)k\x17\xde\x0c\x0a\x80\xbf\x07\xc0\x09\x83\x11\xdc\
\x83\x80\xdf\x0f\xe4\x01\xc0\x7f\xb7\x9e\xc19Q\xb2\x19\xfc\
\xbe5\x0bo\x06\x05@\xa1R\xa9\xfc\x9b\x81\x08K\xb5\
Z=\x15B\x00T\xab\xd5\xff\xb2\x9ea)\xae7e\
\x9a\xc1S\xd6-\xbc\x19\x14\x00\x05;\x00\x82<\x11p\
l\x07\x00v\x02L\xe5\x04\xc0\xb1u\x0bo\x06\x05@\
!I\x92\x86\xa1\x08K\xbb\xdd\xde\x0d!\x00\x8a\x17x\
X\xd3\x80\x14\xd7\x9b\xd2\xcc`\xf1\x7f\xc9\xda\x056\x83\
\x02\xa0\xb0\xb0\xb0\xb0l(\xc2\x92e\xd9{!\x04@\
\xa7\xd3y\xdfz\x86\xa5\xb8\xde\x94)B\xdf\xb3n\xe1\
\xcd\xa0\x00(4\x1a\x8d\xb7\x0cEp[]\xfe'\x84\
\x00\xe8\xf5z\x97\xacgp\xfb\xb0\xdf*\xd3\x0c\x16\xff\
\x97\xac]`3(\x00\x0a\xadV\xebmC\x11\xdca\
@\x1f\x86\x10\x00y\x9e{\x09P`\x8a\xebM\x99\x0e\
\x01\xfa\xd0\xba\x857\x83\x02\xa0\xe0\x1eWx\x8a\x17;\
\x95>\x00\x96\x96\x96>\xb6\x9e\x9eO9\xe2\x08\xf5\x92\
\xb4\x00gP\x00\x14\xdc\xe3\x0a\xcf\xf2\xf2\xf2\xb5\x10\x02\
`ee\xe5\x9a\xf5\xf4|\xcaQ*\xfe/Y\xbb\xc0\
fP\x00\x08\x00\x01 \x00\x10\x00\x02@\x00\xb8\x05\x80\
[\x00n\x01\xe0\x16\x80[\x00n\x01x\x08\x10\x0f\x01\
z\x08\x10\x0f\x01z\x08\xd0C\x80\xb6\x01b\x1b\xa0m\
\x80\xd8\x06\x88m\x80\x0e\x02\xc2}V\x07\x01\xe1  \
\x1c\x04\xe4(`\xdcg\x1d;\x0a\x18G\x01\xe3(`\
/\x03\xe2hy\x19\x10\xb3\xca\xcb\x80\x98\x85\x19\x14\x00\
^\x07\x1c,\xaf\x03fVy\x1d0\xb30\x83\x02\xa0\
0\x1e\x8fO\x18\x8a\xb0DQ\xf4\xfd\x10\x02 \x8a\xa2\
\x7f\xb7\x9e\xc19Q\xb2\x19\xfc\xbe5\x0bo\x06\x05\xc0\
\xdf\x03\xe0\xa1~\xbf\xffWC\x11\x8e^\xaf\xf7T\x08\
\x01\x90\xa6\xe9\xd7\xacg8\x8a\xebL\xd9v\xa2<e\
\xed\xc2\x9bA\x01\xb0/\x00\xba\xdd\xee\x9f\x0cG\x18V\
WW\xaf\x87\xf0\xe5_\xfc'=\xb6\xb6\xb6f]\xc3\
\xd9\x9e\xfa\xa72\xcea\xf1\x7f\xca\x1a\x064\x83\x02`\
_\x00x\xd8*\xa8C\x80\xfe\x12J\x00\x14\x07\xb1\xfc\
\xc5\xba\x06\xb3\xff\xfa\xb7f\x90Y\x98A\x01\xb0/\x00\
\xec\x04p\x91\xb5\x13\x00;\x00\xcc\xe0\xbc\xcc\xa0\x00\xd8\
\x17\x00\x9dN\xe7+\x86#\x98\x07\x00_\x09)\x00\xa2\
(\xfa\xa9u\xf5l\xca\x11\xcf\xe0+\xd6/\xac\x19\x14\
\x00\xfb\x02`\xec\xa5\x17A\x18\x8dF\x93\xe1p\xf8x\
H\x010\x18\x0c\x9e\xb4\xb6\xe5\x97\xe7\xf9\x95\xb2\xce\xe0\
p8||4\x1aY\xc7\x80fP\x00\xdc\x14\x00\xcd\
f\xf3\xbf\x0dI\xe9\xeb\xf6\x7fC\xfa\xf2\xdfw\x0f\xd6\
K\x81\xca\x7fk\xea7e\x9e\xc1\xe2\xff\x96\xb5\x0cd\
\x06\x05\xc0M\x01\x10E\xd1\x7f\x18\x92\xd2\x9f\x00\xb8\x1e\
b\x00\xd4\xeb\xf5_Y\xdf\xd2\xdf\x9a\xfaI\xc9gp\
\xdd:\x863\x83\x02\xe0\xa6\x00\xe8\xf7\xfb_\xf23W\
\xe9\x07\xfc\x07!\x06@\x14E'\xadoy\xad\xaf\xaf\
O\x86\xc3\xe1c%\x9f\xc1\x1fX\xcbpfP\x00\xdc\
\x14\x00\xc5\xc3\x80\x17\x0cKy\x0f\xb8\xd8\xdd\xdd=\x1e\
b\x00\x9c9s\xe63\xcb\xcb\xcb\xd7\xacs9\x15/\
u*\xf5\x0c\xee\xee\xee\x1ew`Z83(\x00n\
\x11\x00n\x03\x94\xfa\xe7\xffQ\x88_\xfen\x03\x04\xf1\
\xcb\xd4O\x03\x99\xc1\x91\xf5\x0cc\x06\x05\xc0-\x02`\
kk\xebs\x83\xc1\xc0\xa9W%T\xadV\xbf\x13r\
\x00T*\x95\xefY\xe7\xf2\x19\x0c\x06\xd7\xb7\xb7\xb7\x1f\
\x09a\x06\x8b\xffc\xd65\x80\x19\x14\x00\xb7\x08\x80\xf1\
x\xfcP\xab\xd5z\xdb\xd0\x94\xee\xf4\xbf\xcb!\x7f\xf9\
\xef\xdb\xaaj7@\xc9\x14\xbb\x8b\xecHa\xa6fP\
\x00\xdc&\x00\xa2(z\xd9\xd0\x94K\x92$\xc9<\x04\
@\x92$5\xeb]\xba\x93\xd7^\x0al\x06\x13\xebZ\
\xfe\x19\x14\x00\xb7\x09\x00{^\xcbeuu\xf5zh\
\x87\xff\xdc\xe9@\x16/fq.\xc5\x11\xcf\xe0cn\
\x93\x96\x7f\x06\x05\xc0\x1d\x02\xa0\xd8/i\x80\xec\xfd\xb7\
\x1f\x9b\xb9\xdd\xfb\x7f\x87\x19\\\xb3\xbe\xe5\x9eA\x01p\
\x87\x00\x98L&\xc7\xf2<\xff\xc8\x00\xcd\xb6\xe1p8\
\xc9\xf3\xfc\xcb\xf3\x14\x00y\x9e\x7fy8\x1cZ\xff\xd9\
?v\xf5\xa3\xc9dr,\xc4\x19\xec\xf7\xfb_\xf2\x9a\
\xear\xcf\xa0\x00\xb8C\x00\x8c\xff\xf6\x86\xc0W\x0d\x91\
\xe3UgQ\xf1\xef6\x03\xb3}\xdf\xf5\xd5\xc0g\xf0\
-\xeb\\\xde\x19\x14\x00\x9f\x12\x00{{{\x0f/-\
-yA\xd0\x8c\xda\xd8\xd8\x98\xb4\xdb\xed\xa7\xe71\x00\
\xda\xed\xf6\xd3\x1b\x1b\x1b\xe6`F---]\xdd\xdb\
\xdb{8\xe4\x19\xec\xf5zO\xad\xaf\xaf[\xef\x92\xce\
\xa0\x00\xf8\x94\x00(~\x05\xf8\xb9a\x9a\xd9\xbf\xfe\xdf\
\x9a\xc7/\x7f\x7f\x81\x95\xe2/\xaf\x9f\xcf\xc3\x0c.,\
,\x0c\xadw9gP\x00\xdcE\x00\x8c\xffv<\xf0\
E\x035{\xc7\xfe\x8e\xc7\xe3\x13\xf3\x1c\x00\xe3\xf1\xf8\
\x84\xa3YgOq\xbd\x98\x8b\x19\xdc\xdc\xdc\xfc\x87~\
\xbf\xff\xb1u/\xdf\x0c\x0a\x80\xbb\x0c\x80z\xbd\xfeM\
?u\xcd\\\xdd\xfel\xce\xbf\xfco\xfcB\xf53\xf3\
0[/\\\xa9\xd7\xeb\xdf\x9c\xa7\x19\xb4c\xaa\x9c3\
(\x00\xee2\x00\xc6\xe3\xf1C\xb5Zm\xd1p\xcdL\
\xdd\xfe\xd1\x97\xff'~\xa1\xfa\xa3\xb9\x98\x0d\xc5ub\
\xeef0\xcb2/Q+\xd9\x0c\x0a\x80{\x08\x80\x9d\
\x9d\x9dG\xf3<\xf7@\xe0\x0cl\xfbk4\x1a\xdf\xf0\
\xc5\xff\x89g\x01\xbea[\xe0Ll\xb9\xba\xba\xb3\xb3\
\xf3\xe8<\xce`\xb3\xd9|\xc6\x0c\x96k\x06\x05\xc0=\
\x04@\xf1s\xeb\x0b\x9e\xbc>\xf2\x17\xfe\xbc\xe9K\xff\
\x96/iy\xd3|\x1c\xed\x8e\x948\x8e_\x98\xe7\x19\
\xacT*\xffi\x16\xca3\x83\x02\xe0\x1e\x03`\xec\x1c\
\xec#\x95\xa6\xe9y_\xf6\xb7W|>f\xc5\xbb(\
\x8er{\xea9\xf3P\x8e\x19\x14\x00\xf7\x11\x00\xc5\xfd\
\xae\xf7\x0c\xdc\xe1\xefi\x1d\x8dF_t\x91\xbd\xbd\xd1\
h\xf4E\xe7V\x1c\xbe\xe2z`\x06\x8b\x9d)y\x9e\
_1\x17\xb3?\x83\x02\xe0>\x03`0\x18<a\xfb\
\xd5\xe1>\xd5\x1a\xc7\xf1\xf3.\xaewu\x9b\xeay;\
V\x0ew;\xea`0x\xc2\xec}\xe2V\xc0w=\
\x0f0\xfb3(\x00\xee3\x00\x8a\x0b\xed\x8b\x86\xfc\xd0\
\xee\xfb\x9fra\xbd\xa7\xe7\x01N\x99\x9b\xc3y 5\
\x8e\xe3\x17\xcd\xdc-\xaf\x8f\xaf\x9b\x91\xd9\x9eA\x01\xf0\
\x00\x01P\xec\x7f\xfd\xb1\x87\x02\x0f|KK\xdf\x05\xf5\
\xde\x15\x9f\x9b\x19:\xc0\x07\xae\xa2(\xfa\xb1Y\xbb\xe3\
\x0cffevgP\x00<`\x00\x14?w\xbda\
\x18\x0fF\xb3\xd9\xfc\x9d\x0b\xe9\x03m\xcd\xfa\x9d9:\
\x18\xc5\xff{s\xe6\xa5U\xa5\x9dA\x010\x85\x00(\
v\x064\x0c\xe4\xd4\x9f\xf8\x7fwww\xf7\xb8\x8b\xe8\
\xfd\xdb\xdd\xdd=\x9e\xa6\xe9\xbb\xe6i\xeaO[7\xcc\
\xd7=\xcd\xe0;\xe6f\xf6fP\x00L)\x00\xc6\x7f\
;.x\xdd`N\xed\xa4\xbf\xf7\xe7\xf5@\x95i\xdb\
\xd9\xd9y\xb4\xd3\xe9\xbco\xae\xa6\xa3\xf8\x7fn\xb6\xcc\
`\xe9gP\x00L1\x00\x8a_\x02\x9a\x06\xf4\xc1\xf7\
\xfaooo?\xe2\xc29=\xdb\xdb\xdb\x8f\xf8+l\
*\x7fu5\xcd\xd3\x03\xcd\xa0s*fh\x06\x05\xc0\
\x94\x03\xe0\xc63\x01\x1e\x0c\xbc\xef\xd7\xfbnN&\x93\
c.\x98\x07\xf3Sl\xa3\xd1\xf8\xad9\xbb\xbf\x87\xad\
\xdc\xf3\x9f\xca\x17\xce\xb1F\xa3\xb1i\xa6fc\x06\x05\
\xc0\x01\x04@\xb1;\xe0Gkkk\x06\xf7\xde\xca\xb6\
\xed\"y(Of{\xa9\xd5=X[[\x9bDQ\
\xf4#\xb33\x9e\xe6/\xa5m\xb3u\xf43(\x00\x0e\
(\x00\x8a}\xb0/8,\xe8\xee\x86;\x8e\xe3W]\
\x18\x0f\xf5\xa0\x967\x9caqw\x07\xac\xcc\xfb\xf9\xfe\
\x07xN\xc0\xab\xfeH:\xda\x19\x14\x00\x07\x18\x00\xe3\
\xbf\x9d\x18\xf8\xa4\xd7d\xde\xf1\xcdU\x1f%I\xf2\x9c\
\x0b\xe2\xd1\x9c\xd6\xe6\xc8\xd6;\x1e\xadza0\x18<\
iV\x0e\xf4\x97\x80\xe7\xf2<\xff\xc8\xbc\x1d\xcd\x0c\x0a\
\x80\x03\x0e\x80\x1b\xf7\xbd\x92$iz.\xe0\x93Z\xad\
\xd6\x99\xcd\xcd\xcd/\xb8\x10\x1e\xed\xb9\xed^\xde\xf2\xff\
\xef\xb5&I\xd2\xf4,\xca\xe1\xd8\xdc\xdc\xfcB\xab\xd5\
:c\xf6\x0e\x7f\x06\x05\xc0!\x04\xc0\xbe\xe7\x02^\xee\
\xf7\xfb\x1f\xfb\xc9\x7f\xcd\x03U3\xf8\x1aW?\xc7\x8e\
'\xfd~\xff\xe3(\x8a^6\x13Gs[\xca\x0c\x1e\
\xee\x0c\x0a\x80C\x0c\x80\x1b\xb5[\xaf\xd7G\xf3\xfak\
@\x9a\xa6\xeffY\xf6U\x17\xbc\x99|\x8d\xeb?e\
Y\xf6\xfby\xfd\x8b\xab^\xaf\x8f\xfc\"u\xb4\xb2,\
\xfb\xea\xbc\x1e\\u\x143(\x00\x0e9\x00\xf6\xdd\xfb\
z\xb6\xdb\xed~0G\xf7\xfa\xaf\x9e>}\xfa\x87.\
r\xb3/\x8a\xa2\x93\xf3\xf4J\xe1n\xb7\xfbA\x92$\
\xcfZ\xfb\xd9q\xfa\xf4\xe9\x1f\xe6yn\x06\x05@\x98\
\x01\xb0\xffI\xd8\x90w\x0a\xac\xae\xae^\xaf\xd5j]\
\xa7\xfa\x95\xef\xe4\xb6Z\xad\xd6]]]\xbd\x1e\xf8\xd3\
\xd5v\x9f\x98\xc1\xb9\x9dA\x01p\xc4\x01p\xe3\x84\xac\
J\xa5\xf2\x8b\x90\xfe\xea\x1a\x0c\x06\xd7\x17\x16\x16\x96\xbc\
'\xbd\xdc\x06\x83\xc1\x13\xc5:\x06s\x11^ZZ\xba\
Z\xa9T~\xe1\xb4\xc9r\x18\x0e\x87\x8f\xd7j\xb5\xc5\
\x95\x95\x153(\x00\xc2\x0b\x80\x1b\xf6\xf6\xf6\x1e\x8e\xe3\
\xf8\xb52o\x8bY^^\xbeV\x1cUy\xc2\xc5+\
\xac\xdd\x02I\x924\x97\x97\x97\xaf\x95y\xcbi\x1c\xc7\
\xaf\xed\xed\xed=l=K\xe9\x1f\x93$Y\xe8\xf7\xfb\
fP\x00\x84\x17\x00\xfb\xb7\x0dFQt2M\xd3\xf3\
e9\xac\xa5\xdb\xed~\x10\xc7\xf1\xeb[[[\x9fw\
\xa1\x0a\xd7\xd6\xd6\xd6\xe7\xe38~\xbd,\xcf\xaf\x0c\x87\
\xc3I\x9a\xa6\xe7\xa3(:i[_8\xb7\x06\xe28\
~\xad\xd3\xe9\xbc?\x1a\x8d\xcc\xa0\x00\x08+\x00n\xfa\
\xf9\xeb\xb1j\xb5z\xaa\xd7\xeb]\x9a\xc1\x9a\xbdR\xab\
\xd5\xb2v\xbb\xfd\xb4\x0b\xd3\\\xee\x1ax\xbaV\xabe\
\xb3x\x98P\xaf\xd7\xbbT\xadVO\x0d\x87\xc3\xc7\xac\
U\xd8\xbb\x06\x92$i\x9bA\x01\x10d\x00\xec\xd7l\
6\x9f\xa9V\xabo\xa6iz~ee\xe5\xd0\x7f\x06\
[[[\x9bt:\x9d\x8bI\x924\xe38~\xde\x05\
\x88}\x0f\xb3>\x9f$I\xb3\xd3\xe9\\<\x8a\xbd\xdc\
+++\xd7\xd24=_\xadV\xdfl6\x9b\xcfX\
\x93\xb9<G\xe0_\x93$\xa9w:\x9d\x0bG\xf1\xe0\
`1\x83\xef\x94i\x06\x05@\x89\x02\xe0\xe6\xdb\x04\xd5\
j\xf5\xdb\xd5j\xf5\x97\xedv\xfb\xdc\xe2\xe2\xe2\xe5i\
\xde.\xd8\xd8\xd8\x98\xe4y~%\xcb\xb2?\xd4j\xb5\
,\x8e\xe3\x97\xce\x9e=\xfbY\x17\x1a>\xcd\xd9\xb3g\
?\x1bE\xd1\xcb\xb5Z\xad\x9be\xd9{y\x9e_\x9d\
\xe6\xb9\x17\xc3\xe1p\xb2\xb8\xb8x\xb9\xddn\x9f\xabV\
\xab\xbf\xacV\xab\xdf\xf6\xf3>\xfb\x9d9s\xe63q\
\x1c\xbfX\xab\xd5\xb2,\xcb\xfe\x90\xe7\xf9\x95\x83\x98\xc1\
\":\xa3j\xb5\xfa\x9d2\xce\xa0\x00(i\x00\xdc.\
\x0aZ\xad\xd6\xd7\xa3(:\x99$I\xa5^\xaf\x8f[\
\xad\xd6\xdb\xedv\xfb\\\x96e\x17\xba\xdd\xee\x9f\x17\x17\
\x17?\xcc\xf3\xfcr\xaf\xd7\xbb\xd4\xe9t.\xa6i\xfa\
N\xab\xd5\xdai4\x1a\xbfN\x92\xa4\x1dE\xd1+I\
\x92|\xcb\x97=\xd3\xde\xe9\x92$\xc9\xb7\x8a\xf9j7\
\x1a\x8d_\xb7Z\xad\x9d4M\xdf\xe9t:\x17{\xbd\
\xde\xa5<\xcf//..~\xd8\xedv\xff\x9ce\xd9\
\x85v\xbb}\xae\xd5j\xbd]\xaf\xd7\xc7I\x92T\xa2\
(:\xd9j\xb5\xbe\xee\xcb\x9e\xfb\x0d\xd3Z\xad\xf6/\
Q\x14\xfd$I\x92f\xbd^\xff\xd5\xbe\x19\xfc\xe3\xbe\
\x19\xbc|c\x06\xd34=\x7f\xf3\x0c6\x9b\xcd\x7f\xde\
\xdd\xdd=\x1e\xc8w\x86\x00\x00\x00\x04\x00\x00 \x00\x00\
\x00\x01\x00\x00\x08\x00\x00@\x00\x00\x00\x02\x00\x00\x10\x00\
\x00\x80\x00\x00\x00\x01\x00\x00\x08\x00\x00@\x00\x00\x00\x02\
\x00\x00\x10\x00\x00\x80\x00\x00\x00\x04\x00\x00 \x00\x00\x00\
\x01\x00\x00\x08\x00\x00@\x00\x00\x00\x02\x00\x00\x10\x00\x00\
\x80\x00\x00\x00\x04\x00\x00 \x00\x00\x00\x01\x00\x00\x02\xc0\
\x87\x00\x00\x02\x00\x00\x10\x00\x00\x80\x00\x00\x00\x04\x00\x00\
 \x00\x00\x00\x01\x00\x00\x08\x00\x00@\x00\x00\x00\x02\x00\
\x00\x10\x00\x00\x80\x00\x00\x00\x04\x00\x00 \x00\x00\x00\x01\
\x00\x00\x08\x00\x00@\x00\x00\x00>\x04\x00\x10\x00\x00\x80\
\x00\x00\x00\x04\x00\x00 \x00\x00\x00\x01\x00\x00\x08\x00\x00\
@\x00\x00\x00\x02\x00\x00\x10\x00\x00\x80\x00\x00\x00\x04\x00\
\x00 \x00\x00\x00\x01\x00\x00\x08\x00\x00@\x00\x00\x00\x02\
\x00\x00\x10\x00\x00 \x00\x00\x00\x01\x00\x00\x08\x00\x00@\
\x00\x00\x00\x02\x00\x00\x10\x00\x00\x80\x00\x00\x00\x04\x00\x00\
 \x00\x00\x00\x01\x00\x00\x08\x00\x00@\x00\x00\x00\x02\x00\
\x00\x10\x00\x00\x80\x00\x00\x00\x04\x00\x00 \x00\x00@\x00\
\x00\x00\x02\x00\x00\x10\x00\x00\x80\x00\x00\x00\x04\x00\x00 \
\x00\x00\x00\x01\x00\x00\x08\x00\x00@\x00\x00\x00\x02\x00\x00\
\x10\x00\x00\x80\x00\x00\x00\x04\x00\x00 \x00\x00\x00\x01\x00\
\x00\x08\x00\x00@\x00\x00\x80\x00\x00\x00\x04\x00\x00 \x00\
\x00\x00\x01\x00\x00\x08\x00\x00@\x00\x00\x00\x02\x00\x00\x10\
\x00\x00\x80\x00\x00\x00\x04\x00\x00 \x00\x00\x00\x01\x00\x00\
\x08\x00\x00@\x00\x00\x00\x02\x00\x00\x10\x00\x00\x80\x00\x00\
\x00\x01\xe0C\x00\x00\x01\x00\x00\x08\x00\x00@\x00\x00\x00\
\x02\x00\x00\x10\x00\x00\x80\x00\x00\x00\x04\x00\x00 \x00\x00\
\x00\x01\x00\x00\x08\x00\x00@\x00\x00\x00\x02\x00\x00\x10\x00\
\x00\x80\x00\x00\x00\x04\x00\x00 \x00\x00\x00\x1f\x02\x00\x08\
\x00\x00@\x00\x00\x00\x02\x00\x00\x10\x00\x00\x80\x00\x00\x00\
\x04\x00\x00 \x00\x00\x00\x01\x00\x00\x08\x00\x00@\x00\x00\
\x00\x02\x00\x00\x10\x00\x00\x80\x00\x00\x00\x04\x00\x00 \x00\
\x00\x00\x01\x00\x00\x08\x00\x00\x10\x00\x00\x80\x00\x00\x00\x04\
\x00\x00 \x00\x00\x00\x01\x00\x00\x08\x00\x00@\x00\x00\x00\
\x02\x00\x00\x10\x00\x00\x80\x00\x00\x00\x04\x00\x00 \x00\x00\
\x00\x01\x00\x00\x08\x00\x00@\x00\x00\x00\x02\x00\x00\x10\x00\
\x00 \x00\x00\x00\x01\x00\x00\x08\x00\x00@\x00\x00\x00\x02\
\x00\x00\x10\x00\x00\x80\x00\x00\x00\x04\x00\x00 \x00\x00\x00\
\x01\x00\x00\x08\x00\x00@\x00\x00\x00\x02\x00\x00\x10\x00\x00\
\x80\x00\x00\x00\x04\x00\x00 \x00\x00@\x00\x00\x00\x02\x00\
\x00\x10\x00\x00\x80\x00\x00\x00\x04\x00\x00 \x00\x00\x00\x01\
\x00\x00\x08\x00\x00@\x00\x00\x00\x02\x00\x00\x10\x00\x00\x80\
\x00\x00\x00\x04\x00\x00 \x00\x00\x00\x01\x00\x00\x08\x00\x00\
`\xbf\xff\x1b\x00g\x9ap\xbap\xecz\x12\x00\x00\x00\
\x00IEND\xaeB`\x82\x00\x008\xfe\x89PN\
G\x0d\x0a\x1a\x0a\x00\x00\x00\x0dIHDR\x00\x00\x00\
\x09\x00\x00\x00\x09\x08\x06\x00\x00\x00\xe0\x91\x06\x10\x00\x00\
\x00\x09pHYs\x00\x00\x0b\x13\x00\x00\x0b\x13\x01\x00\
\x9a\x9c\x18\x00\x008\x1ciTXtXML:c\
om.adobe.xmp\x00\x00\x00\x00\
\x00<?xpacket begin\
=\"\xef\xbb\xbf\" id=\"W5M0M\
pCehiHzreSzNTczk\
c9d\"?>\x0a<x:xmpmet\
a xmlns:x=\"adobe\
:ns:meta/\" x:xmp\
tk=\"Adobe XMP Co\
re 5.5-c021 79.1\
54911, 2013/10/2\
9-11:47:16      \
  \">\x0a   <rdf:RDF\
 xmlns:rdf=\"http\
://www.w3.org/19\
99/02/22-rdf-syn\
tax-ns#\">\x0a      \
<rdf:Description\
 rdf:about=\"\"\x0a  \
          xmlns:\
xmp=\"http://ns.a\
dobe.com/xap/1.0\
/\"\x0a            x\
mlns:dc=\"http://\
purl.org/dc/elem\
ents/1.1/\"\x0a     \
       xmlns:pho\
toshop=\"http://n\
s.adobe.com/phot\
oshop/1.0/\"\x0a    \
        xmlns:xm\
pMM=\"http://ns.a\
dobe.com/xap/1.0\
/mm/\"\x0a          \
  xmlns:stEvt=\"h\
ttp://ns.adobe.c\
om/xap/1.0/sType\
/ResourceEvent#\"\
\x0a            xml\
ns:tiff=\"http://\
ns.adobe.com/tif\
f/1.0/\"\x0a        \
    xmlns:exif=\"\
http://ns.adobe.\
com/exif/1.0/\">\x0a\
         <xmp:Cr\
eatorTool>Adobe \
Photoshop CC (Ma\
cintosh)</xmp:Cr\
eatorTool>\x0a     \
    <xmp:CreateD\
ate>2014-02-28T1\
4:32:23-08:00</x\
mp:CreateDate>\x0a \
        <xmp:Mod\
ifyDate>2014-04-\
22T09:49:22-07:0\
0</xmp:ModifyDat\
e>\x0a         <xmp\
:MetadataDate>20\
14-04-22T09:49:2\
2-07:00</xmp:Met\
adataDate>\x0a     \
    <dc:format>i\
mage/png</dc:for\
mat>\x0a         <p\
hotoshop:ColorMo\
de>3</photoshop:\
ColorMode>\x0a     \
    <xmpMM:Insta\
nceID>xmp.iid:33\
bc2ee8-6fbb-4275\
-a04c-a9a39eceda\
c8</xmpMM:Instan\
ceID>\x0a         <\
xmpMM:DocumentID\
>xmp.did:33bc2ee\
8-6fbb-4275-a04c\
-a9a39ecedac8</x\
mpMM:DocumentID>\
\x0a         <xmpMM\
:OriginalDocumen\
tID>xmp.did:33bc\
2ee8-6fbb-4275-a\
04c-a9a39ecedac8\
</xmpMM:Original\
DocumentID>\x0a    \
     <xmpMM:Hist\
ory>\x0a           \
 <rdf:Seq>\x0a     \
          <rdf:l\
i rdf:parseType=\
\"Resource\">\x0a    \
              <s\
tEvt:action>crea\
ted</stEvt:actio\
n>\x0a             \
     <stEvt:inst\
anceID>xmp.iid:3\
3bc2ee8-6fbb-427\
5-a04c-a9a39eced\
ac8</stEvt:insta\
nceID>\x0a         \
         <stEvt:\
when>2014-02-28T\
14:32:23-08:00</\
stEvt:when>\x0a    \
              <s\
tEvt:softwareAge\
nt>Adobe Photosh\
op CC (Macintosh\
)</stEvt:softwar\
eAgent>\x0a        \
       </rdf:li>\
\x0a            </r\
df:Seq>\x0a        \
 </xmpMM:History\
>\x0a         <tiff\
:Orientation>1</\
tiff:Orientation\
>\x0a         <tiff\
:XResolution>720\
000/10000</tiff:\
XResolution>\x0a   \
      <tiff:YRes\
olution>720000/1\
0000</tiff:YReso\
lution>\x0a        \
 <tiff:Resolutio\
nUnit>2</tiff:Re\
solutionUnit>\x0a  \
       <exif:Col\
orSpace>65535</e\
xif:ColorSpace>\x0a\
         <exif:P\
ixelXDimension>9\
</exif:PixelXDim\
ension>\x0a        \
 <exif:PixelYDim\
ension>9</exif:P\
ixelYDimension>\x0a\
      </rdf:Desc\
ription>\x0a   </rd\
f:RDF>\x0a</x:xmpme\
ta>\x0a            \
                \
                \
                \
                \
                \
        \x0a       \
                \
                \
                \
                \
                \
             \x0a  \
                \
                \
                \
                \
                \
                \
  \x0a             \
                \
                \
                \
                \
                \
       \x0a        \
                \
                \
                \
                \
                \
            \x0a   \
                \
                \
                \
                \
                \
                \
 \x0a              \
                \
                \
                \
                \
                \
      \x0a         \
                \
                \
                \
                \
                \
           \x0a    \
                \
                \
                \
                \
                \
                \
\x0a               \
                \
                \
                \
                \
                \
     \x0a          \
                \
                \
                \
                \
                \
          \x0a     \
                \
                \
                \
                \
                \
               \x0a\
                \
                \
                \
                \
                \
                \
    \x0a           \
                \
                \
                \
                \
                \
         \x0a      \
                \
                \
                \
                \
                \
              \x0a \
                \
                \
                \
                \
                \
                \
   \x0a            \
                \
                \
                \
                \
                \
        \x0a       \
                \
                \
                \
                \
                \
             \x0a  \
                \
                \
                \
                \
                \
                \
  \x0a             \
                \
                \
                \
                \
                \
       \x0a        \
                \
                \
                \
                \
                \
            \x0a   \
                \
                \
                \
                \
                \
                \
 \x0a              \
                \
                \
                \
                \
                \
      \x0a         \
                \
                \
                \
                \
                \
           \x0a    \
                \
                \
                \
                \
                \
                \
\x0a               \
                \
                \
                \
                \
                \
     \x0a          \
                \
                \
                \
                \
                \
          \x0a     \
                \
                \
                \
                \
                \
               \x0a\
                \
                \
                \
                \
                \
                \
    \x0a           \
                \
                \
                \
                \
                \
         \x0a      \
                \
                \
                \
                \
                \
              \x0a \
                \
                \
                \
                \
                \
                \
   \x0a            \
                \
                \
                \
                \
                \
        \x0a       \
                \
                \
                \
                \
                \
             \x0a  \
                \
                \
                \
                \
                \
                \
  \x0a             \
                \
                \
                \
                \
                \
       \x0a        \
                \
                \
                \
                \
                \
            \x0a   \
                \
                \
                \
                \
                \
                \
 \x0a              \
                \
                \
                \
                \
                \
      \x0a         \
                \
                \
                \
                \
                \
           \x0a    \
                \
                \
                \
                \
                \
                \
\x0a               \
                \
                \
                \
                \
                \
     \x0a          \
                \
                \
                \
                \
                \
          \x0a     \
                \
                \
                \
                \
                \
               \x0a\
                \
                \
                \
                \
                \
                \
    \x0a           \
                \
                \
                \
                \
                \
         \x0a      \
                \
                \
                \
                \
                \
              \x0a \
                \
                \
                \
                \
                \
                \
   \x0a            \
                \
                \
                \
                \
                \
        \x0a       \
                \
                \
                \
                \
                \
             \x0a  \
                \
                \
                \
                \
                \
                \
  \x0a             \
                \
                \
                \
                \
                \
       \x0a        \
                \
                \
                \
                \
                \
            \x0a   \
                \
                \
                \
                \
                \
                \
 \x0a              \
                \
                \
                \
                \
                \
      \x0a         \
                \
                \
                \
                \
                \
           \x0a    \
                \
                \
                \
                \
                \
                \
\x0a               \
                \
                \
                \
                \
                \
     \x0a          \
                \
                \
                \
                \
                \
          \x0a     \
                \
                \
                \
                \
                \
               \x0a\
                \
                \
                \
                \
                \
                \
    \x0a           \
                \
                \
                \
                \
                \
         \x0a      \
                \
                \
                \
                \
                \
              \x0a \
                \
                \
                \
                \
                \
                \
   \x0a            \
                \
                \
                \
                \
                \
        \x0a       \
                \
                \
                \
                \
                \
             \x0a  \
                \
                \
                \
                \
                \
                \
  \x0a             \
                \
                \
                \
                \
                \
       \x0a        \
                \
                \
                \
                \
                \
            \x0a   \
                \
                \
                \
                \
                \
                \
 \x0a              \
                \
                \
                \
                \
                \
      \x0a         \
                \
                \
                \
                \
                \
           \x0a    \
                \
                \
                \
                \
                \
                \
\x0a               \
                \
                \
                \
                \
                \
     \x0a          \
                \
                \
                \
                \
                \
          \x0a     \
                \
                \
                \
                \
                \
               \x0a\
                \
                \
                \
                \
                \
                \
    \x0a           \
                \
                \
                \
                \
                \
         \x0a      \
                \
                \
                \
                \
                \
              \x0a \
                \
                \
                \
                \
                \
                \
   \x0a            \
                \
                \
                \
                \
                \
        \x0a       \
                \
                \
                \
                \
                \
             \x0a  \
                \
                \
                \
                \
                \
                \
  \x0a             \
                \
                \
                \
                \
                \
       \x0a        \
                \
                \
                \
                \
                \
            \x0a   \
                \
                \
                \
                \
                \
                \
 \x0a              \
                \
                \
                \
                \
                \
      \x0a         \
                \
                \
                \
                \
                \
           \x0a    \
                \
                \
                \
                \
                \
                \
\x0a               \
                \
                \
                \
                \
                \
     \x0a          \
                \
                \
                \
                \
                \
          \x0a     \
                \
                \
                \
                \
                \
               \x0a\
                \
                \
                \
                \
                \
                \
    \x0a           \
                \
                \
                \
                \
                \
         \x0a      \
                \
                \
                \
                \
                \
              \x0a \
                \
                \
                \
                \
                \
                \
   \x0a            \
                \
                \
                \
                \
                \
        \x0a       \
                \
                \
                \
                \
                \
             \x0a  \
                \
                \
                \
                \
                \
                \
  \x0a             \
                \
                \
                \
                \
                \
       \x0a        \
                \
                \
                \
                \
                \
            \x0a   \
                \
                \
                \
                \
                \
                \
 \x0a              \
                \
                \
                \
                \
                \
      \x0a         \
                \
                \
                \
                \
                \
           \x0a    \
                \
                \
                \
                \
                \
                \
\x0a               \
                \
                \
                \
                \
                \
     \x0a          \
                \
                \
                \
                \
                \
          \x0a     \
                \
                \
                \
                \
                \
               \x0a\
                \
                \
                \
                \
                \
                \
    \x0a           \
                \
                \
                \
                \
                \
         \x0a      \
                \
                \
                \
                \
                \
              \x0a \
                \
                \
                \
                \
                \
                \
   \x0a            \
                \
                \
                \
                \
                \
        \x0a       \
                \
                \
                \
                \
                \
             \x0a  \
                \
                \
                \
                \
                \
                \
  \x0a             \
                \
                \
                \
                \
                \
       \x0a        \
                \
                \
                \
                \
                \
            \x0a   \
                \
                \
                \
                \
                \
                \
 \x0a              \
                \
                \
                \
                \
                \
      \x0a         \
                \
   \x0a<?xpacket en\
d=\"w\"?>5\x05O\xeb\x00\x00\x00 c\
HRM\x00\x00z%\x00\x00\x80\x83\x00\x00\xf9\xff\x00\
\x00\x80\xe9\x00\x00u0\x00\x00\xea`\x00\x00:\x98\x00\
\x00\x17o\x92_\xc5F\x00\x00\x00\\IDATx\
\xda\xac\xd0;\x15\x800\x0cF\xe1\x1b\x0e\x02\xea\xa1\x02\
@B%\"\x01)H\xa0\x02\xfej\xc0AX\xa0\x03\
\xef\x81;\xe6|\xc9\x10sw\xdej\xf8P[J\x19\
\x80\xfe\xc1\xcc&)\x00\x13\xd0]\x80\x0c$\x03\xb8\x81\
\x19H1\xc6\xc5\xf6\xc9\x01Vp\xba-)H\x1a\xb7\
\x85\x9a\xfd\xf6\x82u\x00\xb4\xb1#^\x1a\x97}-\x00\
\x00\x00\x00IEND\xaeB`\x82\x00\x00\x01/\x89\
PNG\x0d\x0a\x1a\x0a\x00\x00\x00\x0dIHDR\x00\
\x00\x00\x0f\x00\x00\x00\x09\x08\x06\x00\x00\x00\xed\x8fvW\
\x00\x00\x00\x04sBIT\x08\x08\x08\x08|\x08d\x88\
\x00\x00\x00\x09pHYs\x00\x00\x0b\x12\x00\x00\x0b\x12\
\x01\xd2\xdd~\xfc\x00\x00\x00\x1ctEXtSof\
tware\x00Adobe Fire\
works CS6\xe8\xbc\xb2\x8c\x00\x00\x00\
\x15tEXtCreation Ti\
me\x002/28/14/\xf2\xbd\xb4\x00\x00\
\x00\x88IDAT(\x91\x8d\xceQ\x11\x830\x10\x84\
\xe1?\x18\xa0\x1eN\x00\x95\x80\x04$DB\x9d\x14\x07\
\x1d\x1cP\x07\x91\x10\x03\xeb\xa1u\xd0\x97\xb4C'\x17\
`\x1f/\xfb\xed$\x00H\xba\x01\xc9\xcc2\x07\x91t\
\x01&`\x0d\x05\xde\x8170\xee\x0d\x14\x98\x80\x01x\
v\xc0\xb7\xdc\x03I\xd2\xf5\x04\x04\xc8\xa1<D\xe0Q\
\x8e\xd5\x0f\x1c\xb8\x98Y\x0c\x9b\x82;\xd0\x82\x00?\xdc\
\x18\x98\x80\xd9\x83\x15v\x06\xb6\xf9\x83.n\x0cTp\
7\x92\xa2\xa4\x97\xa4\xb9\xd5\xf9\x00>vLi\xb0U\
\xc1\x16\x00\x00\x00\x00IEND\xaeB`\x82\x00\x00\
@\xe5\x89PNG\x0d\x0a\x1a\x0a\x00\x00\x00\x0dIH\
DR\x00\x00\x00\x17\x00\x00\x00(\x08\x06\x00\x00\x00\x15\
\x06a\xd8\x00\x00\x00\x09pHYs\x00\x00\x0b\x13\x00\
\x00\x0b\x13\x01\x00\x9a\x9c\x18\x00\x00\x03\xfeiCCP\
Photoshop ICC pr\
ofile\x00\x00x\xda\x8d\x94\xcfo\x14e\x18\
\xc7?\xbb\xf3\xce\xac\x098\x07S\x01\x8b\xc1\x89?\x80\
\x90B\xb6`\x90\x06Aw\xbb\xcb\xb6P\xcbf\xdbb\
\xdb\x98\x98\xed\xec\xdb\xdd\xb1\xd3\xd9\xf1\x9d\xd9\xf2#=\
q\xd1\x1b\xa8\x7f\x80\x8a\x1c<\x98x2\xc1_\x11.\
\xc0A\x03\x09AClHL8\x94\xf8#D\x12.\
\x86\xd4\xc3Lw\x07h\xc5\xf7\xf4\xcc\xf3~\x9f\xef\xf7\
\xfb<\xef\x93\x81\xcc\xe7U\xdfw\xd3\x16\xccz\xa1\xaa\
\x94\xf2\xd6\xf8\xc4\xa4\x95\xb9A\x9agXC7k\xaa\
v\xe0\xe7\xca\xe5!\x80\xaa\xef\xbb<r\xee\xfdL\x0a\
\xe0\xda\xf6\x95\xef\xff\xf3\xac\xa9\xc9\xc0\x86\xd4\x13@\xb3\
\x16\xd8\xb3\x90:\x06\xbak\xfb*\x04\xe3\x16\xb0\xe7h\
\xe8\x87\x90y\x16\xe8R\xe3\x13\x93\x90\xc9\x02]\xf5(\
.\x00]SQ<\x0et\xa9\xd1J?d\\\xc0\xb4\
\x1b\xd5\x1ad\xe6\x81\x9e\xa9D\xbe\x9e\x88#\x0f\x00t\
\x95\xa4'\x95c[\x95R\xde*\xab\xe6\xb4\xe3\xca\x84\
\xdd\xc7\\\xff\xcf3\xeb\xb6\x96\xf56\x01k\x83\x99\x91\
C\xc0VH\x1dk\xa8\x81J\x1c\x7fbW\x8b#\xc0\
\x8b\x90\xba\xec\x87\xf9\x0a\xb0\x19R\x7f\xb4f\xc6r\xc0\
6H?5\xad\x0e\x8cE\xf8\xf4\xab'\x1a\xa3o\x02\
\xeb ]s\xc2\xc1\xd18\x7f\xc2\x9b\x1a>\x1c\xd5\xa6\
\xcf\xcc4\x0fUb\xcce;\xe8\x9f\x04\x9e\x87\xf4\xcd\
\x86\x1c\x1c\x8a\xfch\xd4d\xa1\x08\xf4\x80\xb6\xa9\xd1\x1a\
\x88\xf9\xb5\x83\xc1\xdcHq\x99\xe7D\xa3\x7f8\xe2\xd1\
\xd4;\xd5\x83e\xa0\x1b\xb4\xf7U\xb3r8\xf2\xac\x9d\
\x91n\xa9\x12\xf1k\x17\xfd\xb0\x1c{\xd0\x16=wx\
(\xe2\x14\xa6\x0c\x8a#\xcb\xf9\xb01:\x10\xd5\x8a\xdd\
\xa1\x1a\x8dk\xc5\xe4\xb4s`0\xc6\xcf\xfbny(\
\xf2&\xce\xaaVe,\xc6\\\xad\xaab)\xe2\x11\x7f\
Ko,\xe6\xd47\xd4\xaa\x85C\xc0\x0e\xd0\xf7s$\
UE\xd2d\x0a\x89\x8d\xc7},*\x94\xc8c\xe1\xa3\
h2\x8d\x83K\x09\x89\x87D\xe1\xa4\x9ed\x06g\x15\
\\\x19\x89\x8a\xe3\x0e\xa2\x8e\xc4c\x11\x85\x83\xbd\x0a&\
R\xb8\x1dc\x9ab\xbd\xc8\x8a]\"+\xf6\x8a!\xb1\
O\xec\x11}X\xe25\xf1\xba\xd8/\x0a\"+\xfa\xc4\
\xdevm9\xa1oQ\xe7v\x9b\xe7]ZH,*\
\x1c!\x7f\xba\xbb\xb5\xb5\xa3wR\xbd\xed\xd8WN\xdd\
y\xa0\xba\xf9\x88g\xb9\xec'9\x01\x02f\xda\xc8\xed\
\xc9\xfe/\xcd\x7f\xb7\xa1\xc3q]\x9c{\xeb\xda\xdaK\
\xf3\x1c~\xdc|\xf5[\xfa\xa2~]\xbf\xa5\xdf\xd0\x17\
:\x08\xfdW}A_\xd0o\x90\xc3\xc5\xa5\x8ed\x16\
\x89\x83\x87$H8H\xf6p\x01\x97\x90*.\xbf\xe1\
\xd1L\xe0\x1eP\x9c\xf6Nwwn\xec+\xa7\xee\xc8\
\xf7\x86\xef\x0ds\xb2\xa7\x93\xcd\xfe\x92\xfd3{=\xfb\
i\xf6l\xf6\xf7\x87\xa6\xbc\xe2\x94\xb4\x8f\xb4\xaf\xb4\xef\
\xb5\xaf\xb5o\xb4\x1f\xb1\xb4\xf3\xda\x05\xed\x07\xed\xa2\xf6\
\xa5\xf6m\xe2\xadV\xdf\x8f\xf6\xdb\x93Kt+\xf1V\
\x9c\xb5\xc45\xf3\xe6F\xf3\x05\xb3`>g\xbed\x0e\
u\xf8\xcc\xf5f\xaf9`n1\x0b\xe6\xc6\xf6\xbb%\
\xf5\x92\xbd8L\xe0\xb6\xa7\xba\xb2V\x84\x1b\xc3\xc3\xe1\
(\x12E@\x15\x17\x8f\xe3\x0f\xed\x7f\\-6\x89^\
1\xf8\xd0\xd6\xee\x11{E\xdb\xa5Q4\x0aF\x0e\xcb\
\xd8f\xf4\x19\xbd\xc6A#\xd7\xf1gl1\x0aF\x9f\
\xb1\xc5(>\xb0u\xf6*\x1d\xc8\x04*\xd9\xe7v\xa6\
\x90\x04\xcc\xa0p\x98C\xe2\x12 Cy,\x04\xe8o\
\xfa\xc7\x95So\x84\xd6\xcel\xf6\x15+\xe7\xfb\xae\xb4\
\x06={G\x8fUu]K9\xf5F\x18XJ\x06\
R\xcd\xc9\xda\x0e\xc6'&\xad\xe8\x17}\xb7B\x0aH\
\xad\xbb\xd2\xc9\x85o\xc0\xbe\xbf@\xbb\xda\xc9M\xb6\xe0\
\x8b\x00\xd6\xbf\xdc\xc9m\xed\x86\xa7?\x86s\xbb\xed\x96\
\x9a\x8b\xff\xf9\xa9\xd4O\x10L\xef\xda\x19}\xad\xcd\x83\
~si\xe9\xeef\xc8|\x08\xf7?XZ\xfa\xe7\xcc\
\xd2\xd2\xfd\xcf@[\x80\xf3\xee\xbfY\x00qx\xb9\xdb\
\xcc\xd0\x00\x00:\x94iTXtXML:co\
m.adobe.xmp\x00\x00\x00\x00\x00\
<?xpacket begin=\
\"\xef\xbb\xbf\" id=\"W5M0Mp\
CehiHzreSzNTczkc\
9d\"?>\x0a<x:xmpmeta\
 xmlns:x=\"adobe:\
ns:meta/\" x:xmpt\
k=\"Adobe XMP Cor\
e 5.5-c021 79.15\
4911, 2013/10/29\
-11:47:16       \
 \">\x0a   <rdf:RDF \
xmlns:rdf=\"http:\
//www.w3.org/199\
9/02/22-rdf-synt\
ax-ns#\">\x0a      <\
rdf:Description \
rdf:about=\"\"\x0a   \
         xmlns:d\
c=\"http://purl.o\
rg/dc/elements/1\
.1/\"\x0a           \
 xmlns:xmp=\"http\
://ns.adobe.com/\
xap/1.0/\"\x0a      \
      xmlns:phot\
oshop=\"http://ns\
.adobe.com/photo\
shop/1.0/\"\x0a     \
       xmlns:xmp\
MM=\"http://ns.ad\
obe.com/xap/1.0/\
mm/\"\x0a           \
 xmlns:stEvt=\"ht\
tp://ns.adobe.co\
m/xap/1.0/sType/\
ResourceEvent#\"\x0a\
            xmln\
s:tiff=\"http://n\
s.adobe.com/tiff\
/1.0/\"\x0a         \
   xmlns:exif=\"h\
ttp://ns.adobe.c\
om/exif/1.0/\">\x0a \
        <dc:subj\
ect>\x0a           \
 <rdf:Bag/>\x0a    \
     </dc:subjec\
t>\x0a         <dc:\
format>image/png\
</dc:format>\x0a   \
      <xmp:Creat\
eDate>2014-07-29\
T16:43:58-07:00<\
/xmp:CreateDate>\
\x0a         <xmp:M\
odifyDate>2014-0\
7-29T16:58:33-07\
:00</xmp:ModifyD\
ate>\x0a         <x\
mp:MetadataDate>\
2014-07-29T16:58\
:33-07:00</xmp:M\
etadataDate>\x0a   \
      <xmp:Creat\
orTool>Adobe Pho\
toshop CC (Macin\
tosh)</xmp:Creat\
orTool>\x0a        \
 <photoshop:Colo\
rMode>3</photosh\
op:ColorMode>\x0a  \
       <photosho\
p:ICCProfile>Gen\
eric RGB Profile\
</photoshop:ICCP\
rofile>\x0a        \
 <xmpMM:Instance\
ID>xmp.iid:01624\
ada-e9ac-48cc-8a\
e7-4eda900d5653<\
/xmpMM:InstanceI\
D>\x0a         <xmp\
MM:DocumentID>xm\
p.did:cd74bfe2-7\
e57-449b-a91e-2f\
1b23aaeeb4</xmpM\
M:DocumentID>\x0a  \
       <xmpMM:Or\
iginalDocumentID\
>xmp.did:cd74bfe\
2-7e57-449b-a91e\
-2f1b23aaeeb4</x\
mpMM:OriginalDoc\
umentID>\x0a       \
  <xmpMM:History\
>\x0a            <r\
df:Seq>\x0a        \
       <rdf:li r\
df:parseType=\"Re\
source\">\x0a       \
           <stEv\
t:action>saved</\
stEvt:action>\x0a  \
                \
<stEvt:instanceI\
D>xmp.iid:cd74bf\
e2-7e57-449b-a91\
e-2f1b23aaeeb4</\
stEvt:instanceID\
>\x0a              \
    <stEvt:when>\
2014-07-29T16:44\
:45-07:00</stEvt\
:when>\x0a         \
         <stEvt:\
softwareAgent>Ad\
obe Photoshop CC\
 (Macintosh)</st\
Evt:softwareAgen\
t>\x0a             \
     <stEvt:chan\
ged>/</stEvt:cha\
nged>\x0a          \
     </rdf:li>\x0a \
              <r\
df:li rdf:parseT\
ype=\"Resource\">\x0a\
                \
  <stEvt:action>\
saved</stEvt:act\
ion>\x0a           \
       <stEvt:in\
stanceID>xmp.iid\
:01624ada-e9ac-4\
8cc-8ae7-4eda900\
d5653</stEvt:ins\
tanceID>\x0a       \
           <stEv\
t:when>2014-07-2\
9T16:58:33-07:00\
</stEvt:when>\x0a  \
                \
<stEvt:softwareA\
gent>Adobe Photo\
shop CC (Macinto\
sh)</stEvt:softw\
areAgent>\x0a      \
            <stE\
vt:changed>/</st\
Evt:changed>\x0a   \
            </rd\
f:li>\x0a          \
  </rdf:Seq>\x0a   \
      </xmpMM:Hi\
story>\x0a         \
<tiff:Orientatio\
n>1</tiff:Orient\
ation>\x0a         \
<tiff:XResolutio\
n>720000/10000</\
tiff:XResolution\
>\x0a         <tiff\
:YResolution>720\
000/10000</tiff:\
YResolution>\x0a   \
      <tiff:Reso\
lutionUnit>2</ti\
ff:ResolutionUni\
t>\x0a         <exi\
f:ColorSpace>655\
35</exif:ColorSp\
ace>\x0a         <e\
xif:PixelXDimens\
ion>23</exif:Pix\
elXDimension>\x0a  \
       <exif:Pix\
elYDimension>40<\
/exif:PixelYDime\
nsion>\x0a      </r\
df:Description>\x0a\
   </rdf:RDF>\x0a</\
x:xmpmeta>\x0a     \
                \
                \
                \
                \
                \
               \x0a\
                \
                \
                \
                \
                \
                \
    \x0a           \
                \
                \
                \
                \
                \
         \x0a      \
                \
                \
                \
                \
                \
              \x0a \
                \
                \
                \
                \
                \
                \
   \x0a            \
                \
                \
                \
                \
                \
        \x0a       \
                \
                \
                \
                \
                \
             \x0a  \
                \
                \
                \
                \
                \
                \
  \x0a             \
                \
                \
                \
                \
                \
       \x0a        \
                \
                \
                \
                \
                \
            \x0a   \
                \
                \
                \
                \
                \
                \
 \x0a              \
                \
                \
                \
                \
                \
      \x0a         \
                \
                \
                \
                \
                \
           \x0a    \
                \
                \
                \
                \
                \
                \
\x0a               \
                \
                \
                \
                \
                \
     \x0a          \
                \
                \
                \
                \
                \
          \x0a     \
                \
                \
                \
                \
                \
               \x0a\
                \
                \
                \
                \
                \
                \
    \x0a           \
                \
                \
                \
                \
                \
         \x0a      \
                \
                \
                \
                \
                \
              \x0a \
                \
                \
                \
                \
                \
                \
   \x0a            \
                \
                \
                \
                \
                \
        \x0a       \
                \
                \
                \
                \
                \
             \x0a  \
                \
                \
                \
                \
                \
                \
  \x0a             \
                \
                \
                \
                \
                \
       \x0a        \
                \
                \
                \
                \
                \
            \x0a   \
                \
                \
                \
                \
                \
                \
 \x0a              \
                \
                \
                \
                \
                \
      \x0a         \
                \
                \
                \
                \
                \
           \x0a    \
                \
                \
                \
                \
                \
                \
\x0a               \
                \
                \
                \
                \
                \
     \x0a          \
                \
                \
                \
                \
                \
          \x0a     \
                \
                \
                \
                \
                \
               \x0a\
                \
                \
                \
                \
                \
                \
    \x0a           \
                \
                \
                \
                \
                \
         \x0a      \
                \
                \
                \
                \
                \
              \x0a \
                \
                \
                \
                \
                \
                \
   \x0a            \
                \
                \
                \
                \
                \
        \x0a       \
                \
                \
                \
                \
                \
             \x0a  \
                \
                \
                \
                \
                \
                \
  \x0a             \
                \
                \
                \
                \
                \
       \x0a        \
                \
                \
                \
                \
                \
            \x0a   \
                \
                \
                \
                \
                \
                \
 \x0a              \
                \
                \
                \
                \
                \
      \x0a         \
                \
                \
                \
                \
                \
           \x0a    \
                \
                \
                \
                \
                \
                \
\x0a               \
                \
                \
                \
                \
                \
     \x0a          \
                \
                \
                \
                \
                \
          \x0a     \
                \
                \
                \
                \
                \
               \x0a\
                \
                \
                \
                \
                \
                \
    \x0a           \
                \
                \
                \
                \
                \
         \x0a      \
                \
                \
                \
                \
                \
              \x0a \
                \
                \
                \
                \
                \
                \
   \x0a            \
                \
                \
                \
                \
                \
        \x0a       \
                \
                \
                \
                \
                \
             \x0a  \
                \
                \
                \
                \
                \
                \
  \x0a             \
                \
                \
                \
                \
                \
       \x0a        \
                \
                \
                \
                \
                \
            \x0a   \
                \
                \
                \
                \
                \
                \
 \x0a              \
                \
                \
                \
                \
                \
      \x0a         \
                \
                \
                \
                \
                \
           \x0a    \
                \
                \
                \
                \
                \
                \
\x0a               \
                \
                \
                \
                \
                \
     \x0a          \
                \
                \
                \
                \
                \
          \x0a     \
                \
                \
                \
                \
                \
               \x0a\
                \
                \
                \
                \
                \
                \
    \x0a           \
                \
                \
                \
                \
                \
         \x0a      \
                \
                \
                \
                \
                \
              \x0a \
                \
                \
                \
                \
                \
                \
   \x0a            \
                \
                \
                \
                \
                \
        \x0a       \
                \
                \
                \
                \
                \
             \x0a  \
                \
                \
                \
                \
                \
                \
  \x0a             \
                \
                \
                \
                \
                \
       \x0a        \
                \
                \
                \
                \
                \
            \x0a   \
                \
                \
                \
                \
                \
                \
 \x0a              \
                \
                \
                \
                \
                \
      \x0a         \
                \
                \
                \
                \
                \
           \x0a    \
                \
                \
                \
                \
                \
                \
\x0a               \
                \
                \
                \
                \
                \
     \x0a          \
                \
                \
                \
                \
                \
          \x0a     \
                \
                \
                \
                \
                \
               \x0a\
                \
                \
                \
                \
                \
                \
    \x0a           \
                \
                \
                \
                \
                \
         \x0a      \
                \
                \
                \
                \
                \
              \x0a \
                \
                \
                \
                \
                \
                \
   \x0a            \
                \
                \
                \
                \
                \
        \x0a       \
                \
                \
                \
                \
                \
             \x0a  \
                \
                \
                \
                \
                \
                \
  \x0a             \
                \
                \
                \
                \
                \
       \x0a        \
                \
                \
                \
                \
                \
            \x0a   \
                \
                \
                \
                \
                \
                \
 \x0a              \
                \
                \
                \
                \
                \
      \x0a         \
                \
                \
                \
                \
                \
           \x0a    \
                \
                \
                \
                \
                \
                \
\x0a               \
                \
                \
                \
                \
                \
     \x0a          \
                \
                \
                \
                \
                \
          \x0a     \
                \
                \
                \
                \
                \
               \x0a\
                \
                \
                \
                \
                \
                \
    \x0a           \
                \
                \
                \
                \
                \
         \x0a      \
                \
                \
                \
                \
                \
              \x0a \
                \
                \
                \
                \
                \
                \
   \x0a            \
                \
                \
                \
                \
                \
        \x0a       \
                \
                \
                \
                \
                \
             \x0a  \
                \
                \
                \
                \
                \
                \
  \x0a             \
                \
                \
                \
                \
                \
       \x0a        \
                \
                \
                \
                \
                \
            \x0a   \
                \
                \
                \
                \
                \
                \
 \x0a              \
                \
                \
                \
                \
                \
      \x0a         \
                \
                \
                \
                \
                \
           \x0a    \
                \
                \
                \
                \
                \
                \
\x0a               \
                \
                \
                \
                \
                \
     \x0a          \
                \
                \
                \
                \
                \
          \x0a     \
                \
                \
                \
                \
                \
               \x0a\
                \
                \
                \
                \
                \
                \
    \x0a           \
                \
                \
                \
                \
                \
         \x0a      \
                \
                \
                \
                \
                \
              \x0a \
                \
                \
                \
                \
                \
                \
   \x0a            \
                \
                \
                \
                \
                \
        \x0a       \
                \
                \
                \
                \
                \
             \x0a  \
                \
          \x0a<?xpa\
cket end=\"w\"?>\xfb+\
\x8e\xde\x00\x00\x00 cHRM\x00\x00m\x98\x00\x00\
s\x8e\x00\x00\xf2{\x00\x00\x84\xda\x00\x00n\x94\x00\x00\
\xe5\x1a\x00\x003'\x00\x00\x19\x17\x99I\x1c\x7f\x00\x00\
\x01\xc1IDATx\xda\xd4\x971KBa\x14\x86\
\x1f3\xd0\xa1\xd0F\x85V\xa3?`\xee9\xe8\x12\x04\
-\x81\x05\x05\xb64\x1a\xd8_\x08i\xab\xc5\xa0\xc1\x02\
\x97 h\xb1\xe1\xfe\x80\xec\x0f\x84\xae\x81\x8e)5\xe8\
\xa0\xb6\x9c@>\xbe+\xfa\x9d\xeb\xd0Y\xae\x9cs|\
\xbf{/\xe7}\xdfsC\x93\xc9\x84e\xc5\x0aK\x8c\
\xa5\x82\xaf\xfe\xfd\xf0<\xcf\xe5\xff\x9b\xc0=\x90\x01\x9a\
\xc0I6\x9b\xfd\x0c\xe2\xce\xe3\x80\x07d\x815`W\
\x0eR\xbf\x960P\x07RF>\x13\x04\xf8\x15\x90\xb3\
\xe4\x9bZ\xf0c\xa0d\xc9\xf7\x81s\x0d\xf8\x0eP\xb5\
\xe4\xc7\xc0!\xd0r\x05O\x02\xcf@\xc4R\xbb\x04\x1a\
\xaes\x1e\x15\xe0\x84\xa5\xf6\x08T4$\xba\x03\xd2\x96\
\xfc;P\xd40\xf4\x02(X\xf2]`\x1f\x18\xb8\x82\
\xe7e\xec\xcc\x18\x0ap\xc7U[\xb6\x84(\xb6\x9e3\
s\xa6\x17\x01\x8f\x03/@\xccR\xbb\x06j\xae\xaa\xe8\
Gm\x80W\xa0\xac\x91\\?j\xb7\x85(#W\xf0\
\xa3\x19\xd4\xde\x03z\xaef\xb1\x01\xdc\xceK\xedE\xc1\
\xb7\x81uK\xcf\x93\x8d\xda\x8b\x82\x7f\x00\xdf\x96\x9e\x03\
\x99w\x15\xf8\x97)\x99S=u\x99{\x95A?\xc8\
\x1c\x9b\x11\x93\xb9\x8fk\xdd\xbf,\xf3lFJ\x9e \
\xac\x01\x1f\xc9t\xb4-\xb5\x9c\x8f\xd6,D\xff\x9e\xcc\
u\xdfR+\x89\xd5\xa9\x96\xa2\x96<\xc1\xd8R\xab\x8a\
\xe5\xa96\xae\x86X\x98\x19\x11q\xa6\xa4v\x9d\xab\x88\
\x95\x99\x91\x90\x03\xa2\xda]\xb1(\x96fFZ,P\
\x05>\x10\xe7\xe9Zj\x05\xb1B\xd5\x96\xdb\x91\x03\x86\
>2\x9d\xd7\xae\xd0M\xb1\xb8\xb9$\xc2e\x9d\xab\xcd\
\x90\x88\x9b \x16Q?\x89\x08d\xcb\xf5\x93\x88\xb7\xa0\
>[z\xb2\xf8{\xc0\x8f\\O\xa7\x1bB\xff\xf6k\
\xeew\x00W5\\J\xc8\xbcr\xbf\x00\x00\x00\x00I\
END\xaeB`\x82\x00\x00&\xd1\x89PNG\x0d\
\x0a\x1a\x0a\x00\x00\x00\x0dIHDR\x00\x00\x01\xed\x00\
\x00\x00D\x08\x06\x00\x00\x00\xac\xd0mi\x00\x00\x00\xc7\
zTXtRaw profile \
type exif\x00\x00x\xdamPm\
\x0e\xc3 \x08\xfd\xef)v\x04\xf9\x90\xc2q\xec\xea\x92\
\xdd`\xc7\x1f\x0aM\xdae/\x11\x9e\x80\x0f\xa4\x8c\xcf\
\xfbU\x1e\x13\x08\\\xb8m*&R\x1dll\xd8\x9d\
h\x0d\xf4e\xa1\xf2\xb2\x0b\xe3H\x06\xf7xa\xceG\
\xe8!rOqU\x09\x0fg<\x1f\x9c\x1e\xba\xb3v\
\x11\xd2g&\xf6{\xc2\xb2\x01\xea\x8fP6\xa29\x11\
:9R\xc8R\x880\x12\x90\x02=\xbeU\xc5t\xbb\
~a\x1f\xf5\x0e\x8dS\xa6Q[\xb3L\xb1\xc8\xfd\xdc\
y\xf3\xed\x1d\xcd\xfb\x10\xe2 \xa0\xea\x96H\xa2\x86\xe6\
\xe1B}\x91>\x03^\x08\xc4\xce\x1b\xc9\xb2\x90\x93\xf8\
B\xfe\xed\xe9D\xf9\x02\x8c\x89Y\x97\x89\x859\xd3\x00\
\x00\x01\x83iCCPICC profi\
le\x00\x00x\x9c}\x91=H\xc3@\x1c\xc5_S\
\xa5\"\x15\x87f\x10q\xc8P\x9d,\x88\x8a8\xd6*\
\x14\xa1B\xa8\x15Zu0\xb9\xf4\x0b\x9a\xb4$).\
\x8e\x82k\xc1\xc1\x8f\xc5\xaa\x83\x8b\xb3\xae\x0e\xae\x82 \
\xf8\x01\xe2\xec\xe0\xa4\xe8\"%\xfe/)\xb4\x88\xf1\xe0\
\xb8\x1f\xef\xee=\xee\xde\x01B\xb3\xc2t\xab'\x0e\xe8\
\x86m\xa6\x93\x09)\x9b[\x95B\xaf\x10 \"\x82\x09\
\x84\x14f\xd5\xe6d9\x05\xdf\xf1u\x8f\x00_\xefb\
<\xcb\xff\xdc\x9fc@\xcb[\x0c\x08H\xc4qV3\
m\xe2\x0d\xe2\x99M\xbb\xc6y\x9fXd%E#>\
'\x1e7\xe9\x82\xc4\x8f\\W=~\xe3\\tY\xe0\
\x99\xa2\x99I\xcf\x13\x8b\xc4R\xb1\x8b\xd5.f%S\
'\x9e&\x8ej\xbaA\xf9B\xd6c\x8d\xf3\x16g\xbd\
Rg\xed{\xf2\x17\x86\xf3\xc6\xca2\xd7i\x8e \x89\
E,A\x86\x04\x15u\x94Q\x81\x8d\x18\xad\x06)\x16\
\xd2\xb4\x9f\xf0\xf1\x0f\xbb~\x99\\*\xb9\xca`\xe4X\
@\x15:\x14\xd7\x0f\xfe\x07\xbf\xbb\xb5\x0aS\x93^R\
8\x01\xf4\xbe8\xce\xc7(\x10\xda\x05Z\x0d\xc7\xf9>\
v\x9c\xd6\x09\x10|\x06\xae\x8c\x8e\xbf\xda\x04f?I\
ot\xb4\xe8\x110\xb8\x0d\\\\w4u\x0f\xb8\xdc\
\x01\x86\x9ej\x8a\xa9\xb8R\x90\xa6P(\x00\xefg\xf4\
M9 r\x0b\xf4\xafy\xbd\xb5\xf7q\xfa\x00d\xa8\
\xab\xd4\x0dpp\x08\x8c\x15){\xdd\xe7\xdd}\xdd\xbd\
\xfd{\xa6\xdd\xdf\x0f\x8d\xbfr\xb1$\x05\xbb\xbb\x00\x00\
\x0fBiTXtXML:com.ad\
obe.xmp\x00\x00\x00\x00\x00<?xp\
acket begin=\"\xef\xbb\xbf\
\" id=\"W5M0MpCehi\
HzreSzNTczkc9d\"?\
>\x0a<x:xmpmeta xml\
ns:x=\"adobe:ns:m\
eta/\" x:xmptk=\"X\
MP Core 4.4.0-Ex\
iv2\">\x0a <rdf:RDF \
xmlns:rdf=\"http:\
//www.w3.org/199\
9/02/22-rdf-synt\
ax-ns#\">\x0a  <rdf:\
Description rdf:\
about=\"\"\x0a    xml\
ns:xmpMM=\"http:/\
/ns.adobe.com/xa\
p/1.0/mm/\"\x0a    x\
mlns:stEvt=\"http\
://ns.adobe.com/\
xap/1.0/sType/Re\
sourceEvent#\"\x0a  \
  xmlns:GIMP=\"ht\
tp://www.gimp.or\
g/xmp/\"\x0a    xmln\
s:dc=\"http://pur\
l.org/dc/element\
s/1.1/\"\x0a    xmln\
s:tiff=\"http://n\
s.adobe.com/tiff\
/1.0/\"\x0a    xmlns\
:xmp=\"http://ns.\
adobe.com/xap/1.\
0/\"\x0a   xmpMM:Doc\
umentID=\"gimp:do\
cid:gimp:e3ce579\
6-9173-43d4-a5b9\
-78f8beb73f53\"\x0a \
  xmpMM:Instance\
ID=\"xmp.iid:1841\
4e25-94ca-4675-a\
005-3d20970677c0\
\"\x0a   xmpMM:Origi\
nalDocumentID=\"x\
mp.did:3a1f2737-\
51f9-4787-9248-2\
d34dc6d68f6\"\x0a   \
GIMP:API=\"2.0\"\x0a \
  GIMP:Platform=\
\"Mac OS\"\x0a   GIMP\
:TimeStamp=\"1708\
459011617952\"\x0a  \
 GIMP:Version=\"2\
.10.36\"\x0a   dc:Fo\
rmat=\"image/png\"\
\x0a   tiff:Orienta\
tion=\"1\"\x0a   xmp:\
CreatorTool=\"GIM\
P 2.10\"\x0a   xmp:M\
etadataDate=\"202\
4:02:20T14:56:51\
-05:00\"\x0a   xmp:M\
odifyDate=\"2024:\
02:20T14:56:51-0\
5:00\">\x0a   <xmpMM\
:History>\x0a    <r\
df:Seq>\x0a     <rd\
f:li\x0a      stEvt\
:action=\"saved\"\x0a\
      stEvt:chan\
ged=\"/\"\x0a      st\
Evt:instanceID=\"\
xmp.iid:9e67c505\
-f99b-4a28-86a8-\
b24dfbdf7c84\"\x0a  \
    stEvt:softwa\
reAgent=\"Gimp 2.\
10 (Mac OS)\"\x0a   \
   stEvt:when=\"2\
022-02-11T05:17:\
07-05:00\"/>\x0a    \
 <rdf:li\x0a      s\
tEvt:action=\"sav\
ed\"\x0a      stEvt:\
changed=\"/\"\x0a    \
  stEvt:instance\
ID=\"xmp.iid:fe07\
4b47-a59c-4125-b\
11f-3c04d29ec811\
\"\x0a      stEvt:so\
ftwareAgent=\"Gim\
p 2.10 (Mac OS)\"\
\x0a      stEvt:whe\
n=\"2024-02-09T16\
:37:50-05:00\"/>\x0a\
     <rdf:li\x0a   \
   stEvt:action=\
\"saved\"\x0a      st\
Evt:changed=\"/\"\x0a\
      stEvt:inst\
anceID=\"xmp.iid:\
a1cd4e40-5669-44\
d7-92bf-8f8a4f41\
87fd\"\x0a      stEv\
t:softwareAgent=\
\"Gimp 2.10 (Mac \
OS)\"\x0a      stEvt\
:when=\"2024-02-2\
0T14:56:51-05:00\
\"/>\x0a    </rdf:Se\
q>\x0a   </xmpMM:Hi\
story>\x0a  </rdf:D\
escription>\x0a </r\
df:RDF>\x0a</x:xmpm\
eta>\x0a           \
                \
                \
                \
                \
                \
         \x0a      \
                \
                \
                \
                \
                \
              \x0a \
                \
                \
                \
                \
                \
                \
   \x0a            \
                \
                \
                \
                \
                \
        \x0a       \
                \
                \
                \
                \
                \
             \x0a  \
                \
                \
                \
                \
                \
                \
  \x0a             \
                \
                \
                \
                \
                \
       \x0a        \
                \
                \
                \
                \
                \
            \x0a   \
                \
                \
                \
                \
                \
                \
 \x0a              \
                \
                \
                \
                \
                \
      \x0a         \
                \
                \
                \
                \
                \
           \x0a    \
                \
                \
                \
                \
                \
                \
\x0a               \
                \
                \
                \
                \
                \
     \x0a          \
                \
                \
                \
                \
                \
          \x0a     \
                \
                \
                \
                \
                \
               \x0a\
                \
                \
                \
                \
                \
                \
    \x0a           \
                \
                \
                \
                \
                \
         \x0a      \
                \
                \
                \
                \
                \
              \x0a \
                \
                \
                \
                \
                \
                \
   \x0a            \
                \
                \
                \
                \
                \
        \x0a       \
                \
    \x0a<?xpacket e\
nd=\"w\"?>\x8f\x98\x99#\x00\x00\x00\x06\
bKGD\x00\x00\x00\x00\x00\x00\xf9C\xbb\x7f\x00\x00\
\x00\x09pHYs\x00\x00\x0b\x12\x00\x00\x0b\x12\x01\xd2\
\xdd~\xfc\x00\x00\x00\x07tIME\x07\xe8\x02\x14\x13\
83%W`#\x00\x00\x14\xaeIDATx\xda\
\xed\x9di\xb4U\xc5\x95\xc7\xff\xbb\x00\x1f (\x82\xcc\
\xa0\x88aPQ\x948\x81\x01$*\x88\xda\x0e \x18\
\x13W&\xed\x98\xa5Yv&;\xc9\x8a\xb1\xbb\x93t\
\xec^\xc6t\xb2\x9an]+\x9d\xb4\xb6\xc6\xc48B\
\x1cp\x8a&\x80D\x11\x15\x8c\"(\x06\x19\x14\x04\x14\
\xe5!\xc8\xf0\xdf\xfd\xe1\x9d\x97\xf5\xf2\xbcUg\xb8\xc3\
;\xf7\x9e\xfd\xfb\x02\xef\xd6\xa9]\xfbT\xed\xda\xfbT\
\x9d:U\x80a\x18\x86a\x18\x86a\x18\x86a\x18\x86\
a\x18\x86a\x18\x86a\x18\x86a\x18\x86a\x18\x86a\
\x94\x81X\x15\x18\x86\x91wT\xb5\x93\xaa^\xe6I~\
\xdd9\xf7\xa8\xd5\x92aA\xbb\xd8N\xa2\x8b\xaa\x0e\x00\
\xd0\x1f\xc0\x00\x00}\x01\xbc\x0f`#\x80M\"\xb2Q\
D\x9a\xad\xa6\x0c\xa3\xfa\x90l\x12\x91]\x9e\xbez\x97\
sn\x96\xd5\x92Q\x04:[\x15\xfcM\xe7\x1f\xa0\xaa\
g\x038WUO\x17\x91\xee\x81k\x95\xe4\xb3\x00\xe6\
\x01\x98\xe7\x9c[n5hD\x01\xe68\x00'z\x92\
\x9fr\xce\xbd\x98R\xde \x00\x7f\xe7}\xf2\x16yV\
D\x96\xa6\x94y(\x803=\xc9\xcf9\xe7\x96XK\
v\xa8\x0dM\x060:\xd0\xe6sEd\xa3\xd5\x94Q\
\xd4\x0e\xd2\x9f\xe4\xcfI\xee\xd3\x8c\x90\\Br\x82\xd5\
\xa6A\xf2\xe2\x80\x9d\xfc$\x83\xbc+c\xcc\xef\xb7\x95\
\x94I\xf2\x0by\x1ci\x07\xf4\xbd\xb3\x01mhEL\
\x9b\x7f\xdbzZ1q\x05\x1fY\x0b\xc9\xab\x01\xbc*\
\"\x97\x89H\xe6\xfa\x10\x91\xe3Ed\x11\xc9\xdbH\xf6\
5\xd3*4\xcb\x02ic2\xc8\x9b\x18c\xc7\x932\
\xc8<*\xa3\xfeF\xf5\x03\xf6\x91\"2:\xa6\xcdg\
[M\x19E\x0b\xd8\x9dH\xde\xa2U\x80\xe4J\x92C\
\xad\x96\x0bm[;=\xb6\xf1f\x06'\xbe!\x81\xcd\
\x8dL\xa9\xe3\x93\x1e9{T\xb5\xab\x8d\xb4;\xf4^\
\xbf\x97\xd0\xcf|\xccz\x9b\x8d\xb4\x8b\xf2$\xdb\xa4\xaa\
w\x8b\xc8g\xab!_DF\x02XHr\x84\x99X\
\xf1\x10\x91}\"\xf2\x92'm \xc9>)\x82\xebp\
\x11\x19T\xeeh\xbc\x84\\\xdfH{\xa5o\xc1\x97Q\
3f&\xbc\xce\x16\xdfY\xd0.\x0c\xd7\x89\xc8y\x09\
\xae{OU\x1fW\xd5\xdbU\xf5?U\xf5fU}\
PUW'p\xdc\x87\x00\x98\x97\xc7Q\x8bQ\x93\xd1\
vh\x8a\xf9\xa8\x14\xa2&U\xf8:\x90\xec'\"\x07\
{\x92mAe\xc7\x0e(\x0e\x17\x91\xb1\x16\xb4\x0d\x1f\
\x9d\x0b\xd8)&\x03\xf8j\x8c\xc3\xbd\x1f\xc0ODd\
\x81sn\xaf\xe7\x9a\xd1\xaaz\x09\x80\xaf\x8bH7O\
\xe0\x1e\xad\xaa?\x04\xf0M3\xb5\xc2\x11\xf7^\xfb\x8f\
\x09\x83\xffD\x91D_f\xa6\x19i\xdb\xfb\xec\xfa\x1f\
eCD\x8e#\xf91\xe7\xdckVmF\xa3\x06\xec\
&\x92\x7f\x09\xbc#\xdaN\xf2\x9c\x94#\xaaa$\x17\
\x07d\xee#y\x92\xd5~\xf1\x1e\x0e\x036\xf1\xdf)\
\xe4\xacJ\xb1\x96bHB\x99_\x09\xc883\xaf}\
\xb7\x08\xef\xb4I>\x9dr\xfd\xccw\xac\xb7\x15\x8b\xa2\
M\x8f\xcf\x16\x91a\x9e\xe0\xbb\x03\xc0\x99\xce\xb9\xfb\xd3\
\x08\x14\x915\x00\xa6\xa9\xea3\x9et\x07\xe0[fj\
\xc5BDB#\xd6\xa3\x13:\xf0\xfe\"\x92f]D\
\xd2\xd1\xb6\x8d\xb4\xf3\x19\xb0\x87\x028!\xadO\xb3\x9a\
+\x16E\x9b\x1e\xffJ \xed\x1a\xe7\xdc\xa2LO>\
\xce\xbd\xaf\xaa\x17\xa9\xea\xcb\x9e\xa9\xf2sI\x0eq\xce\
\xad\xafp'\x1f\x0c`0Zvl\xeb\x03`\x13\x80\
u\x00^s\xce\xed\xacve\xaajwU=\x14\xc0\
\x10\x00\x83\x004\x03x\x0b\xc0\x06\xe7\xdc\x1b\xb5lX\
U\xddOU\x87\x8a\xc8@U\x1d\x04\xa0[T\x1fo\
8\xe7Vt@\xd0\xdeFrm\xb4\xb6\xa1=I?\
\xfb\x9a\x98\xb2\xd8I\x00~\x9d5h\xab\xea\x16\xe7\xdc\
[\x8d`\x0f\xd1\x864C\xd1\xb2\xa3a\x1f\x00\x9b\x01\
\xac\x13\x91\xd59\xde\xc9p\x86x\xde\x85\xa8\xea\xa3\"\
rF\x09;;\x96\xe4\x08\xe7\xdc\xab5\xac\xdb\x0e\xf5\
;y\xd5\xc5\x82v\xe5\x1bw\x9c\x88\x9c\xe8\xe9\x10+\
DdN\x99Nz\x0d\xc9\x1f\x03\xf8^\x89\xb4N\xaa\
\xfa%\x00\xd7\xc68\xbd\x92\xfb+\x8b\xc8\x87\"r\xb3\
\xaa\x8a\xaaNE\xcb{\xaf\xd3E\xe40\xdf\xac\x01\xc9\
{\x00\xdc\xe2\x9c{\xbc\xc2\xc1\xb1\xab\xaa\x9e\x0b\xe0S\
\xaaz\x96\x884y\xea\xfb5\x00\xf7\x00\xb8-\xed\x0e\
`\xa1\xba\x00\xb0\xdb9\xf7\xbfQ\x19}\xa2\x91\xc6t\
U=\xadu\x07\xbb\xf6~\x8f\xe4\x06\xb4\xec\\\xf7\xef\
5\x0e\x1e/\x008\xa4D{\xf6\"9\xd89\xb7\xa1\
\xc2A;\xe9\xf5GVj\x94]+{H\xa0\x87\x8b\
\xfa\xc6l\x00\x93Ed\xb8\xe7\xba]$\xef\x07p\xab\
sn^\xce\xdc\xd4L\x8f\xcek\x00\xfc\x00\xc0\x19\x9e\
|\xb3\x00\xfc\xa8\x8c\xba\xcb\x8d\xdf\xa9\x07\x1fh\xd4.\
h\x7f+\xf0^\xe8\xeb\x15*c\x08Iz\xcax:\
A\xfe\xa6\xc0{\xf1\x19$_\xc9\xf0\xcd\xf8\xdd$\xfb\
W\xe8\xfe\xa6\x92\\\x9d\xb2\xfc}$o$\xd9;e\
Y\xa1\xba\xe8G\xf2\x06\x92\xcd)u\xf9\x90\xe4\x8fT\
\xb5S\x8dl\xee\xfb\x01]\xa6%\xc8\xff\x9c'\xefC\
\x9e\xdf\x19\xf79\x19\xc9\xfe\x01\x9dn\xa87{\x88d\
\xae\x0a\xadU\x09\xe4{\\U\x87\xe7\xc4?\xf5\xf7\xed\
\xc8H\xf2\xa7\xaa\xeaHn\xf2\xa4?_f\xd9\xb9\xf1\
;y\xf7\x81Fm;\xc5}\x81F\x1d\\\xc1r\x16\
x\xca\xd8\x1d\xf7\xf9W\xc81\x95\xb9\xd9\xcb\x16\x92\xe3\
\xcax\x12\xefL\xf2\x97e\xea\xb0\x89\xe4\xd8\x0a9\xe9\
Me\xea\xf2\xb0\xaav\xaf\x81\xcd\xcd\x0c\xe8\xf0\x8d\x98\
\xbc\x07\x90\xdc\xeb\xc9;9\xf0px^\x8c\xdcO\x06\
t\xfa\\=\xdaC\x99z\xec 95\x07\xfe\xe9\xf2\
\x80\x8eS\xa2k\xfe'p\xcd\x882\xca\xce\x8d\xdf\xc9\
\xab\x0f\xcc\x13EZ\x886\xc1\xe3\x80\xdeH0M\x99\
\x86\xc5\x9e\xe9\xf3.\x00\x8e\xef\x88\x1b\x17\x91>\x00\x1e\
!\x99z\x0b\xcd\xe8]\xf1\x9d\"\xf2\x852u\xe8\x07\
\xe0\x09\x92'V\xe0~\xfa\x95\x99\x7f\xaa\xaa\xfe\xa2\x06\
U_\xcev\xa6\x13D\xa4S\x89\xf6xGD\xfe\x08\
\xe0\x15O\xbe\xb8\xef\xb5\x8f\x0a\xd4\xcb\xb2z\xb4\x872\
\xf5\xe8\x0e\xe0>U=5\xa7S\xe3\xdbDdA\xf4\
\xe7\xbd\x81\xfc\xb9\xfbf\xbb\x1c\xbf\xd3\xc8\xbaX\xd0N\
\x16x\x0e\x16\x91\xbe\x19\x1ck\x16\x96\x07\xf48\xaa\x83\
\x8d\xf6!\x92\x07\xa4\xac\xbb_\x89\xc8\xf9\x15\xd2\xe1 \
\x00\x0f\xe4aov\x11\xf9\x14\xc9K\xab\\\xc6jU\
m\xce\x18\xb4}\xef\xa7\x17\x89\x88\x02X\x902_0\
h\xab\xea^\x00/\x17\xd1\x1eD\xa4\x9b\xaa\xceM\xfa\
\xc9\\\x15F\xd9\xbd\x01L\xf1$? \"\xad{E\
<\x16\xb0\xa7\\\xae\"\xcf\xeaw\x1a]\x97r(\xc4\
B4U\xed\x1d\xd8\xa0bM\x85\x8b\xfbK \xadw\
\x05\xefI\x01\xfcIDV\xa9\xea\x06\x00\xdd\xd1r\x94\
\xdfi\xd1\xa8\xbe\x94\xd1\x0e\x896{\xb9*a\x19\x9f\
\x07pa \x9d\x00\x16\x01X\x8a\x96s\xc6\xf7\x07p\
\x18\x803};nE\xbf\xffW\xa5\x9d\x8c\xaan\x05\
\xf0\x0c\x80\xd7\x01l\x8f\xf4\x18\x1bs\xf0\xc2\xb5\xaaz\
\xab\x88\xec\xae\x92\x93P\x92/\x02\x18_\"\xf9HU\
u\"\xc2\x94\xc1\xb75X/\x04\xf0\xa5\x12\xe9\xe3T\
\xb5G`\x85\xb4\xef\xc1qE\\=\xd4\x99=,\x07\
\xf0\x12ZV\x12;\x00\xc3\x01L\x15\x91\x1e\x1e=\x0e\
P\xd59\x00\xce\xaf\xb5\x7f\x12\x91s\x03\xbe\xf8\xaf\x8b\
\xe5\x9cs\x1f\x92\x9c_\xaa\x0dDd,\xc9\x91\xce\xb9\
UU\xf6\xa5U\xf7;\xf5\xa8\x8bQ\xf9'\xd9\x93\x03\
\xef:~X\xe1\xb2\x8e\x0e\x94u}L\xde\xa6\x04\xef\
fHr\x8eo\x01\x0d\xc9\xbe$o\x0f-\x04R\xd5\
c\x13\xdc\xc7`U\xdd\x16Z\xdc\xa1\xaa\x87x:S\
'\x92W\x90|/\x90\x7fz\xb9u\x11\xc9\xd9@\xf2\
\xcb$\xbb\x95\xd0CH^\x1eZ\xb0F\xf2\xd3U\xb6\
\xbd\x1b\x03e\x1f\xee\xbbw\x92\xbb<y\xc6G\xf76\
, \xf7\x8c\x80>[=ynk\x10{\xb8#:\
\xcf\xbc\x94\x1e\xddI\xfe\xd8\xb7\x1e \x89\x1eU\xb2\x91\
\xdf\xf9\xd6\xc1\xb4\x1f\x15\x92\xfct@\xf7\xeff,?\
O~'7\xba\x18\x1d\x1b\xb4\xcf\x0a4`E7>\
\x89q\xa6\xbf(\xc7`I6'\xdd\xb1\x8d\xe4MY\
\xf5\x88\xf2\xff4\x90\xff\xba\x84:\x9cD\xf2}\xdf\x0a\
\xe8\x0at\xde\xe7\xa2\xefq\xe3\xf4\xb8& \xe3\xff\xaa\
l{_\x0e\x94}\x9e\xc7\x86>\xe1\xb9~\xa7\xaa\xee\
\xd7F\xf6:\xcfu?\xf0\xc8\x1d\x10\xd0\xe5\xeaz\xb6\
\x87(\xc0]\x96P\x8f\xef\x04\xe4<Xc\xdf\xd43\
\xf0\x80\xf6p\x896\xec\x15-j-u\xfd\xb2\x8c:\
\xe4\xc9\xef\xe4F\x17\xa3c\x83\xf6yYW\xf1f(\
kp\xa0\xac[\xcb4\xd8\x8bR<<t\xf1}\x8e\
\x13\xad\x98= \xc6\x91\xf8\x9c\xeb\x92\x94\xf5qe\xe0\
i\xf9\xf02\xeab\x85\xaa\xf6H\xe1\x18\xdf\xf5\xc8Y\
_e\xdb\x1b\x9fvd\x14\x08*O\xb6\xbb\xee\xf6$\
\xd7\xb5\xb9\xfe\xb4\x80.S\xeb\xdc\x1e\xfe>\xa5\x1e\xcf\
\x04Fa\xc3j\xe8\x9b.\x0e\xdc\xd3\x95\x9e<\x8f\x04\
\xf2\x8c\xaaB\xd0\xae\x89\xdf\xc9\x9b.y\xa5\xa8\xa7|\
\xd5\x1d\xaa:\xdf9wG\xd2\xebEd\x0f<\x1b.\
D+fC\x07\x13|VDzz\xd2\xaeM\xa3\xb7\
\x88\xdc\xa4\xaao\x94\xf8]\x00\\\x9c\xb1.>\x04p\
Q\xd2\x9d\xad\x9cs\xdb\x01\xf8\xbe\x93\x1f\xa4\xaaU[\
\xdb!\"/F\xef\xdeJ\xe1[\x8c6\xd1s\xdf\xed\
\x17\x9f-\xf0\\wR\xdb\x11y\x1bB+\xc7\x97\xd7\
\xb1=<\xea\x9c\xfby\xcal\xd7y\xf4s\xaaZ\xcb\
E]3\x03u\xf5;OR\xcdV\x91\xd7\xd8\xef\xd4\
\x8d.\x16\xb4\x8d$d\xd9z\xf1\xdehUp)N\
\x09\xe4\x9b\xe6\xe94K\x9cs\x0f\xa5t\xd2\xfbD\xe4\
7\x9e\xe4\xf1\x19\xeb\xe2A\xe7\\\xda#$\xd7z\xf4\
\x13U\xedS\xadF\x8b\x1e,V'\x0d\xda\xd1\xe2\xb4\
\x09\x9e\xeb\x17\xc6\xfc\xddZfWU=!i\xd0V\
\xd5\xb7Edc\x1d\xdb\xc3{\x19\xf2\xccW\xd5\x9d\x15\
\xd6#\xed\x08\xb7\x1b\x80\xe9\x9e\xba}^D\xd6z\xb2\
\xce\x0d<\x08\xce\xaac\xbfSO\xbaX\xd06\xaa\xd0\
\xb8\xce\xbd\x03\xc0\xb7[\xd2\xc9\x1eg!\x00>\xe1q\
\xb8\xbf\xcf\xf8\x84\xfcx\x1a\x1d\x12\xb0\xaf\xc2\x1d\xbeW\
\x95\x9b\xe2\x05\xcf\xef\xa3T\xb5\xfd*\xd7c\x00\x1cX\
\xa2\x0e\x89v{\x00\x88\xc8\x9fU\xf5]\x8f\xecI)\
F\xda\xcb\x02mW\x0f\xf6\x90\xa5o\xec\x04\xb0\xa4#\
\x836\x80\xe9\xad[\xef\x96\xa8\xdby\x01\xdd\xdf\xf4\xe9\
.\"\xc7d\x99\"\xefh\xbfS\x04],h\x1bI\
\xf1\x1d\x96q\x04\xc9\xfdK8\xd4\xa3\xa2\xefgK9\
\xdb\xd5\x19uX\xeeq0\xbdk\xf8\xfep_\x07\xb6\
\xc12\xcf\xfdwQ\xd5\x91\xed\xea\xd8\xb79\xca2\xe7\
\xdc\xfb\xed\xf2+Z>\xb1*E\xa9)\xf6\xd4{\x8e\
7\xb0=\x00\xc0J\x8f\x1e\xfdI\xf6\xabA\xf93\x03\
\xf5>7f\xc6\"\xef\x1b\xad\xa4\xf2;\x05\xd2\xc5\x82\
\xb6\x11\xcb\xeb\x9eN\xef\x00\x94rLC\x03\xb2^\xcb\
\xf8\xb4\xbb\xc97E\xa5\xaa}\x0b\xd0\x06ivF\xf3\
}\x9f\xbd\xd0\xf3\xbbo\x93\x95S\xda\xee\xb1Nr\xa0\
/\xf8\"\xb0!P\x83\xdb\xc3\xda@Z\x9fj\x16\x1c\
\xad98\xc7\x93\xb6\xde9\x17\xb7\x9f\xf8}\x81\xb4\xd9\
u\xe8w\x8a\xa2K\xd9\x14\xedh\xce\"\xb2=\xf0\xb4\
\xde\x1b\x1f\xdd\x0c&\xe4\xac.$yB$\xb3YD\
\xb6\x03hV\xd5\xbf\xfe\xad\xaa\xcd\"\xd2\\b\xa3\x8e\
\xed\x00J\x05\x8d\xde\x8d\xde\x001\xdb\x83\x8e\x01\xd0v\
q\x8do*zA\x9a\xa0\x1dm\x16r\x0c\xa2\xa9A\
\x11\xc9z\x86v#\xdbC\xe8\x95\xc9AU\x0e\xdag\
\x88\x88o\xf5\xf2\xdc\x046\xf5\x0a\xc9\x95\"2\xaaD\
\xda\xd1\xaa:ZD^\xa9#\xbfS\x14],h\x1b\
\xb1\xecH\xe9\x98\x0e\x0e\x18\xf8\x15\x9e\xdf?\xf2\x7f\x92\
{\xa2\xce\xb2=r\x8e\xbd:\xc29\xe6$h\xaf%\
\xf9\xaeg\xa4;\xa6\xcdhx\x84\x88\x0c\xf08\xf9E\
\x1e\xd9KUu\xa7\xe7\x1c\xf7I\xadA;\x9a\xe6.\
%w\x8f\x88\x84\xce\x1boX{\x10\x91\x0f\x02\xc9\xd5\
~x\x08\xad\\n\"yy\x02\x19o\x03\x18\xe5\xb1\
\x97Yh9\xce\xb3^\xfcNQt\xb1\xa0m\xc4\xb2\
7\xf0\xb4_\xea}NS\x85\x1cb\x97\xc8\xf1\xc59\
\xbf\xa6\"4B\xf4I\xd5\xe4P\xd0\x86\xffS\xaf\xd5\
\xd1\xe2\xa3Rrw\xab\xea3\x1e\xd9\x13\x01\xfc,\xfa\
\xbfo\xa4\xfdr\xf4iLU\xdb'\x8f\xf6\xa0\xaa\xfb\
\x02\xdb\x1bw\xaab\xb9\x9d\xa33\xc8}uu\x19\x80\
\xcb\xca,\xa6\xa3\x83vZ\xbfS\x14]\xca\xa6(\xef\
\xb4w\xc58\x93J\xb2_ m\xa7=C\xa4z\x0a\
n\x18T\xd57\x05=\xbc\xcd1\xa1\x13=6\xba0\
F\xb6o\xea\xbc\xed\xa26_\xd0^n\xf6PsN\
\x8d\x0e\xaf\xa8\xe6C\xe2\xd1\xaa:\xda\xdcK\xe3Q\x94\
\xa0\xfdN\xc0\xe1\xf5\xacpY\xa1]v\xb6v\xc4 \
/\xe7m\xb3\xbe 6\xe8[A\xee\x00\x1c\x113\xd2\
^\x10#\xdb\xf7^\xbbo\x9b\xcf\x7fR\xaf\x1c/\x80\
=tH\xdfP\xd5\x195*\xa7#W\x91\xe7\xc9\xef\
\x08\x1a\x88BL\x8f\x8bH(XV\xfa\x1b\xdd^Y\
\x1e\x1e\xaaH\xb7@\xbd\xecH3\xd2Q\xd5\x11\x00\xde\
\x02\xd0\x03@O\x11\xe9\x11=\xf4\xf4l\xfd\xadDZ\
\xeb\xef\x1f\xb9&\xfawuAl0\xf4Y\xd5\x18\x92\
o\x8a\x88o\x1b\xcf\x851\xe2\x17GS\xbd\xa5\xa6t\
'\x91l\x16\x91^i\xf5*\x80=\x84\xfa\xc6{\xd5\
(PU\x9d\xaa^P\xa3\xfb\x9b\x8d\x8e\x9b\"O\xeb\
w\x8a\xa2\x8b\x05\xed\x84\x1des\xe0\xddU\xa57\"\
\x08MI\xbd\xdd\x01\xb7\x7f@\xa8^J\xfc\xbc9 \
\xab\xa7s\xee\xb5\xc8\x91o\x82\x91\x86\x97\x02\x81u\x0c\
<\xafNTu\xb3sneH\xb0sn{tX\
\xc4\xb8\x12\xc9\x13\x118~6:\xc22D#\xdb\xc3\
\x81\x81z\xa9V_\x9d\xe0[lX\x85\x07\xc51$\
\x8fp\xce\xad\xa8\x03\xbfS\x14],h'!rj\
\xabDdd\x89\xe4J\x1f\xd166\x90\xf6l\x07\xdc\
\xfe\x80\x94\x0e9d\xc4\xfd-\xf6fv\xa0\xbbH\xae\
D\xe9i\xea1\x00\xbaf\x1ce\xb7\xb2\xc0\x13\xb4'\
\x01x\xce\xe3\xb06:\xe7\xe2\x82S#\xdb\xc3\x80\x8c\
\xf7]\xce\x00b\xa6o\x00\xa1\xaa\x0f\xa3\xe5\xfc\xef\xb4\
\x8c\x13\x91q\x9e\xb4Y\x00\xbe_\x84\xba\xad\x13],\
h\xa7`\x11\x80\x91%\x9ci\x1fU\xfd\xb8\x88,\xad\
P9S=\x1dr\x9b\x88\xbc\xdc\x01\xf7=\xd6\xa3O\
\xb3\x88\x94r\xd8\xab\x03\x81\xe7X\x00\xf3-\x04g\xe6\
\x85@\xd0\x1eX\x81\xa0\xfd\x0f%\xda\xecPU\xf5\x9d\
\x11\x9d\xe4}v#\xdb\x83\xafol\x11\x91-U*\
s\x86\xa7\xcc\xbd\x00>\xe3\x9cK\xbd\xee\x85\xe4i\x00\
\x1e\xcbY\xd0N\xebw\x8a\xa2K\xf9\x83\xd0\x029\xcc\
\x85\x81\xa7\xdf\xcfT\xa2\x00\x92'\x07\xdeK>\x15m\
;Y3T\xb5+\x80\xe3|\xf5!\"{K\xccJ\
\xbc\xa1\xaak<\xf2N\x81Q\x0e\xbe\xc5hC\x00\x1c\
\x1d\x08\xc6e\xd97\x803\xb2\x06\xedF\xb5\x87\xe8\xb0\
\x8e\xe3<\xed\xf1D5\xfa*\xc9\x13D\xe4\x10O\xf2\
\x1f\xb2\x04\xecH\xdf'}\xd3\xf9\xadS\xe4y\xf7;\
E\xd0\xc5\x82vz\xe6\xaa\xaa\xef\xd3\xafKI\x0e\xac\
@\x19\xd7\x04\xd2\xee\xa8\xf5\x0d\xab\xea9\"\xe2;s\
\xfa\x89@V\xdfA\x10\xd3H\xda\x14y\x85\x83v\xe4\
\\]\x89\xf6\xfb@D\x9eO\xd4\x91[\xb6\x06]\xe5\
\x91\xed[\xd0\x91\xf4s\xafF\xb4\x87\xf3Ed\x7fO\
\xbf\xf9}5\x0a\x14\x91\xd0\x86*\xf7\x96!w\x1f\x80\
\xbb\x03\x97\xd4t\x15y\x19~\xa7\xa1u\xb1\xa0\x9d\xf6\
F[\x9eb\x7f\xe31\xfa\x03D\xe4ge>E\xcf\
\x14\x91\xb3=\x86\xb3\xb9\xd6A;:\x9d\xe9\x9b\x9e4\
Ex\xab\xc4{=\xf5\xd4\x05\xc0\xd5e\xd6S\x1f\x14\
\x94\x04+\xb5\xdb\xb38\xe5H`aJ\xf9I\xf5i\
({\x88\x8e?\xfd\x86'm\x0f\x80yU*wF\
\xa0?\xdeW\xa6m\xfd6\x90<\xbb\x86u[\x8e\xdf\
iX]\x8c\xec\x0eb\x9c\x06 yCF\xb9SH\
\xee\x08\xc8\xfd\xd7\x84r\x9a\x022\x16\xa8\xaaK\xa1\xd3\
\x15\x01Y\xf7\xc7\x19;\xc9\x97<y\xf7\xa9\xea\xa9\x19\
\xea\xa8'\xc99$\xb7\xa8\xea\xc1e\xd6\xc5\x9d\x19\xca\
\xbf> oT\x0dmp\x93&\xe7\x9fS:\xa9\xcf\
'\x15L\xf2CU\xed\x9c\xd4\xf9\xe5\xdc\x1e\xd6\x93<\
4E\xd9_\x0d\xc8\xba\xa5J\xed~L\xa0\xcc\xc5\x95\
x\x10!\xb91P\xc6\x91y\xf7;y\xd3\xc5\xc8O\
\xe0\xbe5\xc6\x99\xdd\x93\xd4\x01\xa8\xea~\xaa\xfam\x92\
\x1f\x04\xe4mP\xd5\x83\x12\xea\xd6\x14\xa7[\x12Y$\
/!\xb97 gJ\x02\x19\x9f\x0b\xe4\xdfA\xf2\x82\
\x84u\xd4\x99\xe4\x17I\xaek\x93\xff\xa6\x02\x07\xedG\
R\x04\xed\xd3S\xca><E\xd0~>\xa5\xec\xdc\xda\
C$\xe3uU\xfdx\x92\xfb\x88\x1e4|r\xc6V\
\xa9\xdd\xff%P\xe6?V\xa8\x8c9\x812\xfe\xa9N\
\xfcNnt1r\x82\xaa\xf6j\xeb0<\x0d\xfa\x01\
\xc9_\x91\xbcHU\x87\xb5n3\xa9\xaa\x9dH\xf6'\
9\x99\xe4\xf5$\xd7$p\x8e\xd3St\xba\xa6\x04\xf2\
\xb6\x92\xbc\xa6\xfd\xe2\x92H\xb7)\x91Q\x87\xf2\xdf\x95\
\xb0\x9e:\x91\xfcC\x8c\xacGI^H\xb2w\x89\x91\
\xd9\x98H\xcfWK\x8d\xceH\x8e+h\xd0\xbe>a\
P\xdd\xab\xaa=2\xc8\x7f3a\xdc\xbe9e\xbf\xc9\
\xad=\xb4\xad3\x927\x91\x9c\xd0vD\x16\x8dB'\
\x93\xbc7&\xff\x9c*\xb6\xfb\x9f\x03\xe5\x8e\xa8P\x19\
\x93\x02e\xbcT\x0f~'O\xba\x18\xf9\x1am\x9fF\
rw\x8a\x11O\xebh\x82)\xf3\xccI\xa9WS\x06\
\x9d^'\xb9\x86\xe4\xae\x04\xd7oL2\x15\xd9F\x9f\
!$\xb7&\x90K\x92[H\xae\"\xb9\x8e\xe4\x9e\x04\
y\x16\x154h_\x92\xb0m\x97d\x94\x7fGB\xf9\
_\xcb ;\x97\xf6\xe0\x91\xb7\x87\xe4\xda\xa8\x7f\xecL\
p\xfd\xaa6{\xc0W\xba\xcdG\x05\xca\xad\xd8\xde\xef\
\xd1\xc3\xc9\x86\xb4S\xe4y\xf2;y\xf3\x81y\xc4\x15\
1h;\xe7\x1e\x07p\x81\xaa&>\xc0CD\xba\x07\
V\xe1\x96\xea@7\x8a\xc8U\xd5\xbc\x8fH\xa7\xc3D\
\xe4P\x11i\x8a\xd1g'\x80\x8b\xd3|\x7f\xea\x9c[\
/\"\x17\xa9\xea\x071z\x88\x88\xf4\x11\x91\x11\"2\
DD\x92\xbc+\x1dOr|\x01\xcd/\xe9\xe2\xaf\x05\
\x19\xe5/\xac\xb0\x1eui\x0f\"\xd2YD\x86F\xfd\
\xa3kL\xdfxGDf\xc7\x1c\xd5Y\x0eUY5\
^\xe2\x9e\x09 4\x8a\x9cU\x0f~\xa7^u\xb1\xa0\
]\xfd\xc0\xfd\x00\x80\xe9\x00*\xbe\xc7\xb0\xaa^\xe7\x9c\
\xbb\"\xeaDyx%\xb0CD\xcer\xce=\x91\xa1\
S<\x06`\x8a\xaan\xa9\xa0>\xebDd\xaasn\
q\xd1\xecNDV\xa8\xea\xee\x0a\x06\xdf\xf6\xf2\x17$\
\xbcnyF\xf9\x0de\x0f\xd1}|RD^\xa8b\
1\xa1\xa0}O\x85\xcb\xca\xc5*\xf2r\xfdN#\xeb\
b\x94\xdf\x98\x03H\xfe2\xed\xd4\xb7g\xea\xe59\x92\
\x13\xb3\xea\x92vj(\xa1N/\x92<\xbe\xdcz\"\
y8\xc9\xf9e\xea\xb2\x83\xe4\x7f\xa8\xea\x81\xe5\xd4E\
=O\x8fG\xba<\x9f\xa0\xae\xfae\xb4g\xa7\xaa\xdb\
bdoh\x14{\x88\xd6\x9f\xec\xccX\xfe\xe2j\xb7\
}\xb4&\xc6\xbbx\xae\x0a\xe5\x09\xc9\xf5i\xa6\xc8\xf3\
\xe4w\xf2\xec\x03m\xa4\x9d\x9f\x91\xcfF\xe7\xdc\x17E\
\xe4\x04U\xbdKU\x9bSv\x12U\xd5?\xa9\xea\xa5\
\"r\xbcsnA\x95:\xff\x8a\x04\x87;\xfc\xcd\x94\
\x9f\xaa~WD\xc69\xe7\xca\xde\xf3\xdc9\xb7\xda9\
w\xa6\xaa\x9e\x0d`iJ\xdd7\xab\xea\xbf\x01\x18\xe6\
\x9c\xfbZ\xb5NP\xaa#^\x88\xa9\xafU\x09\xf6\x04\
\xf7\xd93U\xf5\xa9\x98\xcb\x965\x90=,\x050N\
U\x7f\x1dm\x05\x9a\xa4\xfcM\xaaz\x95\x88\x9c\x12w\
\x18K\x05\xfa\xed\x8c\x1a\x8e\xb2\x11\xed\xe4vg }\
v=\xf9\x9d\xbc\xea\xd2\xa11\xcb\xc6\xda\x1f}\xd2\x03\
0\x05\xc0\xd9\x00\x86\xa3e\xb3\xf9\xfe\x00\xfa\x02\xd8\x8e\
\x96\xd3\x8c6\xa2\xe5H\xc2'\x00\xdc\xef\x9c\xdbT\xa9\
\xb2Ed\x97\xc7\x00\xefr\xce\xcd\"9\x06\xc04\x00\
\xe3\xd1r\x0es_\xb4\x1c\x07\xba\x19-g\x11\xaf\x02\
p\xa7\x88\xcc\x17\x91\xddUtF\xc3T\xf5\xfchj\
q\x90\xaa\x0e\x04p0\x80mQ\xfd\xbc)\"O\xab\
\xea\x83\"\xf2l^^\x15\x18\x8dk\x0f\xd1\xeel\xd3\
\x00\x9c.\"G\xaa\xea\x80\xa8\x7fl\x05\xb0\x16\xc0J\
\x00w\x88\xc8#\xf5\xb8}e5}^^\xfcN=\
\xf9@\xc3\xa8\xf8\x94\xb0a\x18F=\xf9\x1d\xf3\x81\xf1\
8\xab\x02\xc30\x0c\xc3\xb0\xa0m\x18\x86a\x18\x86\x05\
m\xc30\x0c\xc3\xb0\xa0m\x18\x86a\x18\x86\x05m\xc3\
0\x0c\xc30,h\x1b\x86a\x18\x86\x05m\xc30\x0c\
\xc30,h\x1b\x86a\x18\x86aA\xdb0\x0c\xc30\
,h\x1b\x86a\x18\x86a\x18\x86a\x18\x86a\x18\x86\
a\x18\x86a\x18\x86a\x18\x86a\x18\x86a\x18\x86a\
\x18\x86a\x18\xf5\xc9\xff\x03\xa9MMS51]L\
\x00\x00\x00\x00IEND\xaeB`\x82\x00\x00\x03*\
\x89PNG\x0d\x0a\x1a\x0a\x00\x00\x00\x0dIHDR\
\x00\x00\x00z\x00\x00\x00z\x08\x04\x00\x00\x00\xdaP\x8f\
o\x00\x00\x00\x04gAMA\x00\x00\xb1\x8f\x0b\xfca\
\x05\x00\x00\x00 cHRM\x00\x00z&\x00\x00\x80\
\x84\x00\x00\xfa\x00\x00\x00\x80\xe8\x00\x00u0\x00\x00\xea\
`\x00\x00:\x98\x00\x00\x17p\x9c\xbaQ<\x00\x00\x00\
\x02bKGD\x00\xff\x87\x8f\xcc\xbf\x00\x00\x00\x09p\
HYs\x00\x00\x1e\xc2\x00\x00\x1e\xc2\x01n\xd0u>\
\x00\x00\x00\x07tIME\x07\xe1\x04\x0c\x00\x02\x05\xec\
\xc6\xed\xf2\x00\x00\x02\x1dIDATx\xda\xed\xd9\xbf\
.DA\x14\xc7\xf13K\xa2S\x09\x1a\x12\x0db+\
\x95V\x04O\xa1\xf0\x06*k\xf5\x12\x7f*/@\xa1\
\xf0\x0c\x82\x88\x87\xb8sIH\x84\x8a\xe8t$v\x14\
\xfe\x8b?{\xe7\xde93\xe7\xf8}\xabm\xf6\x9e\xfd\
4wgr\x88\x10B\x08!\x84\x10B\x08!\x84\x10\
B\x08!\x84\x10BHlv<\xbb\xb2\x07\xe7\xbd\xdc\
s\xf3\x05{k7\xfd\xbf_+3\xdc\xcc\xd0\x80\x9b\
\xbe?\xe2e\xdbfk\xd3\xf5\xd0\x9c3Q\xd0n\xc7\
\\\x11\xb9:'\xdb6\xdd*\x11\x91Y1\x8ek\xe6\
\x97N\x87\xece\xe62g3\x1ev\xb6\x94\xb9\xcce\
\xce6#\x81\xf9\xd9\x89\x909\xd9\x09\x91\xb9\xd8\x89\x91\
9\xd8\x09\x92C\xb3\x13%\x87d'L\x0e\xc5\xce\x1b\
I\x93C\xb0\x05\x90\xabf\x0b!W\xc9\x16D\xae\x8a\
-\x8c\\\x05[ \xb9,[(\xb9\x0c[0\xd9\x97\
-\x9c\xec\xc3V@.\xcaVB.\xc2VDn\x97\
\xad\x8c\xdc\x0e[!\xf9/\xb6R\xf2ol\xc5\xe4\x9f\
\xd8\xca\xc9\xdf\xb1\xe3\x90\xbdW#\xfe\xec\xc7c7H\
dl\xd7\xd4\xc3|k\x9d\x88\xc8,\xd7\xd7T\xa3?\
\xb0\xaf]\x7f\x0cr\x14\xf4;;\x0e\xb9\xe4\x02\xcf\xb7\
\xd1\x8b\xda\xee\xcb\xc7\x9b\xaem\xfe\xf9Q\xd0y\xe3\xf1\
\xf5\xc5\xd5\xc7\xbd\xe8\x8d\x84\xce\x1b\xcf\xaf\xaf\xda\x06\xff\
\xa27\x12\xfa\x95l\x96\xc7\x96:&c\xb1\x99\xc9\x9f\
\xff\x97\xb9\xf7\xdb\x09\x90\xff\x01\xfb\xa7\xd3\x97b\xf6o\
\x07N\xa5\xec\xbf\xce\xd8\x0a\xd9\xed\\+\x94\xb1\xdb\xbd\
I)b\x17\xb9<*a\xe7\x8b\xc5\xee\xcb\x0a\xd8E\
\xc9\x0a\xd8>d\xe1l_\xb2`v\x19\xb2PvY\
\xb2@v\x15da\xec\xaa\xc8\x82\xd8U\x92\x85\xb0\xab\
&\x0b`\x87 '\xce\x0eEN\x98\x1d\x92\x9c(;\
49A6\x07916\x179!6'9\x11\xf6\
\xc9,\xffJ\xfd\x8d}\xe8\xff\x8cRk\x9d\xd60\x11\
\xf7\xb2u\xf4\xe2e\x194\xe2\xff\x8c\xce2?\xa0{\
\xeb\xce\xd0Y}\x8f\x8f\xfc\xcc\xb6\x13f\xde\xec\xf3N\
E\x08!\x84\x10B\x08!\x84\x10B\x08!\x84\x10B\
\x08\x05\xea\x09\x02\xc1\xbb1\x02\xe8W'\x00\x00\x00%\
tEXtdate:create\x00\
2017-04-12T00:02\
:05+01:00\x18\xbf\x1a\xb2\x00\x00\x00\
%tEXtdate:modify\
\x002017-04-12T00:0\
2:05+01:00i\xe2\xa2\x0e\x00\x00\
\x00\x00IEND\xaeB`\x82\x00\x00<7\x89P\
NG\x0d\x0a\x1a\x0a\x00\x00\x00\x0dIHDR\x00\x00\
\x02\x00\x00\x00\x02\x00\x08\x06\x00\x00\x00\xf4x\xd4\xfa\x00\
\x00\x00\x01sRGB\x00\xae\xce\x1c\xe9\x00\x00\x008\
eXIfMM\x00*\x00\x00\x00\x08\x00\x01\x87i\
\x00\x04\x00\x00\x00\x01\x00\x00\x00\x1a\x00\x00\x00\x00\x00\x02\
\xa0\x02\x00\x04\x00\x00\x00\x01\x00\x00\x02\x00\xa0\x03\x00\x04\
\x00\x00\x00\x01\x00\x00\x02\x00\x00\x00\x00\x00(0\x97\xbf\
\x00\x00;\xadIDATx\x01\xed\xdd\x07\x80\x1de\
\xbd\xf7\xf1\xff\xcc9g[\x92M\x85\x84P\xa4DB\
\x95\xa24\xe9\xd2\x04\xae\xa8W#\x1d\xb9\xa8\x884i\
\xa2p\xef\x85\xf0\xa2\x02\x89^\x15)\x8aRD\x9a\xf0\
\x1a\xf4Ez\x0b\x08\"\x81@B\x09!!\xbd\xf7\xcd\
\xeef\xcb)3\xef\xf3\x9c\x10\xe4\x86\xdd\xcd\x99\xf3\xcc\
9g\x9e\x99\xef\xf1\xeeM\xb2;\xcf\xcc\xff\xf9<\xc3\
\xce\xef<g\x8a#\xbc\xaa&p\xea\x05c\x9b\xf3\xbb\
\xae\x1b\xff\x9c7\xff\xec\x95\xebZ\xc5u\x9c\xaam\x9b\
\x0d!\x80\x00\x02q\x17\xd0\xbfQ\x07xuk\x07w\
\xd7\xcd\xcd\xb4t\xbf\xb5\"\xdf\xfe\xc2\x88\xe6Ao\xec\
\xff\xe0\xd2\x0f\xeex\xff\xe5\xb6\xb8\xf7?h\xff8\x02\
\x05\x15+s\xf9\xd3n\xb9\xe2\x84\xdc`o\xac\xdf\xe4\
\xef\xf5\xf4\xbc\x99\xd2\xd2\xddE\x00(\xd3\x92f\x08 \
\x80@o\x02\xbe\xfe\x81>\xb2\xb9\x8e8\xea\xab\xa1K\
\xba}\xcf\x9f9 \x9fz5\xdd^x\xf8\xf3\x93\x9b\
^z\xe8\x99\x87\xd6\xf6\xd6>I\xdf'\x00Tx\xb4\
O\xfc\xe9%;\xba[\xd7]Uh*\x9c\xecg\xc4\
\xf5r\x05yn\xd1\x1c\x02@\x85\xddY=\x02\x08 \
\xa0\x05|u\x94sRn1\x14\xa4\x0a\"\xf5\xdd\xfe\
\xb4\xe6N\xf7\xbe\x91+\xdd\xbb_\xbb\xe5\xaf\x0b\x92\xac\
D\x00\xa8\xd0\xe8\x9fu\xf9\xe5\x03:v\xf4\xce\xf5\x07\
\xa6.\xf5\x1be\xb3B6\xa7\xf6\xc4\xf5\x1b#\x00T\
\x08\x9d\xd5\"\x80\x00\x02\x9b\x10\xf0U\x18p\xd5\xcc@\
}\x97\xbf\xb0\xb9\xdd\xb9u\xf4\x82\xd4-\x13\xef\xfaK\
\xcb&\x9a\xc5\xf2\xc7\x04\x80\x0a\x0c\xebi7\xfe\xf0\xf8\
\xfc0\xb9\xc6\x1f \x9f-\x14\xf2\xe2\x17><\xf2\x7f\
\xb8-\x02@\x05\xd0Y%\x02\x08 \x10@\xc0O9\
\x92r\\i\xec\xf0\xdf\x1c\xb9&\xfd\xa3\xf7\xc6\xff\xe5\
iu@\xfc\xdf\xbf\xac\x03\xac\xcf\xc6E\x09\x00!\x8e\
\xda\x89\xe3~\xb0\x83\xbbE\xea\xaa|?\xef\x14I\xfb\
i=\xdd\xdf\xd3\x8b\x00\xd0\x93\x0a\xdfC\x00\x01\x04\xaa\
/\xe0\xa7]\xa9+8\x9d\x83Z\xbc\xf1c^\xdf\xfe\
\xa7\xbf~\xfc\xd7\xdd\xd5\xaf\xa26[$\x00\x84\xe0~\
\xee\xb9c\xfb\xaf\xda\xab\xe3{\xfe@\xb9\xccir6\
\xcf\x7fl\xba\xbf\xa7\xd5\x13\x00zR\xe1{\x08 \x80\
@m\x04|u\x8a@\xcaM\xc9\x90\xf6\xd4C\xc3\xe6\
t\x9e\xf3\xee\xedO\xae\xaeM%\xd5\xddj\xaa\xba\x9b\
\x8b\xdf\xd6N\xfd\xc5\xa5\xc7\xae\xdb5\x7f\x97\x0cv\xcf\
\xf4\xdcB\xbf\xde\xde\xf5\x7f\xbc\xe7s\xdaZ\xa4K}\
4\xe0p\x19\xe0\xc7Y\xf8;\x02\x08 P\x13\x01G\
M\xfc{\xbe/]M\xce\xae\xdd\xfdR\xfb\xee0t\
\xe4\x93+\xa6\xcdm\xafI1U\xdc(3\x00eb\
\x8f\x19\x7f\xd9v\xa9-\xd2W\x15\x1a\xbd\xd3$\xd3\xfb\
t\x7fO\xabg\x06\xa0'\x15\xbe\x87\x00\x02\x08\xd4^\
\xc0\xa9KI\xbfV\x998z\xf2\xb2\xafOzx\xd2\
\xaa\xdaWT\xb9\x0a\x98\x01\x08h{\xfa\xe9\xe3\xfb\xed\
|\xfe\x1e\x17\xc8p\xf7N\x19(\x07\xa9\x93\xfc\xdc\x8d\
O\xf2\xdb\xd4*\x99\x01\xd8\x94\x10?G\x00\x01\x04j\
$\xa0N\xda\xce5\xb9\xdbv\x0f\x198\xea\xba\xdd\x8e\
\xfa\xeb\xe3\x93&\xf5|2W\x8d\xca\x0bs\xb3\x04\x80\
\x00\x9a'\xff\xf2\xf2\xa3\xf2{u\xdc)C\xdcoy\
)\xaf\x7f)\xd3\xfd=\xad\x9e\x00\xd0\x93\x0a\xdfC\x00\
\x01\x04\"\"\xe0\xf9\xd2\xdd ;\xbf\xee\xaf\x91u/\
\xcex>\"U\x85^\x06\x1f\x01\x94@z\xd2u\x17\
m\xebn\xd9\xf8_\xea\xec\xfe\xd3\xfd\x8cWW\xee\x81\
\x7f\xc3\xa6\xf8\x08`\x83\x04\x7f\"\x80\x00\x02\xd1\x14\xf0\
\xd5\xbd\x022\x9e\xe4\xb6^\x91\xfe\xd2\x077\xfc\xf5\xc9\
hViV\x153\x00}\xf8\x9d}\xf6\xd8\xa6Q\xdf\
\xdd\xe7\\\x7fd\xfaNu\x86\xff!\x85B.\x15t\
\xba\xbf\xa7\xd53\x03\xd0\x93\x0a\xdfC\x00\x01\x04\xa2#\
P<10\xe3\xa6\xb2\x8e\xb7\xe7Q#v|`\xe6\
\xdb3\xbb\xa2S]8\x95\xa8\x8b\x1fx\xf5$p\xd2\
\xcf/9b\xed\xe1\x1dO\xa9\xcf\xfa\x7f\xe9\xd5{[\
\xe4\xbb\xfeu'\xbf\x9e\x96\xe7{\x08 \x80\x00\x021\
\x13\xc8y\xd2\xd5?\xb5\xdb\x94Q\xa9\xf3c\xd6\xb3b\
w\xf8\x08`\xa3Q\x1ds\xfd\xf7\xb7\xc9\x8cl\xfcO\
5\xdd\x7f\xa6_\xe7\xd7y\xd9\xf0\xcf\xff\xe0#\x80\x8d\
\xd0\xf9'\x02\x08 \x10Q\x01}\xc7\xc0\xc6\xac\xb3t\
\xc7\xf9\xde\xfeo\xde\xfc\xd8\xbc\x88\x96YVY\xe9\xb2\
Z\xc5\xb0\xd1\x981\x177\xbaGf\xbe\xe5\x0f\xf4\xaf\
(\x0c\xf0G\x16\xba\xd5\x81?\x9b\xa8\xbbB\xc6pT\
\xe9\x12\x02\x08 `&\xe0\xa8\xab\x02\xba\x1b\xdc\x11\xcb\
6K\xff\x87Z\xd3X\xb3\xb5E\xab5\x1f\x01\xa8\xf1\
8i\xfce\x87\xb9\xff\x9eyRF8\xbf\xf6\x1a\xfd\
\x91\xeb\xa7\xfb9\xf8GkW\xa5\x1a\x04\x10@\xa06\
\x02\xbe\xe7Ik\xbdw\xea1c\xc6\x0c\xa9M\x05\x95\
\xd9j\xa2g\x00N\xfa\xf1%[\xbb\xdb\xd4]Y\xe8\
\xe7\x9f\xe9\xd5\xf9\x0d\x9e\xbe\x85//\x04\x10@\x00\x01\
\x04>.\xa0f\x01\xb2\x0d\xee\x0eo\x8d\xea8L}\
{\xc2\xc7\x7fd\xf3\xdf\x13\x19\x00\xce<llC\xe7\
)\x1dg\x15\x9a\xbd+\xfd\xfe\xb2e>\x9bg\xba\xdf\
\xe6\xbd\x98\xda\x11@\x00\x81\x0a\x0b\x14\\\xdf)4\xa6\
\xbe\xaa6\x13\x9b\x00\x90\xb8\x8f\x00N\xfa\x9f\x1f\x1c\xdc\
yv\xe7\xe32\xdc\xb9\xd9oT\x07\xff\xee\xacz\x00\
$\xd3\xfd\x15\xfeo\x87\xd5#\x80\x00\x02v\x0bx\"\
mu\xf9\x03\x8e?\xe8\xf8\xc1vw\xe4_\xd5'f\
\x06`\xcc\x8f/\xde2\xb3M\xc3\x15\xea\xec\xfe\xb3\xd4\
\xd9\xfd\x8d\x9e~\xd7\xcf\x0b\x01\x04\x10@\x00\x81\x12\x04\
\xf4y\x00\x8e\x9b\xdaz\xfe\xe1\x0d;\xc9K\xf2J\x09\
M\"\xbfH\xec\x03\xc0\x05\xa3.\xa8_\xfe\x83\xfa3\
\xfdf\xf9Ouv\xff\xd6\x85\x1c\xd3\xfd\x91\xdf+)\
\x10\x01\x04\x10\x88\x98\x80\xbe1\x90\xba=p\xdd\xdc5\
kvR\xa5\x11\x00\"6>\x9f(\xe7\x1b\xe3.:\
p\xf9\x96\xf5\xd7\xf8\xfd\xfd#|\xf1\xa4\xa0\xa7\xfby\
!\x80\x00\x02\x08 P\x8e\x80\xfa\xb8x\xb0\xd3\xb4s\
[9m#\xd8&\x963\x00'\x8d=\x7f\xa4\xbb}\
\xff\x1f\xe6\xfb\xfb\xdf\xf63~S\x81\xe9\xfe\x08\xeez\
\x94\x84\x00\x02\x08X&\xa0f\x01\xfc~\x99O\xa9?\
\x1cu\x17=\xebO\x1e\x8bU\x00\x18\xbb\xeb\xd8\xba\xf7\
/\xec:#\xdf\\\xf8/\x7f\x80|\x8a\xe9~\xcb\xfe\
\xe3\xa2\\\x04\x10@ \xe2\x02m\x99\xfc\xe6q8\xf8\
k\xe6\xd8\x04\x801\xe3/:`\xfa\x96\x9d\xd7xM\
\xfeQ\xa2>\xac)\x9e\xdd\x1f\xf1\x1d\x89\xf2\x10@\x00\
\x01\x04\xec\x12hws\xfd\xec\xaa\xb8\xf7j\xad\x0f\x00\
\xff~\xe5E[4\xec\xd4\xf0\x03u3\x9f\xb3\xd5\xcd\
|\xfa\x15\xdf\xf5[?1\xd3\xfb\x80\xf1\x13\x04\x10@\
\x00\x81\xda\x09\xc4\xe9\xf0bm\x008[\xce\xce\xb4\xfd\
n\xd0i\xea\xcc\xfe\xff.\xf4\x97\xed\xf2\x9c\xdd_\xbb\
\xff\"\xd82\x02\x08 \x80\x80u\x02V\x06\x80Sn\
\xb8x\xdf\xd6\xad\xeb\xd5t\xbf\xf7E_M\xf7sv\
\xbfu\xfb\x1d\x05#\x80\x00\x02\x08\xd4X\xc0\xaa\x00p\
\xf2\x95\xdf\x1f\xee\x8cn\xb8L\xbd\xe3?G=\xa8\xb7\
?\xd3\xfd5\xde{\xd8<\x02\x08 \x80\x80\xb5\x02V\
\x04\x80\xc3\xe4\xb0\xf4\xc8\xdf\xecwJ~\xa0w\x953\
\xc0\xd9\xa1\x90\xcb\x89\xcf\xa3z\xad\xdd\xe9(\x1c\x01\x04\
\x10@\xa0\xf6\x02\x91\x0f\x00'\xddp\xf1\xe7d\xeb\xfa\
\xb1\xf9F\xefx_=\xb9\x80\xe9\xfe\xda\xef4T\x80\
\x00\x02\x08 `\xbf@d\x03\xc0W/;g\xf3\xba\
]\x06\\\xea\x0fr\xbf\xa7\xa6\xfb\x07\x14o\xe6\xc3\xed\
\xfb\xed\xdf\xe3\xe8\x01\x02\x08 \x80@$\x04\"\x17\x00\
\xc6\x88\xa42\xb7\xfd\xe8\xa4\xc2\x80\xc2\xd52 \xf5\xe9\
\xe2t\x7fw\x9c.\xbc\x88\xc4\xb8S\x04\x02\x08 \x80\
@\xc2\x05\"\x15\x00N\xba\xee\x92\xbdd\xeb\xba\xb1\xf9\
\xa6\xc2\x09\xbe\xaa\xcc\xe3\xde\xfd\x09\xdf=\xe9>\x02\x08\
 \x80@\xa5\x04\"\x11\x00N\xbe\xf4\xd2a\xfe\xae\xa9\
K\xfcf\xf7<\xbf\xdek.\xe4\x0a\"\xb9Ju\x99\
\xf5\"\x80\x00\x02\x08 \x80@\xad\x03\x80s\xcamW\
\x9e\x98\xef\x9f\x1f\xeb4\xbb\xa39\xbb\x9f\x1d\x12\x01\x04\
\x10@\x00\x81\xea\x08\xd4,\x00\x9cx\xfd%{8\xdb\
\xd4]\x9dk\xc8}U?\x91\x80\xb3\xfb\xab3\xe0l\
\x05\x01\x04\x10@\x00\x01-P\xf5\x00\xf0\xd5+\xae\x18\
\x9a\xde>w\xb1\x0cN\x9d\xef\xd5{\x03=\xa6\xfb\xd9\
\x13\x11@\x00\x01\x04\x10\xa8\xba@5\x03\x80s\xf2\xad\
?\x1cS\x18\x98\xbf\xda\x19\x90\xde\xa5\x90\xe7f>U\
\x1fm6\x88\x00\x02\x08 \x80\xc0\x87\x02U\x09\x00\xa7\
\xff\xea\xb2\xdd\xf2\xc3\xd2c\xf3\x0d\x85\xafIFM\xf7\
g\xb3\x0c\x00\x02\x08 \x80\x00\x02\x08\xd4P\xa0\xa2\x01\
\xe0\x94\x1f\xfdhpaT\xee\xa2\xeeA\xee\x85\xd2\xe0\
\x0f\xf2\xb2\x9c\xdd_\xc3\xb1f\xd3\x08 \x80\x00\x02\x08\
|$P\xb1\x00p\xf2\xad?\xfaZa\x907V\x06\
\xa4w\xf3\xd4\xa3z}n\xe6\xf3\x11:\x7fA\x00\x01\
\x04\x10@\xa0\xd6\x02\xa1\x07\x80So\xbcb\x97\xc2\x10\
\xb9:\xdf\x94\x1f\xa3N1t\xbcn\xee\xdf[\xebA\
f\xfb\x08 \x80\x00\x02\x08l,\x10Z\x008\xf3\xa2\
\x8b\x06u\xee\x96\xbaP=\xb1\xef\"\xbfQ\x063\xdd\
\xbf15\xffF\x00\x01\x04\x10@ :\x02\xa1\x04\x80\
\x93o\xb9\xe2+\x9dC\x0ac\xa5\x9f\xb3G\xa1\xc0t\
\x7ft\x86\x97J\x10@\x00\x01\x04\x10\xe8Y\xc0(\x00\
\x9c\xfe\x8b\xcbw\xceo\xe6\xfew\xbe\xb1p\xa2d|\
\xd7\xcb2\xdd\xdf33\xdfE\x00\x01\x04\x10@ Z\
\x02F\x01\xa0k\xcb\xc2\xaf\xd3\xcd\xa9#\xbc\x0eu\xe0\
\xe7\xde\xfd\xd1\x1aY\xaaA\x00\x01\x04\x10@\xa0\x0f\x01\
\xa3\x00PHK\xbd\xa3\xdf\xf5\xf3\xb4\xde>\x88\xf9\x11\
\x02\x08 \x80\x00\x02\xd1\x13pMJr\xc4\xe7\xd0o\
\x02H[\x04\x10@\x00\x01\x04j$`\x14\x00jT\
3\x9bE\x00\x01\x04\x10@\x00\x01C\x01\x02\x80! \
\xcd\x11@\x00\x01\x04\x10\xb0Q\x80\x00`\xe3\xa8Q3\
\x02\x08 \x80\x00\x02\x86\x02\x04\x00C@\x9a#\x80\x00\
\x02\x08 `\xa3\x00\x01\xc0\xc6Q\xa3f\x04\x10@\x00\
\x01\x04\x0c\x05\x08\x00\x86\x804G\x00\x01\x04\x10@\xc0\
F\x01\x02\x80\x8d\xa3F\xcd\x08 \x80\x00\x02\x08\x18\x0a\
\x10\x00\x0c\x01i\x8e\x00\x02\x08 \x80\x80\x8d\x02\x04\x00\
\x1bG\x8d\x9a\x11@\x00\x01\x04\x100\x14 \x00\x18\x02\
\xd2\x1c\x01\x04\x10@\x00\x01\x1b\x05\x08\x006\x8e\x1a5\
#\x80\x00\x02\x08 `(@\x000\x04\xa49\x02\x08\
 \x80\x00\x026\x0a\x10\x00l\x1c5jF\x00\x01\x04\
\x10@\xc0P\x80\x00`\x08Hs\x04\x10@\x00\x01\x04\
l\x14 \x00\xd88j\xd4\x8c\x00\x02\x08 \x80\x80\xa1\
\x00\x01\xc0\x10\x90\xe6\x08 \x80\x00\x02\x08\xd8(@\x00\
\xb0q\xd4\xa8\x19\x01\x04\x10@\x00\x01C\x01\x02\x80!\
 \xcd\x11@\x00\x01\x04\x10\xb0Q\x80\x00`\xe3\xa8Q\
3\x02\x08 \x80\x00\x02\x86\x02\x04\x00C@\x9a#\x80\
\x00\x02\x08 `\xa3\x00\x01\xc0\xc6Q\xa3f\x04\x10@\
\x00\x01\x04\x0c\x05\x08\x00\x86\x804G\x00\x01\x04\x10@\
\xc0F\x01\x02\x80\x8d\xa3F\xcd\x08 \x80\x00\x02\x08\x18\
\x0a\x10\x00\x0c\x01i\x8e\x00\x02\x08 \x80\x80\x8d\x02\x04\
\x00\x1bG\x8d\x9a\x11@\x00\x01\x04\x100\x14 \x00\x18\
\x02\xd2\x1c\x01\x04\x10@\x00\x01\x1b\x05\x08\x006\x8e\x1a\
5#\x80\x00\x02\x08 `(@\x000\x04\xa49\x02\
\x08 \x80\x00\x026\x0a\x10\x00l\x1c5jF\x00\x01\
\x04\x10@\xc0P m\xd8\x9e\xe6\x08 P\xa6@\xc1\
+\x88x\xf92[\xd3\xccj\x01\xc7\x95T*cu\
\x17\x12[\xbc\xe3\xf8q\xe9;\x01 .#I?\xac\
\x12\xf0\xd5\xc1\x7f\xa7\xa1[\xcb\xee\xc3\xb6\xb3\xaan\x8a\
\x0dG`Mw\x9bL\x9c\xff\x96\xc4\xe6H\x12\x0eK\
\xf4\xd7\xe2\xf9\xe2vfw\x1bx\xd6\xe8)\xe285\
\xaf\xd7M\x89\xf89\xf7\xbb\xab\xee\x9c\xf6j9\xc5\x10\
\x00\xcaQ\xa3\x0d\x02\x86\x02^!+_\x1du\xa0\xfc\
\xf4\x903\x0d\xd7Ds\x1b\x05\xdeY9W\xf6\xbe\xfb\
|\xf1|_j\x7f\x18\xb1Q\xb0F5\xab\xc4\xe6\xf8\
^\x93\xb8\xce\x1eQ\x08\x00\xbe\xeb\x88\xefx\x03\xcb\xd5\
 \x00\x94+G;\x04\x0c\x05rL\xff\x1b\x0a\xda\xdb\
\xbc3\x9f\xb5\xb7x*W\x1f\xdd\xe9$\x10\x01\x08U\
\x83#\x8eWn%\x9c\x04X\xae\x1c\xed\x10@\x00\x01\
\x04\x10\xb0X\x80\x00`\xf1\xe0Q:\x02\x08 \x80\x00\
\x02\xe5\x0a\x10\x00\xca\x95\xa3\x1d\x02\x08 \x80\x00\x02\x16\
\x0b\x10\x00,\x1e<JG\x00\x01\x04\x10@\xa0\\\x01\
\x02@\xb9r\xb4C\x00\x01\x04\x10@\xc0b\x01\x02\x80\
\xc5\x83G\xe9\x08 \x80\x00\x02\x08\x94+@\x00(W\
\x8ev\x08 \x80\x00\x02\x08X,@\x00\xb0x\xf0(\
\x1d\x01\x04\x10@\x00\x81r\x05\x08\x00\xe5\xca\xd1\x0e\x01\
\x04\x10@\x00\x01\x8b\x05\x08\x00\x16\x0f\x1e\xa5#\x80\x00\
\x02\x08 P\xae\x00\x01\xa0\\9\xda!\x80\x00\x02\x08\
 `\xb1\x00\x01\xc0\xe2\xc1\xa3t\x04\x10@\x00\x01\x04\
\xca\x15 \x00\x94+G;\x04\x10@\x00\x01\x04,\x16\
 \x00X<x\x94\x8e\x00\x02\x08 \x80@\xb9\x02\x04\
\x80r\xe5h\x87\x00\x02\x08 \x80\x80\xc5\x02\x04\x00\x8b\
\x07\x8f\xd2\x11@\x00\x01\x04\x10(W\x80\x00P\xae\x1c\
\xed\x10@\x00\x01\x04\x10\xb0X\x80\x00`\xf1\xe0Q:\
\x02\x08 \x80\x00\x02\xe5\x0a\x10\x00\xca\x95\xa3\x1d\x02\x08\
 \x80\x00\x02\x16\x0b\x10\x00,\x1e<JG\x00\x01\x04\
\x10@\xa0\\\x01\x02@\xb9r\xb4C\x00\x01\x04\x10@\
\xc0b\x01\x02\x80\xc5\x83G\xe9\x08 \x80\x00\x02\x08\x94\
+@\x00(W\x8ev\x08 \x80\x00\x02\x08X,@\
\x00\xb0x\xf0(\x1d\x01\x04\x10@\x00\x81r\x05\x08\x00\
\xe5\xca\xd1\x0e\x01\x04\x10@\x00\x01\x8b\x05\x08\x00\x16\x0f\
\x1e\xa5#\x80\x00\x02\x08 P\xae\x00\x01\xa0\\9\xda\
!\x80\x00\x02\x08 `\xb1\x00\x01\xc0\xe2\xc1\xa3t\x04\
\x10@\x00\x01\x04\xca\x15 \x00\x94+G;\x04\x10@\
\x00\x01\x04,\x16 \x00X<x\x94\x8e\x00\x02\x08 \
\x80@\xb9\x02\x04\x80r\xe5h\x87\x00\x02\x08 \x80\x80\
\xc5\x02\x04\x00\x8b\x07\x8f\xd2\x11@\x00\x01\x04\x10(W\
\x80\x00P\xae\x1c\xed\x10@\x00\x812\x05\xeaS\x992\
[\xd2\x0c\x81\xf0\x04\xd2\xe1\xad\x8a5!\x80@\x12\x05\
\x9e\x98\xf3\xbaL[9W\\7\x95\xc4\xee\x07\xee\xb3\
\xeb\xb82w\xed2\xf1\x03\xb7\xa4\x01\x02\xe1\x0a\x10\x00\
\xc2\xf5dm\x08$N\xe0\xcew\x9e\x96\x07\xa7>*\
\x92\xaeO\\\xdf\xcb\xee\xb0\x0a\x01\xa9t\x9d8e\xaf\
\x80\x86\x08\x98\x0b\x10\x00\xcc\x0dY\x03\x02\x89\x16(N\
gg\x1a\xd4\x01\x8d\x00\x90\xe8\x1d\x81\xce['\xc09\
\x00\xd6\x0d\x19\x05#\x80\x00\x02\x08 `.@\x000\
7d\x0d\x08 \x80\x00\x02\x08X'@\x00\xb0n\xc8\
(\x18\x01\x04\x10@\x00\x01s\x01\x02\x80\xb9!k@\
\x00\x01\x04\x10@\xc0:\x01\x02\x80uCF\xc1\x08 \
\x80\x00\x02\x08\x98\x0b\x10\x00\xcc\x0dY\x03\x02\x08 \x80\
\x00\x02\xd6\x09\x10\x00\xac\x1b2\x0aF\x00\x01\x04\x10@\
\xc0\\\x80\x00`n\xc8\x1a\x10@\x00\x01\x04\x10\xb0N\
\x80\x00`\xdd\x90Q0\x02\x08 \x80\x00\x02\xe6\x02\x04\
\x00sC\xd6\x80\x00\x02\x08 \x80\x80u\x02\x04\x00\xeb\
\x86\x8c\x82\x11@\x00\x01\x04\x100\x17 \x00\x98\x1b\xb2\
\x06\x04\x10@\x00\x01\x04\xac\x13 \x00X7d\x14\x8c\
\x00\x02\x08 \x80\x80\xb9\x00\x01\xc0\xdc\x905 \x80\x00\
\x02\x08 `\x9d\x00\x01\xc0\xba!\xa3`\x04\x10@\x00\
\x01\x04\xcc\x05\x08\x00\xe6\x86\xac\x01\x01\x04\x10@\x00\x01\
\xeb\x04\x08\x00\xd6\x0d\x19\x05#\x80\x00\x02\x08 `.\
@\x0007d\x0d\x08 \x80\x00\x02\x08X'@\x00\
\xb0n\xc8(\x18\x01\x04\x10@\x00\x01s\x01\x02\x80\xb9\
!k@\x00\x01\x04\x10@\xc0:\x01\x02\x80uCF\
\xc1\x08 \x80\x00\x02\x08\x98\x0b\x10\x00\xcc\x0dY\x03\x02\
\x08 \x80\x00\x02\xd6\x09\x10\x00\xac\x1b2\x0aF\x00\x01\
\x04\x10@\xc0\\\x80\x00`n\xc8\x1a\x10@\x00\x01\x04\
\x10\xb0N\x80\x00`\xdd\x90Q0\x02\x08 \x80\x00\x02\
\xe6\x02\x04\x00sC\xd6\x80\x00\x02\x08 \x80\x80u\x02\
\x04\x00\xeb\x86\x8c\x82\x11@\x00\x01\x04\x100\x17 \x00\
\x98\x1b\xb2\x06\x04\x10@\x00\x01\x04\xac\x13 \x00X7\
d\x14\x8c\x00\x02\x08 \x80\x80\xb9\x00\x01\xc0\xdc\x905\
 \x80\x00\x02\x08 `\x9d\x00\x01\xc0\xba!\xa3`\x04\
\x10@\x00\x01\x04\xcc\x05\x08\x00\xe6\x86\xac\x01\x01\x04\x10\
@\x00\x01\xeb\x04\x08\x00\xd6\x0d\x19\x05#\x80\x00\x02\x08\
 `.@\x0007d\x0d\x08 \x80\x00\x02\x08X\
'@\x00\xb0n\xc8(\x18\x01\x04\x10@\x00\x01s\x01\
\x02\x80\xb9!k@\x00\x01\x04\x10@\xc0:\x01\x02\x80\
uCF\xc1\x08 \x80\x00\x02\x08\x98\x0b\x10\x00\xcc\x0d\
Y\x03\x02\x08 \x80\x00\x02\xd6\x09\x10\x00\xac\x1b2\x0a\
F\x00\x01\x04\x10@\xc0\\\x80\x00`n\xc8\x1a\x10@\
\x00\x01\x04\x10\xb0N\x80\x00`\xdd\x90Q0\x02\x08 \
\x80\x00\x02\xe6\x02\x04\x00sC\xd6\x80\x00\x02\x08 \x80\
\x80u\x02\x04\x00\xeb\x86\x8c\x82\x11@\x00\x01\x04\x100\
\x17H\x9b\xaf\x825 \x80@\x92\x05\xfcb\xe7}\xd1\
\xffK\xf2\xcb\x11'\xc9\xdd\xa7\xef\x16\x0a\x10\x00,\x1c\
4JF J\x02i\xd7\x95\x8c\x9b\x91\x94\xfaJ\xea\
K\x87\x9f\xbcWHj\xf7\xe9\xb7\xa5\x02\x04\x00K\x07\
\x8e\xb2\x11\x88\x8a\xc0\xcf\x0e\xfd\xb6\x8c\xfd\xfc\xa9\xea\xfd\
or\xdf\x01\xcfX\xb3H\xfem\xc2\xd5\x92\xf3\xf2\x89\
v\x88\xca>I\x1d\xa5\x09\x10\x00Jsb)\x04\x10\
\xe8E`hc\xb3\xe8\xaf$\xbf:r\xddI\xee>\
}\xb7T\x80\x93\x00-\x1d8\xcaF\x00\x81\xe8\x08\x14\
|/:\xc5P\x09\x02%\x0a\x10\x00J\x84b1\x04\
\x10@\x00\x01\x04\xe2$@\x00\x88\xd3h\xd2\x17\x04\x10\
@\x00\x01\x04J\x14 \x00\x94\x08\xc5b\x08 \x80\x00\
\x02\x08\xc4I\x80\x00\x10\xa7\xd1\xa4/\x08 \x80\x00\x02\
\x08\x94(@\x00(\x11\x8a\xc5\x10@\x00\x01\x04\x10\x88\
\x93\x00\x01 N\xa3I_\x10@\x00\x01\x04\x10(Q\
\x80\x00P\"\x14\x8b!\x80\x00\x02\x08 \x10'\x01\x02\
@\x9cF\x93\xbe \x80\x00\x02\x08 P\xa2\x00\x01\xa0\
D(\x16C\x00\x01\x04\x10@ N\x02\x04\x808\x8d\
&}A\x00\x01\x04\x10@\xa0D\x01\x02@\x89P,\
\x86\x00\x02\x08 \x80@\x9c\x04\x08\x00q\x1aM\xfa\x82\
\x00\x02\x08 \x80@\x89\x02\x04\x80\x12\xa1X\x0c\x01\x04\
\x10@\x00\x818\x09\x10\x00\xe24\x9a\xf4\x05\x01\x04\x10\
@\x00\x81\x12\x05\x08\x00%B\xb1\x18\x02\x08 \x80\x00\
\x02q\x12 \x00\xc4i4\xe9\x0b\x02\x08 \x80\x00\x02\
%\x0a\x10\x00J\x84b1\x04\x10@\x00\x01\x04\xe2$\
@\x00\x88\xd3h\xd2\x17\x04\x10@\x00\x01\x04J\x14 \
\x00\x94\x08\xc5b\x08 \x80\x00\x02\x08\xc4I\x80\x00\x10\
\xa7\xd1\xa4/\x08 \x80\x00\x02\x08\x94(@\x00(\x11\
\x8a\xc5\x10@\x00\x01\x04\x10\x88\x93\x00\x01 N\xa3I\
_\x10@\x00\x01\x04\x10(Q\x80\x00P\"\x14\x8b!\
\x80\x00\x02\x08 \x10'\x01\x02@\x9cF\x93\xbe \x80\
\x00\x02\x08 P\xa2\x00\x01\xa0D(\x16C\x00\x01\x04\
\x10@ N\x02\x04\x808\x8d&}A\x00\x01\x04\x10\
@\xa0D\x01\x02@\x89P,\x86\x00\x02\x08 \x80@\
\x9c\x04\x08\x00q\x1aM\xfa\x82\x00\x02\x08 \x80@\x89\
\x02\x04\x80\x12\xa1X\x0c\x01\x04\x10@\x00\x818\x09\x10\
\x00\xe24\x9a\xf4\x05\x01\x04\x10@\x00\x81\x12\x05\x08\x00\
%B\xb1\x18\x02\x08 \x80\x00\x02q\x12 \x00\xc4i\
4\xe9\x0b\x02\x08\xd4D \x93J\xd7d\xbbl\x14\x01\
\x13\x01\xf6Z\x13=\xda\"\x80\x80<0\xfd\x05\x99\xbc\
d\xba\xb8\x09=\x08\xba\xe2\xca\xf2\x8e\x16\xf1|O\xed\
\x0d\x0e{\x04\x02\xd6\x08\x10\x00\xac\x19*\x0aE \x9a\
\x02\x0f\xcf\xfc\x87<8\xf5Q\x91tC4\x0b\xacF\
U\x8e#\xa9t\x1d\x87\xffjX\xb3\x8d\xd0\x04\x08\x00\
\xa1Q\xb2\"\x04\x92)P\x9f\xca\x88d\x1a\xd4\x01\xb0\
>\x99\x00\xf4\x1a\x01K\x058\x07\xc0\xd2\x81\xa3l\x04\
\x10@\x00\x01\x04L\x04\x08\x00&z\xb4E\x00\x01\x04\
\x10@\xc0R\x01\x02\x80\xa5\x03G\xd9\x08 \x80\x00\x02\
\x08\x98\x08\x10\x00L\xf4h\x8b\x00\x02\x08 \x80\x80\xa5\
\x02\x04\x00K\x07\x8e\xb2\x11@\x00\x01\x04\x100\x11 \
\x00\x98\xe8\xd1\x16\x01\x04\x10@\x00\x01K\x05\x08\x00\x96\
\x0e\x1ce#\x80\x00\x02\x08 `\"@\x000\xd1\xa3\
-\x02\x08 \x80\x00\x02\x96\x0a\x10\x00,\x1d8\xcaF\
\x00\x01\x04\x10@\xc0D\x80\x00`\xa2G[\x04\x10@\
\x00\x01\x04,\x15 \x00X:p\x94\x8d\x00\x02\x08 \
\x80\x80\x89\x00\x01\xc0D\x8f\xb6\x08 \x80\x00\x02\x08X\
*@\x00\xb0t\xe0(\x1b\x01\x04\x10@\x00\x01\x13\x01\
\x02\x80\x89\x1em\x11@\x00\x01\x04\x10\xb0T\x80\x00`\
\xe9\xc0Q6\x02\x08 \x80\x00\x02&\x02\x04\x00\x13=\
\xda\"\x80\x00\x02\x08 `\xa9\x00\x01\xc0\xd2\x81\xa3l\
\x04\x10@\x00\x01\x04L\x04\x08\x00&z\xb4E\x00\x01\
\x04\x10@\xc0R\x01\x02\x80\xa5\x03G\xd9\x08 \x80\x00\
\x02\x08\x98\x08\x10\x00L\xf4h\x8b\x00\x02\x08 \x80\x80\
\xa5\x02\x04\x00K\x07\x8e\xb2\x11@\x00\x01\x04\x100\x11\
 \x00\x98\xe8\xd1\x16\x01\x04\x10@\x00\x01K\x05\x08\x00\
\x96\x0e\x1ce#\x80\x00\x02\x08 `\"@\x000\xd1\
\xa3-\x02\x08 \x80\x00\x02\x96\x0a\x10\x00,\x1d8\xca\
F\x00\x01\x04\x10@\xc0D\x80\x00`\xa2G[\x04\x10\
@\x00\x01\x04,\x15 \x00X:p\x94\x8d\x00\x02\x08\
 \x80\x80\x89\x00\x01\xc0D\x8f\xb6\x08 \x80\x00\x02\x08\
X*@\x00\xb0t\xe0(\x1b\x01\x04\x10@\x00\x01\x13\
\x01\x02\x80\x89\x1em\x11@\x00\x01\x04\x10\xb0T\x80\x00\
`\xe9\xc0Q6\x02\x08 \x80\x00\x02&\x02\x04\x00\x13\
=\xda\"\x80\x00\x02\x08 `\xa9\x00\x01\xc0\xd2\x81\xa3\
l\x04\x10@\x00\x01\x04L\x04\x08\x00&z\xb4E\x00\
\x01\x04\x10@\xc0R\x01\x02\x80\xa5\x03G\xd9\x08 \x80\
\x00\x02\x08\x98\x08\x10\x00L\xf4h\x8b\x00\x02\x08 \x80\
\x80\xa5\x02\x04\x00K\x07\x8e\xb2\x11@\x00\x01\x04\x100\
\x11 \x00\x98\xe8\xd1\x16\x01\x04\x10@\x00\x01K\x05\x08\
\x00\x96\x0e\x1ce#\x80\x00\x02\x08 `\"@\x000\
\xd1\xa3-\x02\x08 \x80\x00\x02\x96\x0a\x10\x00,\x1d8\
\xcaF\x00\x01\x04\x10@\xc0D\x80\x00`\xa2G[\x04\
\x10@\x00\x01\x04,\x15 \x00X:p\x94\x8d\x00\x02\
\x08 \x80\x80\x89\x00\x01\xc0D\x8f\xb6\x08 \x80\x00\x02\
\x08X*@\x00\xb0t\xe0(\x1b\x01\x04\x10@\x00\x01\
\x13\x01\x02\x80\x89\x1em\x11@\x00\x01\x04\x10\xb0T\x80\
\x00`\xe9\xc0Q6\x02\x08 \x80\x00\x02&\x02\x04\x00\
\x13=\xda\"\x80\x00\x02\x08 `\xa9\x00\x01\xc0\xd2\x81\
\xa3l\x04\x10@\x00\x01\x04L\x04\x08\x00&z\xb4E\
\x00\x01\x04\x10@\xc0R\x01\x02\x80\xa5\x03G\xd9\x08 \
\x80\x00\x02\x08\x98\x08\x10\x00L\xf4h\x8b\x00\x02\x08 \
\x80\x80\xa5\x02\x04\x00K\x07\x8e\xb2\x11@\x00\x01\x04\x10\
0\x11 \x00\x98\xe8\xd1\x16\x01\x04\x10@\x00\x01K\x05\
\x08\x00\x96\x0e\x1ce#\x80\x00\x02\x08 `\"@\x00\
0\xd1\xa3-\x02\x08 \x80\x00\x02\x96\x0a\x10\x00,\x1d\
8\xcaF\x00\x01\x04\x10@\xc0D\x80\x00`\xa2G[\
\x04\x10@\x00\x01\x04,\x15 \x00X:p\x94\x8d\x00\
\x02\x08 \x80\x80\x89\x00\x01\xc0D\x8f\xb6\x08 \x80\x00\
\x02\x08X*@\x00\xb0t\xe0(\x1b\x01\x04\x10@\x00\
\x01\x13\x01\x02\x80\x89\x1em\x11@\x00\x01\x04\x10\xb0T\
\x80\x00`\xe9\xc0Q6\x02\x08 \x80\x00\x02&\x02\x04\
\x00\x13=\xda\"\x80\x00\x02\x08 `\xa9\x00\x01\xc0\xd2\
\x81\xa3l\x04\x10@\x00\x01\x04L\x04\x08\x00&z\xb4\
E\x00\x01\x04\x10@\xc0R\x01\x02\x80\xa5\x03G\xd9\x08\
 \x80\x00\x02\x08\x98\x08\x10\x00L\xf4h\x8b\x00\x02\x08\
 \x80\x80\xa5\x02\x04\x00K\x07\x8e\xb2\x11@\x00\x01\x04\
\x100\x11 \x00\x98\xe8\xd1\x16\x01\x04\x10@\x00\x01K\
\x05\x08\x00\x96\x0e\x1ce#\x80\x00\x02\x08 `\"@\
\x000\xd1\xa3-\x02\x08 \x80\x00\x02\x96\x0a\x10\x00,\
\x1d8\xcaF\x00\x01\x04\x10@\xc0D\x80\x00`\xa2G\
[\x04\x10@\x00\x01\x04,\x15 \x00X:p\x94\x8d\
\x00\x02\x08 \x80\x80\x89\x00\x01\xc0D\x8f\xb6\x08 \x80\
\x00\x02\x08X*@\x00\xb0t\xe0(\xdb~\x01\xc7q\
\xec\xef\x84\xea\x81\xa3\xfe\xc7\x0b\x01\x04\xec\x13H\xdbW\
2\x15#\x10\x07\x01G:r\xdd\xb2\xaa\xb3\xd5\xfa\xce\
t\x15\xb2\xaa\x0f\x84\x00\xeb\x07\x92\x0e$N\x80\x00\x90\
\xb8!\xa7\xc3Q\x10He\x1a\xe4\x8ew\x9e\x94{\xdf\
{.\x0a\xe5\x18\xd5\xd0\x95\xcfJ*]g\xb4\x0e\x1a\
#\x80@\xf5\x05\x08\x00\xd57g\x8b\x08\x14\x05\xba\x0b\
9\xe9\xca\xe7\xac\xd7\xd0\x1fe\xf0\xfe\xdf\xfaa\xa4\x03\
\x09\x14 \x00$p\xd0\xe9r4\x04\xf4a3&\xa7\
\x01D\x03\x94*\x10@ \x90\x00'\x01\x06\xe2ba\
\x04\x10@\x00\x01\x04\xe2!@\x00\x88\xc78\xd2\x0b\x04\
\x10@\x00\x01\x04\x02\x09\x10\x00\x02q\xb10\x02\x08 \
\x80\x00\x02\xf1\x10 \x00\xc4c\x1c\xe9\x05\x02\x08 \x80\
\x00\x02\x81\x04\x08\x00\x81\xb8X\x18\x01\x04\x10@\x00\x81\
x\x08\x10\x00\xe21\x8e\xf4\x02\x01\x04\x10@\x00\x81@\
\x02\x04\x80@\\,\x8c\x00\x02\x08 \x80@<\x04\x08\
\x00\xf1\x18Gz\x81\x00\x02\x08 \x80@ \x01\x02@\
 .\x16F\x00\x01\x04\x10@ \x1e\x02\x04\x80x\x8c\
#\xbd@\x00\x01\x04\x10@ \x90\x00\x01 \x10\x17\x0b\
#\x80\x00\x02\x08 \x10\x0f\x01\x02@<\xc6\x91^ \
\x80\x00\x02\x08 \x10H\x80\x00\x10\x88\x8b\x85\x11@\x00\
\x01\x04\x10\x88\x87\x00\x01 \x1e\xe3H/\x10@\x00\x01\
\x04\x10\x08$@\x00\x08\xc4\xc5\xc2\x08 \x80\x00\x02\x08\
\xc4C\x80\x00\x10\x8fq\xa4\x17\x08 \x80\x00\x02\x08\x04\
\x12 \x00\x04\xe2ba\x04\x10@\x00\x01\x04\xe2!@\
\x00\x88\xc78\xd2\x0b\x04\x10@\x00\x01\x04\x02\x09\x10\x00\
\x02q\xb10\x02\x08 \x80\x00\x02\xf1\x10 \x00\xc4c\
\x1c\xe9\x05\x02\x08 \x80\x00\x02\x81\x04\x08\x00\x81\xb8X\
\x18\x01\x04\x10@\x00\x81x\x08\x10\x00\xe21\x8e\xf4\x02\
\x01\x04\x10@\x00\x81@\x02\x04\x80@\\,\x8c\x00\x02\
\x08 \x80@<\x04\x08\x00\xf1\x18Gz\x81\x00\x02\x08\
 \x80@ \x01\x02@ .\x16F\x00\x01\x04\x10@\
 \x1e\x02\x04\x80x\x8c#\xbd@\x00\x01\x04\x10@ \
\x90\x00\x01 \x10\x17\x0b#\x80\x00\x02\x08 \x10\x0f\x01\
\x02@<\xc6\x91^ \x80\x00\x02\x08 \x10H\x80\x00\
\x10\x88\x8b\x85\x11@\x00\x01\x04\x10\x88\x87\x00\x01 \x1e\
\xe3H/\x10@\x00\x01\x04\x10\x08$@\x00\x08\xc4\xc5\
\xc2\x08 \x80\x00\x02\x08\xc4C\x80\x00\x10\x8fq\xa4\x17\
\x08 \x80\x00\x02\x08\x04\x12 \x00\x04\xe2ba\x04\x10\
@\x00\x01\x04\xe2!@\x00\x88\xc78\xd2\x0b\x04\x10@\
\x00\x01\x04\x02\x09\x10\x00\x02q\xb10\x02\x08 \x80\x00\
\x02\xf1\x10 \x00\xc4c\x1c\xe9\x05\x02\x08 \x80\x00\x02\
\x81\x04\x08\x00\x81\xb8X\x18\x01\x04\x10@\x00\x81x\x08\
\x10\x00\xe21\x8e\xf4\x02\x01\x04\x10@\x00\x81@\x02\x04\
\x80@\\,\x8c\x00\x02\x08 \x80@<\x04\x08\x00\xf1\
\x18Gz\x81\x00\x02\x08 \x80@ \x01\x02@ .\
\x16F\x00\x01\x04\x10@ \x1e\x02\x04\x80x\x8c#\xbd\
@\x00\x01\x04\x10@ \x90\x00\x01 \x10\x17\x0b#\x80\
\x00\x02\x08 \x10\x0f\x01\x02@<\xc6\x91^ \x80\x00\
\x02\x08 \x10H\x80\x00\x10\x88\x8b\x85\x11@\x00\x01\x04\
\x10\x88\x87\x00\x01 \x1e\xe3H/\x10@\x00\x01\x04\x10\
\x08$@\x00\x08\xc4\xc5\xc2\x08 \x80\x00\x02\x08\xc4C\
\x80\x00\x10\x8fq\xa4\x17\x08 \x80\x00\x02\x08\x04\x12 \
\x00\x04\xe2ba\x04\x10@\x00\x01\x04\xe2!@\x00\x88\
\xc78\xd2\x0b\x04\x10@\x00\x01\x04\x02\x09\x10\x00\x02q\
\xb10\x02\x08 \x80\x00\x02\xf1\x10 \x00\xc4c\x1c\xe9\
\x05\x02\x08 \x80\x00\x02\x81\x04\x08\x00\x81\xb8X\x18\x01\
\x04\x10@\x00\x81x\x08\x10\x00\xe21\x8e\xf4\x02\x01\x04\
\x10@\x00\x81@\x02\x04\x80@\\,\x8c\x00\x02\x08 \
\x80@<\x04\x08\x00\xf1\x18Gz\x81\x00\x02\x08 \x80\
@ \x01\x02@ .\x16F\x00\x01\x04\x10@ \x1e\
\x02\x04\x80x\x8c#\xbd@\x00\x01\x04\x10@ \x90\x00\
\x01 \x10\x17\x0b#\x80\x00\x02\x08 \x10\x0f\x01\x02@\
<\xc6\x91^ \x80\x00\x02\x08 \x10H\x80\x00\x10\x88\
\x8b\x85\x11@\x00\x01\x04\x10\x88\x87\x00\x01 \x1e\xe3H\
/\x10@\x00\x01\x04\x10\x08$@\x00\x08\xc4\xc5\xc2\x08\
 \x80\x00\x02\x08\xc4C\x80\x00\x10\x8fq\xa4\x17\x08 \
\x80\x00\x02\x08\x04\x12 \x00\x04\xe2ba\x04\x10@\x00\
\x01\x04\xe2!@\x00\x88\xc78\xd2\x0b\x04\x10@\x00\x01\
\x04\x02\x09\x10\x00\x02q\xb10\x02\x08 \x80\x00\x02\xf1\
\x10 \x00\xc4c\x1c\xe9\x05\x02\x08 \x80\x00\x02\x81\x04\
\x08\x00\x81\xb8X\x18\x01\x04\x10@\x00\x81x\x08\x10\x00\
\xe21\x8e\xf4\x02\x01\x04\x10@\x00\x81@\x02\x04\x80@\
\\,\x8c\x00\x02\x08 \x80@<\x04\x08\x00\xf1\x18G\
z\x81\x00\x02\x08 \x80@ \x01\x02@ .\x16F\
\x00\x01\x04\x10@ \x1e\x02\x04\x80x\x8c#\xbd@\x00\
\x01\x04\x10@ \x90\x00\x01 \x10\x17\x0b#\x80\x00\x02\
\x08 \x10\x0f\x81t<\xbaaY/\x1cGd\xc3\x97\
e\xa5S.\x02\x08 \x90X\x81\xe2\xef\xed\xf8\xf4\x9e\
\x00P\xc5\xb1t\xd4\xce\xe38\xae8\xd9\xbc\xb8\xd9\xac\
\xb8\xea\xef\xbc\x10@\x00\x01\x04,\x11P\xbf\xc3\xdd\\\
\xc1\x92b7]&\x01`\xd3F\xa1,\x91J\xa5$\
\xdbU\x90y\x1f\xcc\x14w\xdeli\xf6\xf2*\x0c\xa8\
\x99\x00^\x08 \x80\x00\x02\xf6\x08\xf8\xfe\xfa\x19\\{\
*\xee\xb5R\x02@\xaf4\xe1\xfc\xc0u]\xf1=G\
\x96\xce_.\xb3fL\x93\xf6\xf6\x16I\xa9\xef\x15\x0f\
\xfezG\xe2\x85\x00\x02\x08 \x80@\x0d\x04\x08\x00\x15\
B\xd7o\xee]7#\xad\xab\xdb\xd4\x81\x7f\xba\xacX\
\xb6H\x1d\xf4}\xd13\x01\xbc\x10@\x00\x01\x04\x10\xa8\
\xb5\x00\x01\xa0\x02#\xb0a\xba\x7f\xfe\xac\x192\x7f\xee\
\x07\x92\xcfw\xa90\xa0\x0f\xfcL\xf9W\x80\x9bU\"\
\x80\x00\x02\x08\x94!@\x00(\x03\xad\xb7&\x1fM\xf7\
/\\!\xb3\xdfW\xd3\xfdmk\xc4Q\xd3\xfd\xeb\x0f\
\xfe\xbd\xb5\xe2\xfb\x08 \x80\x00\x02\x08T_\x80\x00\x10\
\x82\xf9\x86\xe9\xfe\xb6\x96vu\xe0\x9f.\xcb\x97-T\
k\xf5\xc5e\xba?\x04]V\x81\x00\x02\x08 P\x09\
\x01\x02\x80\xa1\xaa\x9e\xee\xcf\xa9\xb3\xfb\xe7\xcc\x9e\xa9\xa6\
\xfbgJ.\xc7t\xbf!)\xcd\x11@\x00\x01\x04\xaa\
 @\x00(\x13\xd9u\xd5\xe7\xf9~J\x96\xe9\xe9\xfe\
\x19\xefJ[+\xd3\xfdeR\xd2\x0c\x01\x04\x10@\xa0\
\x06\x02\x04\x80\x80\xe8\xeb\xa7\xfb\xd3\xd2\xd6\xb2NM\xf7\
\xbf\xaf\xa6\xfb\x17\xa850\xdd\x1f\x90\x91\xc5\x11@\x00\
\x01\x04j,@\x00\x080\x00n\xca\x95|\xb7/s\
f\xcdR\xd3\xfd3$\x97U\xd3\xfd\xc5\xcf\xf99\xbb\
?\x00#\x8b\"\x80\x00\x02\x08D@\x80\x00P\xc2 \
l\x98\xee_\xb1h\x85\xccRg\xf7\xb7\xb5\xae^\x7f\
v?'\xf9\x95\xa0\xc7\"\x08 \x80\x00\x02Q\x14 \
\x00\xf41*\x1b\xa6\xfb\xdb\xd7v\xa8\x03\xbf\x9a\xee_\
\xaa\xa6\xfb}\x8f\xb3\xfb\xfb0\xe3G\x08 \x80\x00\x02\
v\x08\x10\x00z\x19\xa7\x0d\xd3\xfds\xe7\xcc\x96\xf9s\
fH6\xdb\xb9\xfez~\x1e\xe0\xd3\x8b\x18\xdfF\x00\
\x01\x04\x10\xb0I\x80\x00\xb0\xd1h\xe9\xe9~_\x9d\xdd\
\xbfb\xf1\xca\xe2\xcd|Z\xd7\xae\xe2f>\x1b\x19\xf1\
O\x04\x10@\x00\x01\xfb\x05\x08\x00\x1f\x8e\xe1G\xd3\xfd\
\xad\x9d\xc5\xb3\xfb\x97-\x99\xaf\x82\x00\xd3\xfd\xf6\xef\xe2\
\xf4\x00\x01\x04\x10@\xa0'\x01\x02\x80R)N\xf7g\
E\xe6\xcd\x99#\xf3f\xbf/\xdd\xdd\x9d\xc5\x87\xf68\
L\xf7\xf7\xb4\xcf\xf0=\x04\x10@\x00\x81\x18\x08$:\
\x008j\xba\xdf\x91\x94\xac\\\xbc\xaaxv\x7f\xeb\xda\
\x95\xc5\xe9~\x9e\xd8\x17\x83=\x9b. \x80\x00\x02\x08\
\xf4)\x90\xc8\x00\xb0a\xba\x7f\x9d\x9e\xee\x9f1C\x96\
-\x9e'\x1e\xd3\xfd}\xee(\xfc\x10\x01\x04\x10@ \
^\x02\x89\x0b\x00\xff\x9a\xee\x9f\xab\xce\xee\x7f_\xba\xba\
:\x8a\xd3\xfd.\xd3\xfd\xf1\xda\xb3\xe9\x0d\x02\x08 \x80\
@\x9f\x02\x89\x09\x00\x1b\xa6\xfbW-Y]\x9c\xee_\
\xdb\xb2\x82\xe9\xfe>w\x0d~\x88\x00\x02\x08 \x10g\
\x81\xd8\x07\x00}\xe0O\xa53\xb2\xae\xa5C\x9d\xdd\xff\
\xae,]<WM\xf7\x17\xb8\x99O\x9c\xf7j\xfa\x86\
\x00\x02\x08 \xb0I\x81\xf8\x06\x00u{\xfeT]Z\
\xdcNg\xd5\xf29K&\xbd\xfb\xc1\xd4c\xbb:\xd6\
}8\xdd\x9f\xda$\x0c\x0b \x80\x00\x02\x08 \x10g\
\x017\x8e\x9ds3)q\xd5\xcd|\xdc\xb5\xa9\x09\x8d\
K\x1a\x0fy\xf9\x9f\xcf\xfd*\x97\xef.\x1e\xfc\xe3\xd8\
_\xfa\x84\x00\x02\x08 \x80@P\x81X\xcd\x00\x14\xa7\
\xfb3\x19\xf1\xdb\xbd\xf7\xd2\xab\xdd\xab\xef;\xf7\xba\x87\
4\xc8\xa0\xb3F\x8fr\xd4\xa9\xff\xbe\xfa\x1f/\x04\x10\
@\x00\x01\x04\x10\x10\x89G\x00\xd0\xd3\xfd\x19\xd5\x95.\
i\xf7W\xe6nLM\x97_\xdc\xf7\xf3q+\x19`\
\x04\x10@\x00\x01\x04\x10\xe8Y\xc0\xfa\x00\xa0\xa7\xfb%\
\xaf\xee\xe6\xd7\xea\xfc\xd5mI\x8d\xbd\xef\xbcqSz\
\xee*\xdfE\x00\x01\x04\x10@\x00\x81\x0d\x02\xd6\x06\x80\
\x8fM\xf7\xbf\x9fiq\xaf\xbe\xf7\x9c\xeb\x1fT\x9db\
\x8e\x7f\xc3\xc8\xf2'\x02\x08 \x80\x00\x02}\x08\xd8\x17\
\x006L\xf7w\xca:gU\xfe&oV\xf7\xcf\xef\
\xbd\xee\xd7+\xfa\xe8#?B\x00\x01\x04\x10@\x00\x81\
\x8d\x04\xac\x0a\x00n\xda\x15\xa7\xa0\xee\xdf\xdf\xe6>\x92\
Y\xed\x8e\xbd\xe7\xfc\x9f\xbe\xb1Q\x7f\xf8'\x02\x08 \
\x80\x00\x02\x08\x94 `E\x00X?\xdd\xafJm\xf7\
g\xa6\xd6\xc85\xf7}\xef\xfa\xfbU\xdf\xbc\x12\xfa\xc7\
\"\x08 \x80\x00\x02\x08 \xd0\x83@\xb4\x03\xc0\x87\xd3\
\xfdN\x97\xa3\xa6\xfb\xbd[\x9d\xd9\xd9\x9f\xdd\xf7\xd3_\
-\xeb\xa1\x1f|\x0b\x01\x04\x10@\x00\x01\x04\x02\x08D\
6\x00\x14\xa7\xfb=5\xe5\xdf\xea>\xd6\xb06s\xd5\
\x1f\xce\xbdvr\x80~\xb1(\x02\x08 \x80\x00\x02\x08\
\xf4!\x10\xbd\x00\xa0\xee\xdd\x9f\xd6\xd7\xf4\xb7\xfb\xb3R\
-\xfe\xff\xc9\x9ds\xfd\xbd\x7f\x10)\xf4\xd1\x07~\x84\
\x00\x02\x08 \x80\x00\x02\x01\x05\xa2\x13\x006\x9c\xdd\x9f\
u:\xfc\xe5\xdeo\xfd\xf7d\xdc\x9f\xc6\x8f_\x1a\xb0\
?,\x8e\x00\x02\x08 \x80\x00\x02%\x08D\"\x00l\
\x98\xeeO\xb5\xb9OdV\xa6\xae\xbe\xfb\xc2\x9fL*\
\xa1v\x16A`\x93\x02y\xaf \xdd\xb9\xeeM.W\
\x89\x05\xd4\xf5*\xb2\xfe\xff\x1cq\xd5\xad\xa8\x1d\xc7-\
\xfe\xe9\xea?\xdd\xca?\x86\xa3;\x9f\x15\xdf\x8f\xff\xb9\
\xb2\xae\x93\x92:\xf5\xc4\xcfM\xbd\xf2\x85\x82\xe4\xbd\xdc\
\xa6\x16\x0b\xf5\xe7\x9e\xa7o@\xbe\xfe\xf6$z\x7f\xd0\
\xb7$\xd7_z\x7f\xd0\xfb\xc1\xfa\xbf\xaf\xff3\xd4\x0d\
\xb32\x04J\x10\xa8m\x00(N\xf7\xab\xffp\xdb\xbd\
9n\x8b\\\xbb\xe4\x9c\x7f\xfeq\xa2LT\xf7\xf5\xe3\
\x85\x80\xb9@.\x9f\x93}G\xed%\xdf=\xf2\x0c\xf3\
\x95\x05\\CV\x1d|;\xb3]\xd2\xd6\xd9.\xab\xda\
\xd7\xc8\xd2\x96\xe52\x7f\xd5bY\xd6\xb2B\xd6t\xb4\
\xc8\x9a\xf6\x16)x\x9e\xa4\xdd\xd4\x87O\xa8\x0c/\x10\
\xf8\xbe\xaf\x0e\x88ur\xcd\x98\x1f\xc8\xd6CG\x06\xac\
\xdc\xbe\xc5\xa7\xcc{Wn|\xfc\xf7\xc5\x03\xad>\xc8\
\xf6\xf4\xd2a\xe8\xcb\x9f=F\xbeq\xc0\x09=\xfd\xb8\
b\xdf\xd3\xa1#[\xc8\xaa\x10\x9a\x95\x8el\xa7\x1a\xf7\
\xb5\xb2t\xedrY\xb0r\xb1,Z\xb3\xa4\xb8\x1f\xac\
l[]\xfcyq_\xd0\xfb\x83\xfa\xe2\x85@5\x04\
j\x13\x00>\x9a\xee\x97Nw\x85\x7f\x9b\xff^\xc7\xb8\
\xfb\xc7\xdd\xb4\xb8\x1a\x1df\x1b\xc9\x11(\xa8w\xff\xdb\
\x0c\xdbJ\xc6\xec\xff\xa5\xc8t\xba\xb5\xa3M\xe6\xadZ\
$\xb3\x97\xcd\x95\xc9s\xde\x92\x7f\xbc\xff\xba\xccX2\
K\xf4A@\xff\xe2\xcf\xa4\xd2\xc5w\x85\xa6\x05\xeb\x19\
\x86c\xf7\xf8\x82\xec0b[\xd3UE\xbe}sc\
s1\x00\xf4U\xa8\xde\x17v\xda\xf2\xd3\xf2\xe5\xcf}\
\xb1\xaf\xc5\xaa\xfa3=3\xb5@\x85\xc2\xd9\xcb\xe7\x8b\
\x0e1/M\x7fU\xde]\xf8~1,\xea\x99\x01\xbd\
/\xe8Y\x02^\x08TJ\xa0\xea\x01\xa08\xdd\xef\xab\
)\xd06\xe7igu\xe1\xea\xfb\xcf\xff\xd9+\x95\xea\
\x1c\xebE@\xff\xe2\x8f\xd2\xab\xb9i\x80\xec\xde\xb4\x93\
\xec\xbe\xf5N\xc5\x83\x91\xa7f\x01\xa6-\x9a!/\xbc\
\xf7\x8a\xfce\xd2\xe3\xf2\xc6\xbcw\xa4K\xcd\x1c\xd4\xab\
w\xf0\xfa `\xf2\xea\xaa\xd1G\x1f&5\x97\xd3V\
\xcf\xb6\x94\xf2\xca\x17\xa25\xb9X\x9f\xa9\x97Q#\xb6\
+~\x1d\xfd\x99C\xe5\xf2/\x9d\xab\x82\xe1<y\xe9\
\xfdI2\xe1\xb5G\xe5\x9f3\xdf\x10\x1d\x18\xeb3u\
\x04\x81R\x06\x98e\x02\x0bT/\x00|4\xdd_\x98\
\xe7\xb6\xbb?\x1e\xf0\xed\xd5\x7f\xb8Mn\xab\xee\x07r\
\x81yh\x80@e\x05\xf4;\xf5\xddT\x18\xd0_g\
\x1fq\x9a\xfa\xe5\xff\x9a\xdc\xfe\xfc\xbd\xf2\xe4\xd4\x89\xd2\
\xd9\xad\x82\x80\xfa\xe5\xcf+9\x02\xdb\x0f\xff\x94\xe8\xaf\
3\x0e\x19#\xaf\xcd\x9a\"wN|@\xfe\xfa\xfa\x13\
\xd2\xd2\xd1\x1aJ(L\x8e$=-E\xa0\xf2\x01\xe0\
\xc3\xe9~'\xabn\xe7\xb3\xd2\xbf=;\xad\xeb\xfa\x09\
\xe3~\xbd\xb0\x94\xe2X\x06\x81$\x09dR\x199|\
\x97\xcf\x17\xbf^\x98\xf6\x0f\x19\xf7\xc8-\xc5\x99\x81\xb4\
\x9bV\x1f\x0f0\x15\x9c\xa4}A\xf7u\x9f\x1d\xf6,\
~}\xe7\x0b\xa7\xca\xf8\xbf\xdd\"\x8f\xbe\xf9l\xf1\xfe\
\xa7\xe9\x14\xe7\x08$m_\xa8T\x7f+\x1a\x00\x1cu\
\xef~WO\xf7\xb7\xbb\xcfy+\x0bW\xfd\xe9\x82\xf1\
/W\xaa#\xac\x17\x818\x09\x1c\xaa\x82\xc0>\xea\x04\
\xc6\xdb\x9e\xb9G\xc6?r\xb3\xb4\xaa\x93\x09K9\xd3\
=N\x06\xf4e\xbd\xc0^\xdb\xed.\xf7\x9c\x7f\xb3\xdc\
\xfb\xd2\x04\xb9\xf6\xcf\xff#\x8b[\x96\x15g\x03\xf0A\
\xc0T\xa02o+\xf4t\x7f}F\xdc.gAj\
\x99sN\xe1\xc7\xb3\x8e}\x90\x83\xbf\xe9X\xd1>a\
\x02Mu\x8dr\xd1q\xdf\x91\xfb.\xbc\xb58-\xac\
\xcfd\xe7\x95L\x01}2\xe0\xe9\x07\x7f]&\\z\
\x87\xec\xb3\xfd\x9e\xea<\x91\xda\\\xda\x9aL\xfd\xf8\xf6\
:\xf4\x00\x90\xaaS\xd3\x95^\xaa\xdbY-\xb7\xfao\
d\x0f\xba\xff\xbb7\xfc\xf6\xa1w\x1f\xe27W|\xf7\
!zVa\x81Cw>@\x1e\xfc\xfeoe\xb7\xad\
FK\xa9'\xbcU\xb8$V_#\x01}\xae\xc8\x03\
\xdf\xff\x8d\x1c\xb9\xfb\xc1\x92\x94\x93<kD\x9d\x88\xcd\
\x86\x16\x00\xf4t\x7fJ\xdd\x8c\xc3ms_H/(\
\x1c\xfd\xc0\x197\x9c\xfb\xd0\x0d\xbf\x9a\x9f\x08E:\x89\
@\x85\x05F\x8f\x1c%w\x9fw\x93:c|{\xc9\
\x158w\xb6\xc2\xdc\x91^\xfd\xf0\x81\x9b\xc9\xed\xe7\xfc\
B\x0e\x1a\xbdo\xcdnr\x15i \x8a+Y\xc0<\
\x00\xfck\xba\x7fQj\x99\x7f^\xc3\x95K\xbfx\xdf\
E?\x7f\xb1\xe4\x0aX\x10\x01\x04J\x12\xd8q\x8b\xed\
\xe5\xd6o]/\x03\xd5u\xef\xfa&B\xbc\x92+0\
l\xc0\x10\xb9E\xed\x0b\xfa\x8a\x81\xa8]\xde\x98\xdcQ\
\xb1\xaf\xe7F\x01@\xdd\xe0\xb2\xde-\xa4r\xceJ\xe7\
\xb6\xfc\xcc\x8e\x03\xef?{\xdc-w\xcd\xbd\xab\xcb>\
\x06*F\xc0\x0e\x81\xfd?\xfdY\xb9\xe2+\x17J!\
b\xd7\xb4\xdb\xa1\x17\xaf*w\x18\xbe\xad\xfc\xe4\xa4+\
%\xadn\x18\xb4\xe1v\xc3\xf1\xea!\xbd\xa9\xb4\x80Q\
\x00\xc8t\xa4_\xf0\xe6d\xbf\xf4\xc0\x99\xd7\x7fw\xc2\
\x7f\xdd<\xaf\xd2\xc5\xb2~\x04\x10\x109\xeb\xf0\x93\xe5\
\xe0\x9d\xf7\xe7|\x00v\x069~\xaf#\xe5k\xfb\x1e\
_\xbc\x950\x1c\x08\x04\x150\xba\x0c\xf0O\xa7\x8d\xbb\
<\xe8\x06Y\x1e\x01\x04\xcc\x04\x1a\xd4\x1d\xe4.\xfd\xb7\
s\xd4\x9d\xe2&\xab\x87\xfd\xf8\xbd\xde10)\xf7\x94\
O\xf2=\x12\xf4C\x85.:\xeely|\xeas\xd2\
\xde\xd5Q|\xc8\x90\xd9\xdeE\xeb$\x09\x18\x05\x80$\
A\xd1W\x04\x16\xafY\xaa\xee\xdb?\xbb\x8f\x87\xb5\xf8\
\xea\xfe\xed\x19\x19\xdco\xa0\x0cT_\xc3\x07\x0e\xd3\xcf\
\x7f\xab\x08\xdc\xa1\xbb\x1c \x07\xaa\x93\xc0\x9e\x9f\xf6r\
\x8f\xd7\x84\xeb`\xb0D]/\xde\xdc\xd4_\x85\x04\xf3\
\x12\xf4m\x897o\x1eZ\x9cn6]\x9b\xa7\x9eP\
\xb8T=\x14I\xd7h\xfa\xd2wK^\xde\xba\xcat\
5\x81\xdb\xdf\xfd\xe2\x83\xf2\xd8\x94\xe7D\x87\xb1\xde^\
\xfa^\xfe\x83\xfb\x0d\x92\xed6\xdfF\xf6V\xd7\xf2\xef\
\xac\x9eE\xd0\xdc8\xa0\xb7\xc5\xcb\xfe\xfe\xce[\xed(\
\xc7\xecq\xb8\xdc\xff\xf2\xc3}\xd6S\xf6\x06h\x18[\
\x01\x02@l\x87\x96\x8e\x85-\xf0\xc8\xe4\xa7\xe4\xfc;\
\xae\x94\xfe\x0d\xfd\xfa\\\xb5\xfeLv\xf8\xa0\xcd\xe4\xd3\
\xea>\xef_\xd8\xf5 \xf9\xda~\xc7\xcb\xc8\xc1#\xfa\
l\x13\xf4\x87\xfa\xee\x80'\xaa'\xdbMTw\x0c\xd4\
\x87\xd1\x8f\xc7\x0c}\xb0\xd6OB\xfc\xf6m\x97\xaa\xa7\
\x0d\xea\xff\xc4\xcd\x0e\xb4\x9e:P7\xd57\xc8\xc3\x97\
\xdcY<\xe9,h\xad\x1b/\xbfV\xdd\xd6\xf6\xf8\x1b\
NS\xefX\xd7\x19\xbfc\xd5\x01k\xc3\xfd\x11*\x15\
\xb66\xae_\xff{\xf2\xec\xb7\xe4O/O\x90\xc6\xfa\
\xbe\xf6\x05=;\xa3n\x84\xa6\xbet\x18\x18\xbd\xe5(\
9q\xff\x13\xe4\xac\xc3NV\xc1,\xbc \xa0\xc7\xfe\
\x1bj\xbd\x7f\xfe\xe7\xdfz*\x95\xef!\xd0\xab\x00\x01\
\xa0W\x1a~\x80\xc0\xff\x16\xd0\x07V}\xef~\xfd\xd5\
\xd7\xab\xe0\x17d\xa1z\xca\xdb\\\xf5\x94\xb7\xa7\xdez\
Any\xea.\xb9\xf8\xf8\xb3\xe5[\x87\x9f\xd2\xc7\xec\
A_k\xec\xf9g\x87\xed\xfay\x19\xd6<DZ\xd6\
\xad-\x1eh>\xbe\x94>)l\xb5z\x0cq\x08o\
\xb2E\x07\x80~\xf5\x8d\xea\xca\x83p\x1e\xac\xa4\xd7\xb7\
b\xedJi\x0d!\x00\xe8>\xebY\x80j?5/\
\xa3.y\xaeW7jj\xack\xf88{\x9f\x7f\x7f\
w\xc1t\xb9r\xee\xbb\xeaA?\x8f\xcb\x8d\xdf\xbcV\
\xf6\xdcv\xb7>\x97\x0f\xf2\xc3}v\xd8\xa3\xf8\xe4\xcb\
y+\x17\x84\xba\x8f\x05\xa9\x81e\xed\x13\xe8\xfb7\x99\
}\xfd\xa1b\x04j.\xa0\xdf\x89\xea\xcf\xdf\xf5\xd3\xde\
\xf4\x14\xf1\xe25\xcb\xe4\x92?\x8e\x95+\x1f\xb8.\xd4\
\xcb\xf7\xf4\xac\xc2\x9e\xdb\xec\xda\xebe`\xfa\xa0\xa8?\
\x1f\x0f\xeb+LX\x1d\xa2\xc2\xaa\xab\xda\x07\xffr\x1d\
\xf4\xc7C:0L\x9e=UN\xbf\xf9\x02\x99\xbe\xf8\
\x83rW\xf5\x89v\x83\x9a\x06\xca\xee\xdb\xec,Y\xee\
\x11\xf1\x09\x1b\xbe\xd1\xbb\x00\x01\xa0w\x1b~\x82@(\
\x02\xfa\xe1-u\xea\x97\xff\xcdO\xde!\xbf}\xe6\xee\
P\xd6\xa9W\xa2\x0f|\x9fS\xef\xfc\xf2\x85p\xde\x99\
\x87V\x18+\xeaS@\x87\xc2Y\xcb\xe6\xc8\x7f\xaa@\
\xa8?\xaa\x09\xe3\xa5g\xa7F\x8f\xdcAE\xcf\x8f\x7f\
\x18\x14\xc6\x9aYG\x9c\x05\x08\x00q\x1e]\xfa\x16\x19\
\x01\xfd\x0b:\xa5>\x07\xfe\xe5\xe3\xbf\x93\x85\xab\x97\x84\
V\xd7\x0e\xc3\xb7+~\xbe\xccu\xe0\xa1\x91VeE\
\x0d\x99\x06y\xee\xdd\x97\xe4\xef\xd3_\x0dm{\xdb\xab\
\x93\x0d\xd7\x9f\xf3\x11\xda*YQ\xcc\x05\x08\x001\x1f\
`\xba\x17\x1d\x81\xb4\xfaX`\xd1\xaa%2\xe1\xd5G\
C+j\xe4\xe0\xcd\xd5g\xd1\xeaLt\xb3\xf3\xfcB\
\xab\x87\x15\x95&\xa0\x03\xa1~\xa0\xcf\xd3o\xbfPZ\
\x83\x12\x96\xdal\xc0\xd0\xe2\xc7*%,\xca\"\x08\x14\
\x05\x08\x00\xec\x08\x08TS@\xcd\xd0\xbe<\xe3\xb5\xe2\
\x89ualV\x7f\xf6\xab?[\xe6e\x9f\x80\xbeZ\
\xe4\xady\xef\x85r9\xa4\xee}\xa3:Q\x93O\x00\
\xec\xdb\x0fjY1\x01\xa0\x96\xfal;q\x02\xfa\x97\
\xfe\x1cuu@g\xb63\x94\xbe7\xa8\x93\xca\xf4\xb9\
\x00|\x04\x10\x0agUW\xa2o\xe2\xb3\xa2m\x95\x0a\
\x83<\xd7\xa1\xaa\xf0l\xec#\x01\x02\xc0G\x14\xfc\x05\
\x81\xca\x0b\xe8_\xfak\xd6\xb5\x84v\x1b_=\x95\xcc\
i_\x95\x1f\xb7\xcal\xc1)\xee\x07a\xdc\x10\xa92\
\xf5\xb1\xd6\xb8\x0b\x10\x00\xe2>\xc2\xf4/R\x02\xfap\
\x9d\xcde\xc5\xe3i~\x91\x1a\x17\x8aA \x89\x02\x04\
\x80$\x8e:}\xae\xa9\x00\xe7\xeb\xd5\x94\x9f\x8d#\x80\
\xc0\x87\x02\x04\x00v\x05\x04\x10@\x00\x01\x04\x12(@\
\x00H\xe0\xa0\xd3e\x04\x10@\x00\x01\x04\x08\x00\xec\x03\
\x08 \x80@M\x04|u\xdd~j\xfd\xc3\x0cj\xb2\
}6\x9at\x01\x02@\xd2\xf7\x00\xfa_U\x01}\xb9\
\x9e\xbe\x14\xd0\xd9\xc4\x03\x85\xaaZ\x14\x1b\xab\x89\x80\xde\
\x17\x9a\x1b\xfb\xab\xcb8\xc3\xb9\x8e#\xaf\x9f\x03\xc0\x09\
&5\x19K[7J\x00\xb0u\xe4\xa8\xdbJ\x01}\
\xc9W\xff\x86&u\xcbV\xf5\xce\x8fW\xa2\x05\x0a\xea\
J\x90\xed7\xffThO2\\\xb3\xae\x95{\x0a$\
z\x8f\x0a\xdey\x02@p3Z P\xb6\x80\xfe\xa5\
\xbf\xc5\xa0\xe1\xea)\x81\xa5?F\xb6\xaf\x8d\x15\x0a\xf9\
\x0f\xef$\x17\xce\xbb\xc8\xbe\xb6\xc5\xcf\xc2\x15\xd0a\xf0\
\xc0\x9d\xf6\x09m\xa5\xfa\xf1\xd3\xf9\x90\x1e\xd9\x1cZQ\
\xac(\xd2\x02\x04\x80H\x0f\x0f\xc5\xc5M\xa0\xe0\xe5e\
\xe7-w\x94:\xf5<\xf90^\xed\xdd\xeb\xd4/\xfd\
<7\x03\x0a\x03\xb3\x8a\xeb\xd0\x07\xeam\x86m)\xc7\
|\xe6\xf0\xd0\xb6:m\xd1L\xee/\x11\x9af2V\
D\x00H\xc68\xd3\xcb\x08\x08\xe8w|\xfaQ\xb0\xc7\
\xee\x19\xde/\xfd\x15\xad\xab\xd5\xdd\xe4\xc2y\xa4l\x04\
\x88\x12Q\x82\xde\x0frj\xe6\xe6\xc2/~G\xb6\x1c\
\xb2E(}n\xedh\x93\xa9\xf3\xde->\x192\x94\
\x15\xb2\x92D\x08\x10\x00\x121\xcct2\x0a\x02\xd9|\
V\xf6\x1d\xb5\xb7\x1c\xb6\xcb\x81\xa1\x95\xb3`\xe5\"\xe9\
\xcau\x8b\xbe%0\xaf\xe8\x0b\xe8w\xfe\xddj?8\
\xe7\xc83\xe4;G\x9c\x12Z\xc1\xaf\xcd\x9e*\x1f,\
\x9b[<\xc14\xb4\x95\xb2\xa2\xd8\x0b\xa4c\xdfC:\
\x88@\x04\x04\xf4;\xbe\xc1\xfd\x06\xc9\xd8\xaf_&\xf5\
\x99\xba\xd0*z{\xc1\xf4\xd0\xd6\xc5\x8a\xc2\x17\xd0\xef\
\xf6\xf5\xc3~\xf4\xb9\x1f\xfa\xa3\x9a\x91\x83\x87\xabw\xfe\
\xdf\x96s\x8f>3\xd4\xa78\xde\xf7\xf2\x04\xc9\xa9[\
L\x17\x1f\x0d\x1d~7XcL\x05\x08\x001\x1dX\
\xba\x15\x0d\x01}\x00\xd0\xef\xf8\x86\x0d\x18\"7\x9e\xf9\
c\xd9\xff\xd3\x9f\x0d\xad\xb0\x8e\xeeNy\xf5\x83\xc9\x92\
\x09\xe9|\x82\xd0\x0aK\xc0\x8a\xf4lNwwG\xaf\
=\xd5\xcf|\xd0\xd7\xf87\xd4\xd5\xcb\x90\xa6A\xb2\xd5\
\xd0-\xe4\xe8\xcf\x1c&c\xf6?A>=b\xbb^\
\xdb\x95\xf3\x837\xe6\xbc-\x8fOyN2\x99p\xce\
+)\xa7\x06\xda\xd8)@\x00\xb0s\xdc\xa8:\x82\x02\
\xc5K\xb0?|\xc7\xa7\xdf\xf5\xe5\x0b\x85\xe2\xbb\xfd\xa3\
v?D\xae\xfa\xda%\xb2\xf7v\x9f\x09\xb5j\xfd\x99\
\xef\x9c\xe5\x0b$\xa5\x1e\x07\xcc\xab\xba\x02\xdf\xf9\xc2i\
r\xf8\xae\x07\xf5~9\xa7\xfaH&\xa3\xee\xf7\xd0\xbf\
\xa1\x9f\x8c\x18\xb4\xb9l;l\xab\x8aL\xcf\x17\xd4G\
\x0a\xe3\xfe\xdfM\xa2\xcf\x01\x08sf\xa9\xba\x9al\xad\
V\x02\x04\x80Z\xc9\xb3]\xeb\x04\xf44~V\xbd\xeb\
\xeb\xe8\xe1\xf3vG\x1d\x84\xd3)\xf5\x8eO]\xde\xd7\
\xdc8@\x86\x0f\x1c&\xfb\xee\xb0\x97\x9c\xf0\xb9c\xe4\
\xe0\x9d\xf6\xab\xc8/\xff\xbf\xbc\xfe\x84\xacS\xb3\x00\x8d\
\xea]&\xaf\xea\x0a\xec\xbe\xcd\xce\xa2\xbfj\xfd\xbas\
\xe2\x03\xc5w\xff\x1c\xfck=\x12vn\x9f\x00`\xe7\
\xb8Qu\x0d\x04\x8e\xdb\xf3\x08y\xf8\xf2?JJ\xbd\
\xb3\xdb\xf8\xa5\xdf\x85g\xd2i\x19\xd0\xd0_6k\x1e\
*[\x0f\x1d\xa9.\xf5\x0b\xef\xb3\xfe\x8d\xb7\xb7p\xd5\
b\x990\xe9Q\xa9\xcb|\xb2\x96\x8d\x97\xe5\xdf\xf1\x14\
x\xe9\xfdIr\xcd\x9f\xff\x87\x13@\xe39\xbcU\xe9\
\x15\xbf=\xaa\xc2\xccF\xe2 \xb0\xdd\xe6\xdb\x88\xfe\x8a\
\xc2\xebw\xcf\xdf'\x8b\xd7,+^V\x18\x85z\xa8\
\xa1\xba\x02o\xcd\x9f&\xdf\xfb\xfd\xe5\xb2\xb6cm\xa8\
'\x13V\xb7\x17l\xad\xd6\x02|xX\xeb\x11`\xfb\
\x08\x04\x14\x982\xf7\x1d\xb9]\x05\x80\xba\x14'}\x05\
\xa4\x8b\xc5\xe2\xaf\xcdzSN\xbb\xe9|\x99\xbbb!\
\x07\xffX\x8ch\xed:A\x00\xa8\x9d=[F \xb0\
@[\xd7:\xb9\xe2\xfe\x9fHK\xfbZqy\xa0P\
`?\xdb\x1b<\xfc\xdacr\xf2\x8d\xdfS\x07\xff\xf9\
\xa1\xddM\xd2v\x13\xea/_\x80\x8f\x00\xca\xb7\xa3%\
\x02U\x15\xd0W\x16\\\xfd\xe0xyq\xfa\xabL\xfd\
WU\xbe\xf6\x1bk\xe9h\x95\xf1\x8f\xdc,\xbf}\xe6\
\x8f\xc5\xbb\x08f\x98\xfd\xa9\xfd\xa0\xc4\xa0\x02\x02@\x0c\
\x06\x91.\xc4_@\xdfO\xe0\xba\xbf\xdc(\xbf\x7f\xee\
\x1e.\xf7\x8a\xffp\x7f\xd4C}\xf3\xa0\xc7\xde|V\
]\xeaw\x8b\xbc9\xf7m\xa9W'\x96\xf2$\xc9\x8f\
x\xf8\x8b\xa1\x00\x01\xc0\x10\x90\xe6\x08TZ@_~\
x\xad:\xdb\xfbW\x8f\xdfV\xbc\x9cP\xdfd\x86W\
\xfc\x05Z;\xdb\xe4\xbc\xdb\xaf\x90\xbf\xbd\xf9t\xf1\x9e\
\x12\xfa9\x12\xbc\x10\x08S\x80\x00\x10\xa6&\xebB \
d\x01}\xa6\xff\x15\xf7\xffT\xfe<\xe9o\xc5\x93\xfe\
\xb8\xe7\x7f\xc8\xc0\x11^]\xa3\xba\xa7\x84\x9e\x01\xe8V\
\xb7\xf8m\xac\x0b\xe7\xf1\xd1\x11\xee.\xa5\xd5@\x80\x93\
\x00k\x80\xce&\x11(E\xe0\x917\x9e\x96\x13\xc6\x7f\
S\xfe\xef\xab\x8f\x14\xa7~9\xf8\x97\xa2\x16\x9fe\xf4\
-\x9e/?\xe1|\x19\xd4o\xa0\xe8\x8f\x80x!\x10\
\xb6\x00\x01 lQ\xd6\x87\x80\xa1\xc0\x9b\xea2\xbf\xb3\
~s\xb1\x9cy\xcb\x052c\xc9,N\xf83\xf4\xb4\
\xb9\xf9\x9e\xdb\xee*_\xdf\xef\xdf\xd4,@\xb7\xcd\xdd\
\xa0\xf6\x88\x0a\xf0\x11@D\x07\x86\xb2\x92%\x90\xcb\xe7\
\xe4\xb5\xd9S\xe4\x0f/<$\x8f\xaaw\xfek\xd4\x0d\
^\xf4\x09_\xfa~\xf2\xbc\xa2'\xf0\x8ez\x0a\xe3\xac\
e\xf3\x8a\xb7\x7f\xde\xb8:\xfdn]?\x03\xe0\xd0\x9d\
\x0f0\xbeK\x9f>\xdf\xe3\x82/~K\x1e\x99\xfc\x94\
\xb4\xac\xe3\xd2\xcf\x8d\xad\xf9\xb7\x99\x00\xbf]\xcc\xfch\
\x8d@\xd9\x02\xfa)\x81\xb3\x96\xce\x95g\xde~Q\x1e\
\x9b\xf2\xacL\x9e\xf3\x96\xe8'\xfc\xd5\xa9\xa9_N\xf8\
*\x9b\xb5*\x0do\x7f\xfe~\xb9\xf1\x89\xdfK\xbf\xfa\
\xa6Ol\xcfW\x97k\xea\xdb@\xff\xe5\x07w\xc9\xc1\
\xa3\xf7\xfb\xc4\xcf\x83~C?=\xf0\xb4\x83\xbf.?\
\xff\xdb\xad\x9c\x0b\x10\x14\x8f\xe5\xfb\x14 \x00\xf4\xc9\xc3\
\x0f\x11\x08G@?\xb5mu{\x8b\xach]%\xef\
-\x9a)\xffT\x8f\xf1\xd5w\xf4\x9b\xb6p\x86\xba\x9d\
kk\xf1\x9d\xa2\xbe\xb6\x9b\x03\x7f8\xde\x95^KJ\
\xdd\x84I\xcf\xce\xf46C\xd3\xa5\xa6\xecoz\xe2\x0e\
9p\xc7}\xc4\x0d\xe1i\x8d\xe7\x1cyz\xf1\\\x90\
%\xea\xa4P\xfd\x98a^\x08\x84!@\x00\x08C\x91\
u$B`\xee\xf2\xf92U\xdd\x83=\xe5\xf6\xfe\x9f\
\x8d/\xbete;\xa5]\xdd\xb1o\x8d:\xb0\xafX\
\xbbJ\x96\xb6,\x93ekW\xca\xd2\xb5\xcbe\xf1\xea\
\xa5\xc5'\xf8\xe9\x9b\xfa\xb8\xc5G\xc6f\xd4u\xfd\\\
\xde\x15\xb7\x1dH\x7f|\xf3\xcc;/\xca\xdf\xa7OR\
\x1f\x05\xeco\xdc\xbd-\x87l!\xdf>\xfcT\xb9\xea\
\xa1q\x04\x00cMV\xb0A\xa0\xf7\xdfd\x1b\x96\xe0\
O\x04\x10(\x0a<\xf1\xd6\xf3r\xee\xed?R\x9f\xef\
\xf6\xdf\x84\x88\x8a\x01\xea\xa4m\x1d\x06\x8ago\xab\x7f\
\xe8\xc7\x05\xebw\x8d\xfa\xdd\x9b\x9e\xe2\xe7\x15o\x01}\
\xc5FW\xb6[ny\xeaN9h\xa7}E?-\
\xd2\xf4u\xe6a\xdf\x90\xfb^\x9e 3\x97\xce\xe9u\
\xe6\xc1t\x1b\xb4O\x96\x80\xf9^\x99,/z\x9b`\
\x01=\x95\xab\xa7\xe97L\xfd\xf6\xfeg\xa6x\x90\xd7\
\xef\x02\xf5\x94~\x83\xba\x86[?\xaf=\xad\xa6\x8c\xb9\
\x94/9;Pq\x16@\x9d\xdf\xf1\xe2\xb4WB\xe9\
\xf4\xd0\xfeC\xe4\xdc\xa3\xcfT\xa1\xd2\x0be}\xac\x04\
\x01\x02\x00\xfb\x00\x02\x08 P\x01\x81\xe2,\x80:\x17\
\xe0f5\x0b\xa0\xcf\x01\x09\xe3u\xe2\x01_\x96\xbd\xb6\
\xdd]\xb2\xea\xaa\x11^\x08\x98\x0a\x10\x00L\x05i\x8f\
\x00\x02\x08\xf4\"\xa0g\x01\x9e\x7f\xf7ey!\xa4Y\
\x00}y\xa1\xbe,P\x9f?\xc2\x0b\x01S\x01\x02\x80\
\xa9 \xed\x11@\x00\x81^\x04\xf4,\x80\xbe\x89\xcfM\
O\xde\xa1n\xeb\x1b\xce,\xc0\x09\x9f;F\x0e\x1c\xbd\
\xaf\xe8\xcbHy!`\"@\x000\xd1\xa3-\x02\x08\
 \xb0\x09\x01}O\x80\x89\xd3\xfeQ\x9c\x09\xd8\xc4\xa2\
%\xfdX\xcf*\\t\xdcw8\x99\xb4$-\x16\xea\
K\x80\x00\xd0\x97\x0e?C\x00\x01\x04\x0c\x05\xf4,\x80\
\xfe\xcc^_\x11\x10\xd6\xb9\x00G\xecv\xb0\x1c\xb5\xfb\
\xa1\xdc\"\xd8pl\x92\xde\x9c\x00\x90\xf4=\x80\xfe#\
\x80@\xc5\x05\xf4\xa5\x9fz\x16@\xdf\xf51\x8c\x97\xbe\
\x9c\xf4\xe2\xe3\xce\x96~\x0dM<((\x0c\xd0\x84\xae\
\x83\x00\x90\xd0\x81\xa7\xdb\x08 P=\x01=\x0b\x90+\
\xe4\xd5\x15\x01wI^\xfd\x19\xc6k\xbfQ{\xcbW\
\xf69N\xf4]\x07y!P\x8e\x00\x01\xa0\x1c5\xda\
 \x80\x00\x02\x01\x05\xf4,\xc0\xdf\xa7\xffS\x9e}\xe7\
\xef\x01[\xf6\xbc\xb8\x0e\x15\x97\x7f\xe9<\xd9f\xd8\x96\
\\\x16\xd83\x11\xdf\xdd\x84\x00\x01`\x13@\xfc\x18\x01\
\x04\x10\x08C@?\xd9O\xbf\xfb\xd7W\x04\xe8\xa7?\
\x86\xf1\xdaa\xf8\xa7\xe4\x97g\\+C\xfa\x0f\x92\xce\
lW\xf1\x1c\x03}\x07J^\x08\x94\"@\x00(E\
\x89e\x10@\x00\x81\x10\x042\xc5Y\x80W\xe5\xa9\xb7\
_\x08am\xebW\xf1\xc5=\x0f\x97\x87/\xbdS\xbe\
\xac.\x0f\x1c\xd2\x7f\xb0\x14\x0a\x85\xe2S%\xc3\xfa\xa8\
!\xb4BYQ\xe4\x04x\x16@\xe4\x86\x84\x82\x10@\
 \xae\x02\xc5Y\x00u?\x80[\xd4\xb9\x00G\xab\xb3\
\xf8u \x08\xe3\xb5\xf7v\xbb\xcb\xfd\x17\xfeF>P\
\x8f\x97^\xb8zq\xf1\xea\x80;'> \x8f\xbe\xf9\
,\x97\x0b\x86\x01\x1c\xd3u0\x03\x10\xd3\x81\xa5[\x08\
 \x10M\x01}.\xc0\xcb\xefO\x92'\xa6>\x1fz\
\x81\xa3Fl+\x87\xed\xf2y9f\x8f\xc3e\xc7-\
v\x08\xed\xb2\xc3\xd0\x0be\x85\x91\x10 \x00Db\x18\
(\x02\x01\x04\x92\"\xa0g\x01\xf4\xfd\x00\xf43\x02*\
yO\xff\xb0\xee<\x98\x94qIb?\x09\x00I\x1c\
u\xfa\x8c\x00\x025\x15\xd0w\x07|e\xe6dyl\
\xca\xb35\xad\x83\x8d'[\x80\x00\x90\xec\xf1\xa7\xf7\x08\
 P#\x01O\xcd\x02\xdc\xf8\xf8\xef\x8a'\xec\xd5\xa8\
\x046\x9bp\x01\x02@\xc2w\x00\xba\x8f\x00\x02\xb5\x11\
\xd0\xb3\x00\x93fM\x91?\xbc\xf8\xa7\xda\x14\xc0V\x13\
/@\x00H\xfc.\x00\x00\x02\x08\xd4J \xadn\xe9\
\xfb\xf3\xbf\xfdF\xa6-\x9aQ\xab\x12\xd8n\x82\x05\x08\
\x00\x09\x1e|\xba\x8e\x00\x02\xb5\x15\xd0\xf7\xf4_\xda\xb2\
B.\xfb\xe35\xd2\xd6\xd5^\xdbb\xd8z\xe2\x04\x08\
\x00\x89\x1br:\x8c\x00\x02Q\x12\xa8\xcf\xd4\xc9\x0b\xef\
\xbd\"\x97\xdf{m\xf1y\x01Q\xaa\x8dZ\xe2-@\
\x00\x88\xf7\xf8\xd2;\x04\x10\xb0@@\x87\x80{\xfe\xfe\
g\xb9\xe4\xee\xab\x8b\xb7\xf4\xb5\xa0dJ\x8c\x81\x00\x01\
 \x06\x83H\x17z\x17p\x9d\xf0vq\xfdym\x92\
_\xfa\x066a\xbc\xc2ZO\xd0Z\xf4t{X\xaf\
\x94\x1b\xde~\xa5k\xd2\xf7\x06\xc8\xa4\xd2\xa2\xef\xdew\
\xdaM\xe7\xcb\x8c%\xb3\x8dK\x0d\xbbF\xe3\x82XA\
\xe4\x04\xb8\x15p\xe4\x86\x84\x82\xc2\x12\xd0\x07\xff\xd5\xed\
kd\xf2\xec\xa9\xa1\xacr\xce\x8a\x05\x92\xd4_\xaa\x9e\
\xef\xc9\x9bs\xdf\x91\x95m\xab\x8d-\xd7v\xb6\x89\xe7\
y\xc6\xeb\x09\xb2\x02\xbd/,^\xb34\xb4}A\x7f\
n\xef\x86\x1d\x02\xd4\xd3\xfd\xf4L\xc0\x13S\x9f\x93w\
\x16\xbe'\xdf;\xf2\x9br\xd2\xe7\xbf\"#\x06m\x1e\
\xa4\xab\xc5e\xd7uw\xc8\x925\xcb\xc4U\xeb\xe4\x85\
@o\x02\x89\xd8;\x06\x9d5\xfa\x84T&\xf5W?\
_\xdd_:\xbd\xa1\xf3\xfd\xea\x09x\xbe\xaf\xee\xba\x16\
\xce\xf3\xd7\xf5A$\xccw\x91\xd5S\x08gK\xfa\xe1\
2\xe1<in\xfd\xbb\xddp\xaa*}-:t\x14\
\xfcB\xe9\x0d\xfaXR\xef\x07a\xce.m\xbc)}\
\xa7@\xed\xbd\xdd\xe6\xdb\xc8\x91\xbb\x1f\xa2\xbe\x0e\x95\xd1\
[l/\xc3\x9a\x87Jsc\xffOl[?\x09P\
\x87\xdd\x05\xab\x16\xcb\xc4i\xff\x90\xc7\xa7\xa8\x10\xb1`\
\xfa\xc6\xab\xe5\xdf1\x13pR\xea\x10\x9e\x97\xa3V\xdd\
\xf1\xde3\xe5t\x8d\x19\x80r\xd4hc\x8d\x80~\x07\
\xe4\xa6\xc2\x99\xba\xb6\xa6\xd3\x15*4\xad\xa6\xa8m~\
\xe9w\xec\xfa\x7f6\xbct\xc0\xd0_\xf3\xd5\x01\xfd\xb6\
g\xef\x91\xdb\x9f\xbb\xaf\xf8\xa4\xbf-\x06\x0f\x97\xc1\xfd\
\x9a\xa5\xa9\xaeIR\xa9\xf5\x1fit\xe5\xba\xa5M\xcd\
\xaa,[\xbb\xb2\xf8\xae\xbf;\x9f\x95\x94\x0a\xaba=\
h\xc8\x06/j,O\xc0\xee\xff\xa2\xcb\xeb3\xad\x10\
@\x00\x01+\x04\xf4y'\x1b\xce=Y\xdb\xd9*\xab\
\xd7\xb5\x88\xfe8\xc6W3[\xa2\xe6c\xd6\x9f=\xa0\
\xfe\x7fqvj\xfd\x0cUC\xa6\xde\x8a\xbeQd\xed\
\x05\x08\x00\xb5\x1f\x03*@\x00\x01\x046)\xa0?r\
pSv\xcc`l\xb23,\x10\x09\x01\xf6\xa6H\x0c\
\x03E \x80\x00\x02\x08 P]\x01\x02@u\xbd\xd9\
\x1a\x02\x08 \x80\x00\x02\x91\x10 \x00Db\x18(\x02\
\x01\x04\x10@\x00\x81\xea\x0a\x10\x00\xaa\xeb\xcd\xd6\x10@\
\x00\x01\x04\x10\x88\x84\x00\x01 \x12\xc3@\x11\x08 \x80\
\x00\x02\x08TW\x80\x00P]o\xb6\x86\x00\x02\x08 \
\x80@$\x04\x08\x00\x91\x18\x06\x8a@\x00\x01\x04\x10@\
\xa0\xba\x02\x04\x80\xeaz\xb35\x04\x10@\x00\x01\x04\"\
!@\x00\x88\xc40P\x04\x02\x08 \x80\x00\x02\xd5\x15\
 \x00T\xd7\x9b\xad!\x80\x00\x02\x08 \x10\x09\x01\x02\
@$\x86\x81\"\x10@\x00\x01\x04\x10\xa8\xae\x00\x01\xa0\
\xba\xdel\x0d\x01\x04\x10@\x00\x81H\x08$\"\x00\x0c\
K\x0f\xeaJ\xf9\x89\xe8j$v*\x8a@\x00\x01\x04\
\x10\x88\xbe@\"\x8e\x8a[\xa5\x86\xb4\xa6=7\xe7;\
\xd1\x1f\x10*D\x00\x01\x04\x10@\xa0\x1a\x02\x89\x08\x00\
\xcd+3+\xfd\x82\xdf\xc2\xf1\xbf\x1a\xbb\x14\xdb@\x00\
\x01\x04\x10\xb0A \x11\x01`\xd1\xcb\x8b\x16\xe7$\xbf\
R\x1c\"\x80\x0d;%5\"\x80\x00\x02\x08T^ \
\x11\x01`\xf2\xe2\xc9\x1d\x03S\xfd\xa7\x0b\xc7\xff\xca\xef\
Ql\x01\x01\x04\x10@\xc0\x0a\x81D\x04\x00=\x12\x85\
\x8e\xdc\x0b\x0e3\x00V\xec\x94\x14\x89\x00\x02\x08 P\
y\x81\xc4\x04\x80!\x99\xc1/\xa5\x0bn'\xb3\x00\x95\
\xdf\xa9\xd8\x02\x02\x08 \x80@\xf4\x05\x12\x13\x00>\xf7\
N\xeb[\xae\xe7\xbe-.\x9f\x03D\x7f\xb7\xa4B\x04\
\x10@\x00\x81J\x0b$&\x00\xdc6yr\xae_\xae\
\xee\x01\x97\x8f\x01*\xbdO\xb1~\x04\x10@\x00\x01\x0b\
\x04\x12\x13\x00\xf4Xl\xe5m\xf6P:\xe7.\x95D\
\xf5\xda\x82\xbd\x90\x12\x11@\x00\x01\x04\xaa.\x90\xa8C\
\xe1\xc4{\x1f_\xd8\xdf\xab\xbf\xcbq\x13\xd5\xed\xaa\xef\
Tl\x10\x01\x04\x10@ \xfa\x02\x89;\x12\x0em\x1d\
ps}>\xbd\x90Y\x80\xe8\xef\x9cT\x88\x00\x02\x08\
 P9\x81\xc4\x05\x80W'L\\\xd8\x94\xab\xbf\xce\
uR\x95Se\xcd\x08 \x80\x00\x02\x08D\\ q\
\x01@\x8f\xc7i\x9d\xdb\xfe\xbe)W\xf7\x98\xa4\xb9\"\
 \xe2\xfb'\xe5!\x80\x00\x02\x08TH \x91\x01`\
\xecC\x0fe\xfb\xb5\xd6]\xd4P\xc8\xcc\x13&\x02*\
\xb4k\xb1Z\x04\x10@\x00\x81(\x0b$2\x00\xe8\x01\
y\xef\xcf\xaf\xce\x1c\x91\x1frN\xbd\x9f\xe9\xe0)\x81\
Q\xdeE\xa9\x0d\x01\x04\x10@\xa0\x12\x02\x89\x0d\x00\x1a\
\xf3\x8d\xbb&>\xd1\xd4]wn\x9d\xa4\xb3\xdc!\xb0\
\x12\xbb\x17\xebD\x00\x01\x04\x10\x88\xaa@\xa2\x03\x80\x1e\
\x94YwO\xfeCSW\xfa\xbc\x8c\x93\xee\xe2\xca\x80\
\xa8\xee\xa6\xd4\x85\x00\x02\x08 \x10\xb6@\xe2\x03\x80\x06\
\x9ds\xcf\x94\xdf\x0f\xcd\x0d8\xa3\xc1\xaf[%)N\
\x0c\x0c{'c}\x08 \x80\x00\x02\xd1\x13 \x00|\
8&\xd3\xeez\xe5\xa1\x91\xd9a\xc7\xd5\x17\xd2\x93\xdd\
tJ8/ z;+\x15!\x80\x00\x02\x08\x84'\
@\x00\xf8\x98\xe5\xebw?7i\xdb\xd6\xfeG\x0f\xea\
j\xfcE\x9d\x93\xee\xe02\xc1\x8f\xe1\xf0W\x04\x10@\
\x00\x81X\x09p\x11\xdcF\xc3\xb9p\xda\xc2\xce\xd5S\
\x17?9j\xb7\x1d_\xf4\x1c\x7f\x84'\xde(/\xad\
N\x11\xf47Z\x90\x7f\"\x80\x00\x02\x08 PC\x01\
G?\xdd\xd6\x93?v\xbe\xb9rv9e0\x03\xd0\
\x8b\xda\xd4\xbb_z\xe9g\xb7_q\xc2f\x9d\xfd\x8f\
\x1d\x90k|8#\x99\xb5NZq\xa9s\x04|\xd4\
zQ\xe3\xdb\x08 \x80\x00\x02\xb6\x08p\xc6[\x09#\
\xa5\xde\xfc;{\xff\xc7\xc1;\xaf\xf3\xb2\xc7\xaeKu\
\x1e\xe7\x89\xbfK>\xe5\x8d(8\xeao\x9e\xfa\xa9^\
\xa0\x84\xf5\xb0\x08\x02\x08 \x80\x00\x02a\x098\xfa\xa4\
\xf5\xbc\x1c\xb5\xea\x8e\xf7\x9e)g\x9d\x1c\xb7\x02\xaa\xe9\
c\xfd\xb1'}\xe5S\xef\xa6>\xd8\xb1\x7f\xbe\xe1\x90\
\x86\x01\xfd\xf6[\x97\xea\x1a\xddRh\xdf\"\xef\x17\xd2\
\x01W\xc7\xe2\x08 \x80\x00\x02\x08\x94%`\x1a\x00\xfe\
?s\x0bm\xf5\xe3\x13\xe5u\x00\x00\x00\x00IEN\
D\xaeB`\x82\x00\x00\x014\x89PNG\x0d\x0a\x1a\
\x0a\x00\x00\x00\x0dIHDR\x00\x00\x00\x0f\x00\x00\x00\
\x09\x08\x06\x00\x00\x00\xed\x8fvW\x00\x00\x00\x04sB\
IT\x08\x08\x08\x08|\x08d\x88\x00\x00\x00\x09pH\
Ys\x00\x00\x0b\x12\x00\x00\x0b\x12\x01\xd2\xdd~\xfc\x00\
\x00\x00\x1ctEXtSoftware\x00\
Adobe Fireworks \
CS6\xe8\xbc\xb2\x8c\x00\x00\x00\x15tEXtC\
reation Time\x002/2\
8/14/\xf2\xbd\xb4\x00\x00\x00\x8dIDAT\
(\x91\x85\xd1Q\x0d\xc20\x14\x05\xd0\xd3\x19\x18\x12H\
j\x00\x09H@\xc2\xe6\x00\x09H\xc0\xc1\x86\x03$L\
\xc2\x0cT\x04\x0e\xf8XI\x96\xad\x1d\xef\xa7I\xdbs\
\xd3\xd7\x17T*\xa5tF\x87w\x8cq.\xdd\x09\x15\
x\xc1\x84\x16\x1f\\K\x01;\xbc\x81\xbf*\x064\x7f\
\xe0+\xaf-\xa6|\xbe\xc7\x05\xd8\xc7\x18;\xf4\xb5\x80\
p\x00\xc7Up\x87a\xdbB\xc8\xbf:\xd7\xe0Q@\
c\x19\xc7!\x84\xbc\xbfn\xe1\x19RJ'\x8c\x96y\
\x16\xe1\xe6\x057\xdc\xf1\xf8\x02o\x87C\x11\x142\xa8\
\x9b\x00\x00\x00\x00IEND\xaeB`\x82\x00\x00\x01\
\x8f\x89PNG\x0d\x0a\x1a\x0a\x00\x00\x00\x0dIHD\
R\x00\x00\x00\x18\x00\x00\x00\x0c\x08\x04\x00\x00\x00\xd29\
\xb5\xfe\x00\x00\x00 cHRM\x00\x00z%\x00\x00\
\x80\x83\x00\x00\xf9\xff\x00\x00\x80\xe9\x00\x00u0\x00\x00\
\xea`\x00\x00:\x98\x00\x00\x17o\x92_\xc5F\x00\x00\
\x00\x02bKGD\x00\xff\x87\x8f\xcc\xbf\x00\x00\x00\x09\
pHYs\x00\x00\x0b\x13\x00\x00\x0b\x13\x01\x00\x9a\x9c\
\x18\x00\x00\x00\x07tIME\x07\xe7\x0c\x1b\x12*-\
\xb0k[F\x00\x00\x00^IDAT(\xcf\x8d\xd0\
\xb9\x15\x800\x0c\x04\xd1\xe1\xd9\xb1+\xa0\x15\x0as\x05\
\xdb\x18\x85\x91\x00>$\x836P4?\xd1\xb6W*\
\xf1)\x95\x138\xa29J\x05\xa2D\x08R\x81\x18\x11\
\x82\x07\xfc\x93;o\xe0\x9b\xbcy\x0f\xd6\xa4\xcbG\xe0\
\x93!\x9f\x81%Sn\xc1HL\xee\x81F\x9c\x1c\xf2\
\xe2+\xedN\xbb\x00\x0d \x17\xe9\xd4\xdd\x8bz\x00\x00\
\x00%tEXtdate:creat\
e\x002023-12-27T17:\
34:14+00:00Eb\x9bo\x00\
\x00\x00%tEXtdate:modi\
fy\x002023-12-27T17\
:34:14+00:004?#\xd3\
\x00\x00\x00(tEXtdate:tim\
estamp\x002023-12-2\
7T18:42:45+00:00\
\x8e\xe8\xb7-\x00\x00\x00\x00IEND\xaeB`\x82\
\x00\x00@^\x89PNG\x0d\x0a\x1a\x0a\x00\x00\x00\x0d\
IHDR\x00\x00\x02\x00\x00\x00\x02\x00\x08\x06\x00\x00\
\x00\xf4x\xd4\xfa\x00\x00\x00\x09pHYs\x00\x00n\
\xba\x00\x00n\xba\x01\xd6\xde\xb1\x17\x00\x008\"iT\
XtXML:com.adobe.\
xmp\x00\x00\x00\x00\x00<?xpacke\
t begin=\"\xef\xbb\xbf\" id\
=\"W5M0MpCehiHzre\
SzNTczkc9d\"?>\x0a<x\
:xmpmeta xmlns:x\
=\"adobe:ns:meta/\
\" x:xmptk=\"Adobe\
 XMP Core 5.5-c0\
21 79.154911, 20\
13/10/29-11:47:1\
6        \">\x0a   <\
rdf:RDF xmlns:rd\
f=\"http://www.w3\
.org/1999/02/22-\
rdf-syntax-ns#\">\
\x0a      <rdf:Desc\
ription rdf:abou\
t=\"\"\x0a           \
 xmlns:xmp=\"http\
://ns.adobe.com/\
xap/1.0/\"\x0a      \
      xmlns:dc=\"\
http://purl.org/\
dc/elements/1.1/\
\"\x0a            xm\
lns:photoshop=\"h\
ttp://ns.adobe.c\
om/photoshop/1.0\
/\"\x0a            x\
mlns:xmpMM=\"http\
://ns.adobe.com/\
xap/1.0/mm/\"\x0a   \
         xmlns:s\
tEvt=\"http://ns.\
adobe.com/xap/1.\
0/sType/Resource\
Event#\"\x0a        \
    xmlns:tiff=\"\
http://ns.adobe.\
com/tiff/1.0/\"\x0a \
           xmlns\
:exif=\"http://ns\
.adobe.com/exif/\
1.0/\">\x0a         \
<xmp:CreatorTool\
>Adobe Photoshop\
 CC (Macintosh)<\
/xmp:CreatorTool\
>\x0a         <xmp:\
CreateDate>2014-\
02-27T13:42:03-0\
8:00</xmp:Create\
Date>\x0a         <\
xmp:ModifyDate>2\
014-02-27T13:51:\
47-08:00</xmp:Mo\
difyDate>\x0a      \
   <xmp:Metadata\
Date>2014-02-27T\
13:51:47-08:00</\
xmp:MetadataDate\
>\x0a         <dc:f\
ormat>image/png<\
/dc:format>\x0a    \
     <photoshop:\
ColorMode>3</pho\
toshop:ColorMode\
>\x0a         <xmpM\
M:InstanceID>xmp\
.iid:076d017c-71\
e5-4825-b825-df9\
2c9cd7fdd</xmpMM\
:InstanceID>\x0a   \
      <xmpMM:Doc\
umentID>xmp.did:\
076d017c-71e5-48\
25-b825-df92c9cd\
7fdd</xmpMM:Docu\
mentID>\x0a        \
 <xmpMM:Original\
DocumentID>xmp.d\
id:076d017c-71e5\
-4825-b825-df92c\
9cd7fdd</xmpMM:O\
riginalDocumentI\
D>\x0a         <xmp\
MM:History>\x0a    \
        <rdf:Seq\
>\x0a              \
 <rdf:li rdf:par\
seType=\"Resource\
\">\x0a             \
     <stEvt:acti\
on>created</stEv\
t:action>\x0a      \
            <stE\
vt:instanceID>xm\
p.iid:076d017c-7\
1e5-4825-b825-df\
92c9cd7fdd</stEv\
t:instanceID>\x0a  \
                \
<stEvt:when>2014\
-02-27T13:42:03-\
08:00</stEvt:whe\
n>\x0a             \
     <stEvt:soft\
wareAgent>Adobe \
Photoshop CC (Ma\
cintosh)</stEvt:\
softwareAgent>\x0a \
              </\
rdf:li>\x0a        \
    </rdf:Seq>\x0a \
        </xmpMM:\
History>\x0a       \
  <tiff:Orientat\
ion>1</tiff:Orie\
ntation>\x0a       \
  <tiff:XResolut\
ion>7200000/1000\
0</tiff:XResolut\
ion>\x0a         <t\
iff:YResolution>\
7200000/10000</t\
iff:YResolution>\
\x0a         <tiff:\
ResolutionUnit>2\
</tiff:Resolutio\
nUnit>\x0a         \
<exif:ColorSpace\
>65535</exif:Col\
orSpace>\x0a       \
  <exif:PixelXDi\
mension>512</exi\
f:PixelXDimensio\
n>\x0a         <exi\
f:PixelYDimensio\
n>512</exif:Pixe\
lYDimension>\x0a   \
   </rdf:Descrip\
tion>\x0a   </rdf:R\
DF>\x0a</x:xmpmeta>\
\x0a               \
                \
                \
                \
                \
                \
     \x0a          \
                \
                \
                \
                \
                \
          \x0a     \
                \
                \
                \
                \
                \
               \x0a\
                \
                \
                \
                \
                \
                \
    \x0a           \
                \
                \
                \
                \
                \
         \x0a      \
                \
                \
                \
                \
                \
              \x0a \
                \
                \
                \
                \
                \
                \
   \x0a            \
                \
                \
                \
                \
                \
        \x0a       \
                \
                \
                \
                \
                \
             \x0a  \
                \
                \
                \
                \
                \
                \
  \x0a             \
                \
                \
                \
                \
                \
       \x0a        \
                \
                \
                \
                \
                \
            \x0a   \
                \
                \
                \
                \
                \
                \
 \x0a              \
                \
                \
                \
                \
                \
      \x0a         \
                \
                \
                \
                \
                \
           \x0a    \
                \
                \
                \
                \
                \
                \
\x0a               \
                \
                \
                \
                \
                \
     \x0a          \
                \
                \
                \
                \
                \
          \x0a     \
                \
                \
                \
                \
                \
               \x0a\
                \
                \
                \
                \
                \
                \
    \x0a           \
                \
                \
                \
                \
                \
         \x0a      \
                \
                \
                \
                \
                \
              \x0a \
                \
                \
                \
                \
                \
                \
   \x0a            \
                \
                \
                \
                \
                \
        \x0a       \
                \
                \
                \
                \
                \
             \x0a  \
                \
                \
                \
                \
                \
                \
  \x0a             \
                \
                \
                \
                \
                \
       \x0a        \
                \
                \
                \
                \
                \
            \x0a   \
                \
                \
                \
                \
                \
                \
 \x0a              \
                \
                \
                \
                \
                \
      \x0a         \
                \
                \
                \
                \
                \
           \x0a    \
                \
                \
                \
                \
                \
                \
\x0a               \
                \
                \
                \
                \
                \
     \x0a          \
                \
                \
                \
                \
                \
          \x0a     \
                \
                \
                \
                \
                \
               \x0a\
                \
                \
                \
                \
                \
                \
    \x0a           \
                \
                \
                \
                \
                \
         \x0a      \
                \
                \
                \
                \
                \
              \x0a \
                \
                \
                \
                \
                \
                \
   \x0a            \
                \
                \
                \
                \
                \
        \x0a       \
                \
                \
                \
                \
                \
             \x0a  \
                \
                \
                \
                \
                \
                \
  \x0a             \
                \
                \
                \
                \
                \
       \x0a        \
                \
                \
                \
                \
                \
            \x0a   \
                \
                \
                \
                \
                \
                \
 \x0a              \
                \
                \
                \
                \
                \
      \x0a         \
                \
                \
                \
                \
                \
           \x0a    \
                \
                \
                \
                \
                \
                \
\x0a               \
                \
                \
                \
                \
                \
     \x0a          \
                \
                \
                \
                \
                \
          \x0a     \
                \
                \
                \
                \
                \
               \x0a\
                \
                \
                \
                \
                \
                \
    \x0a           \
                \
                \
                \
                \
                \
         \x0a      \
                \
                \
                \
                \
                \
              \x0a \
                \
                \
                \
                \
                \
                \
   \x0a            \
                \
                \
                \
                \
                \
        \x0a       \
                \
                \
                \
                \
                \
             \x0a  \
                \
                \
                \
                \
                \
                \
  \x0a             \
                \
                \
                \
                \
                \
       \x0a        \
                \
                \
                \
                \
                \
            \x0a   \
                \
                \
                \
                \
                \
                \
 \x0a              \
                \
                \
                \
                \
                \
      \x0a         \
                \
                \
                \
                \
                \
           \x0a    \
                \
                \
                \
                \
                \
                \
\x0a               \
                \
                \
                \
                \
                \
     \x0a          \
                \
                \
                \
                \
                \
          \x0a     \
                \
                \
                \
                \
                \
               \x0a\
                \
                \
                \
                \
                \
                \
    \x0a           \
                \
                \
                \
                \
                \
         \x0a      \
                \
                \
                \
                \
                \
              \x0a \
                \
                \
                \
                \
                \
                \
   \x0a            \
                \
                \
                \
                \
                \
        \x0a       \
                \
                \
                \
                \
                \
             \x0a  \
                \
                \
                \
                \
                \
                \
  \x0a             \
                \
                \
                \
                \
                \
       \x0a        \
                \
                \
                \
                \
                \
            \x0a   \
                \
                \
                \
                \
                \
                \
 \x0a              \
                \
                \
                \
                \
                \
      \x0a         \
                \
                \
                \
                \
                \
           \x0a    \
                \
                \
                \
                \
                \
                \
\x0a               \
                \
                \
                \
                \
                \
     \x0a          \
                \
                \
                \
                \
                \
          \x0a     \
                \
                \
                \
                \
                \
               \x0a\
                \
                \
                \
                \
                \
                \
    \x0a           \
                \
                \
                \
                \
                \
         \x0a      \
                \
                \
                \
                \
                \
              \x0a \
                \
                \
                \
                \
                \
                \
   \x0a            \
                \
                \
                \
                \
                \
        \x0a       \
                \
                \
                \
                \
                \
             \x0a  \
                \
                \
                \
                \
                \
                \
  \x0a             \
                \
                \
                \
                \
                \
       \x0a        \
                \
                \
                \
                \
                \
            \x0a   \
                \
                \
                \
                \
                \
                \
 \x0a              \
                \
                \
                \
                \
                \
      \x0a         \
                \
                \
                \
                \
                \
           \x0a    \
                \
                \
                \
                \
                \
                \
\x0a               \
                \
                \
                \
                \
                \
     \x0a          \
                \
                \
                \
                \
                \
          \x0a     \
                \
                \
                \
                \
                \
               \x0a\
                \
                \
                \
                \
                \
                \
    \x0a           \
                \
                \
                \
                \
                \
         \x0a      \
                \
                \
                \
                \
                \
              \x0a \
                \
                \
                \
                \
                \
                \
   \x0a            \
                \
                \
                \
                \
                \
        \x0a       \
                \
                \
                \
                \
                \
             \x0a  \
                \
                \
                \
                \
                \
                \
  \x0a             \
                \
                \
                \
                \
                \
       \x0a        \
                \
                \
                \
                \
                \
            \x0a   \
                \
                \
                \
                \
                \
                \
 \x0a              \
                \
                \
                \
                \
                \
      \x0a         \
                \
                \
                \
                \
                \
           \x0a    \
                \
                \
                \
                \
                \
                \
\x0a               \
                \
                \
                \
                \
                \
     \x0a          \
                \
                \
                \
                \
                \
          \x0a     \
                \
                \
                \
                \
                \
               \x0a\
                \
                \
                \
                \
                \
                \
    \x0a           \
                \
                \
                \
                \
                \
         \x0a      \
                \
                \
                \
                \
                \
              \x0a \
                \
                \
                \
                \
                \
                \
   \x0a            \
                \
\x0a<?xpacket end=\"\
w\"?>\x0d\x04N\xb0\x00\x00\x00 cHRM\
\x00\x00z%\x00\x00\x80\x83\x00\x00\xf9\xff\x00\x00\x80\xe9\
\x00\x00u0\x00\x00\xea`\x00\x00:\x98\x00\x00\x17o\
\x92_\xc5F\x00\x00\x07\xb6IDATx\xda\xec\xd9\
1J\x03A\x14\x80\xe1\x89,\x04a;M\xe9\x0d\xd2\
\xcd\x1d\xd2\xe7\x04\xe9\xd2i\xb1\x07\xb0\xb6\xdaB\xbbt\
9@\xd8>\x07H\x97.7\xb0\x8c\x82\xc5\x82\x08\xc2\
x\x07\x0b'\xe3|\xdf\x05vxo\xd9\xfda&)\
\xa5\x00\x00\xd4\xe5\xca\x08\x00@\x00\x00\x00\x02\x00\x00\x10\
\x00\x00\x80\x00\x00\x00\x04\x00\x00 \x00\x00\x00\x01\x00\x00\
\x08\x00\x00@\x00\x00\x00\x02\x00\x00\x10\x00\x00\x80\x00\x00\
\x00\x04\x00\x00 \x00\x00\x00\x01\x00\x00\x08\x00\x00@\x00\
\x00\x80\x00\x00\x00\x04\x00\x00 \x00\x00\x00\x01\x00\x00\x08\
\x00\x00@\x00\x00\x00\x02\x00\x00\x10\x00\x00\x80\x00\x00\x00\
\x04\x00\x00 \x00\x00\x00\x01\x00\x00\x08\x00\x00@\x00\x00\
\x00\x02\x00\x00\x10\x00\x00\x80\x00\x00\x00\x01\x00\x00\x08\x00\
\x00@\x00\x00\x00\x02\x00\x00\x10\x00\x00\x80\x00\x00\x00\x04\
\x00\x00pa\x9a\xdc\x07\xd8n\xb7o\xd6@\x89\xf6\xfb\
\xfd]\xd7u\x9f&\x91O\xdf\xf7\xd7\x8b\xc5\xe2\xd5$\
(\xd1j\xb5\xba\xad:\x00\xe6\xf3\xf9\x8d\xd7\x80\x12\x1d\
\x0e\x87i\x08A\x00d\xd4\xb6\xed\xd47\x04~\xc7\x15\
\x00\x00\x08\x00\x00@\x00\x00\x00\x02\x00\x00\x10\x00\x00\x80\
\x00\x00\x00\x04\x00\x00 \x00\x00\x00\x01\x00\x00\x08\x00\x00\
@\x00\x00\x00\x02\x00\x00\x10\x00\x00\x80\x00\x00\x00\x04\x00\
\x00 \x00\x00\x00\x01\x00\x00\x08\x00\x00\x10\x00\x00\x80\x00\
\x00\x00\x04\x00\x00 \x00\x00\x00\x01\x00\x00\x08\x00\x00@\
\x00\x00\x00\x02\x00\x00\x10\x00\x00\x80\x00\x00\x00\x04\x00\x00\
 \x00\x00\x00\x01\x00\x00\x08\x00\x00@\x00\x00\x00\x02\x00\
\x00\x10\x00\x00 \x00\x00\x00\x01\x00\x00\x08\x00\x00@\x00\
\x00\x00\x02\x00\x00\x10\x00\x00\x80\x00\x00\x00\x04\x00\x00 \
\x00\x00\x00\x01\x00\x00\x08\x00\x00@\x00\x00\x00\x02\x00\x00\
\x10\x00\x00\x80\x00\x00\x00\x04\x00\x00 \x00\x00@\x00\x00\
\x00\x02\x00\x00\x10\x00\x00\x80\x00\x00\x00\x04\x00\x00 \x00\
\x00\x00\x01\x00\x00\x08\x00\x00@\x00\x00\x00\x02\x00\x00\x10\
\x00\x00\x80\x00\x00\x00\x04\x00\x00 \x00\x00\x00\x01\x00\x00\
\x08\x00\x00@\x00\x00\x80\x00\x00\x00\x04\x00\x00 \x00\x00\
\x00\x01\x00\x00\x08\x00\x00@\x00\x00\x00\x02\x00\x00\x10\x00\
\x00\x80\x00\x00\x00\x04\x00\x00 \x00\x00\x00\x01\x00\x00\x08\
\x00\x00@\x00\x00\x00\x02\x00\x00\x10\x00\x00\x80\x00\x00\x00\
\x04\x00\x00\x08\x00\x00@\x00\x00\x00\x02\x00\x00\x10\x00\x00\
\x80\x00\x00\x00\x04\x00\x00 \x00\x00\x00\x01\x00\x00\x08\x00\
\x00@\x00\x00\x00\x02\x00\x00\x10\x00\x00\x80\x00\x00\x00\x04\
\x00\x00 \x00\x00\x00\x01\x00\x00\x08\x00\x00\x10\x00\x00\x80\
\x00\x00\x00\x04\x00\x00 \x00\x00\x00\x01\x00\x00\x08\x00\x00\
@\x00\x00\x00\x02\x00\x00\x10\x00\x00\x80\x00\x00\x00\x04\x00\
\x00 \x00\x00\x00\x01\x00\x00\x08\x00\x00@\x00\x00\x00\x02\
\x00\x00\x10\x00\x00 \x00\x00\x00\x01\x00\x00\x08\x00\x00@\
\x00\x00\x00\x02\x00\x00\x10\x00\x00\x80\x00\x00\x00\x04\x00\x00\
 \x00\x00\x00\x01\x00\x00\x08\x00\x00@\x00\x00\x00\x02\x00\
\x00\x10\x00\x00\x80\x00\x00\x00\x04\x00\x00 \x00\x00@\x00\
\x00\x00\x02\x00\x00\x10\x00\x00\x80\x00\x00\x00\x04\x00\x00 \
\x00\x00\x00\x01\x00\x00\x08\x00\x00@\x00\x00\x00\x02\x00\x00\
\x10\x00\x00\x80\x00\x00\x00\x04\x00\x00 \x00\x00\x00\x01\x00\
\x00\x08\x00\x00@\x00\x00\x80\x00\x00\x00\x04\x00\x00 \x00\
\x00\x00\x01\x00\x00\x08\x00\x00@\x00\x00\x00\x02\x00\x00\x10\
\x00\x00\x80\x00\x00\x00\x04\x00\x00 \x00\x00\x00\x01\x00\x00\
\x08\x00\x00@\x00\x00\x00\x02\x00\x00\x10\x00\x00\x80\x00\x00\
\x00\x04\x00\x00T\xa8\xc9}\x80a\x18^\xac\x81B\x8d\
F\x90\x7f\x07\xbb\xdd\xee\xc9\x18(Q\x8c1\xeb\xf3'\
)\xa5\xac\x078\x1e\x8f\xde\x02\x00\x04\xc0\x1fs\x05\x00\
\x00\x15\x12\x00\x00 \x00\x00\x00\x01\x00\x00\x08\x00\x00@\
\x00\x00\x00\x02\x00\x00\x10\x00\x00\x80\x00\x00\x00\x04\x00\x00\
 \x00\x00\x00\x01\x00\x00\x08\x00\x00@\x00\x00\x00\x02\x00\
\x00\x10\x00\x00\x80\x00\x00\x00\x04\x00\x00 \x00\x00@\x00\
\x00\x00\x02\x00\x00\x10\x00\x00\x80\x00\x00\x00\x04\x00\x00 \
\x00\x00\x00\x01\x00\x00\x08\x00\x00@\x00\x00\x00\x02\x00\x00\
\x10\x00\x00\x80\x00\x00\x00\x04\x00\x00 \x00\x00\x00\x01\x00\
\x00\x08\x00\x00@\x00\x00\x80\x00\x00\x00\x04\x00\x00 \x00\
\x00\x00\x01\x00\x00\x08\x00\x00@\x00\x00\x00\x02\x00\x00\x10\
\x00\x00\x80\x00\x00\x00\x04\x00\x00 \x00\x00\x00\x01\x00\x00\
\x08\x00\x00@\x00\x00\x00\x02\x00\x00\x10\x00\x00\x80\x00\x00\
\x00\x01\x00\x00\x08\x00\x00@\x00\x00\x00\x02\x00\x00\x10\x00\
\x00\x80\x00\x00\x00\x04\x00\x00 \x00\x00\x00\x01\x00\x00\x08\
\x00\x00@\x00\x00\x00\x02\x00\x00\x10\x00\x00\x80\x00\x00\x00\
\x04\x00\x00 \x00\x00\x00\x01\x00\x00\x02\x00\x00\x10\x00\x00\
\x80\x00\x00\x00\xfe\x9f&\xf7\x01\x86ax\xb6\x06Jt\
>\x9f\xbb\xf5z\xfdm\x12\xf9l6\x9bf6\x9b\xf5\
&A\x89b\x8c\x0fU\x07\xc0r\xb9\xbc\xf7\x1aP\xe8\
\xcf\xe71\x84\xf0a\x12Y\xb5\xbe!\x14,k\x00\xb8\
\x02\x00\x80\x0a\x09\x00\x00\x10\x00\x00\x80\x00\x00\x00\x04\x00\
\x00 \x00\x00\x00\x01\x00\x00\x08\x00\x00@\x00\x00\x00\x02\
\x00\x00\x10\x00\x00\x80\x00\x00\x00\x04\x00\x00 \x00\x00\x00\
\x01\x00\x00\x08\x00\x00@\x00\x00\x00\x02\x00\x00\x10\x00\x00\
 \x00\x00\x00\x01\x00\x00\x08\x00\x00@\x00\x00\x00\x02\x00\
\x00\x10\x00\x00\x80\x00\x00\x00\x04\x00\x00 \x00\x00\x00\x01\
\x00\x00\x08\x00\x00@\x00\x00\x00\x02\x00\x00\x10\x00\x00\x80\
\x00\x00\x00\x04\x00\x00 \x00\x00@\x00\x00\x00\x02\x00\x00\
\x10\x00\x00\x80\x00\x00\x00\x04\x00\x00 \x00\x00\x00\x01\x00\
\x00\x08\x00\x00@\x00\x00\x00\x02\x00\x00\x10\x00\x00\x80\x00\
\x00\x00\x04\x00\x00 \x00\x00\x00\x01\x00\x00\x08\x00\x00@\
\x00\x00\x80\x00\x00\x00\x04\x00\x00 \x00\x00\x00\x01\x00\x00\
\x08\x00\x00@\x00\x00\x00\x02\x00\x00\x10\x00\x00\x80\x00\x00\
\x00\x04\x00\x00 \x00\x00\x00\x01\x00\x00\x08\x00\x00@\x00\
\x00\x00\x02\x00\x00\x10\x00\x00\x80\x00\x00\x00\x01\x00\x00\x08\
\x00\x00@\x00\x00\x00\x02\x00\x00\x10\x00\x00\x80\x00\x00\x00\
\x04\x00\x00 \x00\x00\x00\x01\x00\x00\x08\x00\x00@\x00\x00\
\x00\x02\x00\x00\x10\x00\x00\x80\x00\x00\x00\x04\x00\x00 \x00\
\x00\x00\x01\x00\x00\x08\x00\x00\x10\x00\x00\x80\x00\x00\x00\x04\
\x00\x00 \x00\x00\x00\x01\x00\x00\x08\x00\x00@\x00\x00\x00\
\x02\x00\x00\x10\x00\x00\x80\x00\x00\x00\x04\x00\x00 \x00\x00\
\x00\x01\x00\x00\x08\x00\x00@\x00\x00\x00\x02\x00\x00\x10\x00\
\x00 \x00\x00\x00\x01\x00\x00\x08\x00\x00@\x00\x00\x00\x02\
\x00\x00\x10\x00\x00\x80\x00\x00\x00\x04\x00\x00 \x00\x00\x00\
\x01\x00\x00\x08\x00\x00@\x00\x00\x00\x02\x00\x00\x10\x00\x00\
\x80\x00\x00\x00\x04\x00\x00 \x00\x00@\x00\x00\x00\x02\x00\
\x00\x10\x00\x00\x80\x00\x00\x00\x04\x00\x00 \x00\x00\x00\x01\
\x00\x00\x08\x00\x00@\x00\x00\x00\x02\x00\x00\x10\x00\x00\x80\
\x00\x00\x00\x04\x00\x00 \x00\x00\x00\x01\x00\x00\x08\x00\x00\
@\x00\x00\x80\x00\x00\x00\x04\x00\x00 \x00\x00\x00\x01\x00\
\x00\x08\x00\x00@\x00\x00\x00\x02\x00\x00\x10\x00\x00\x80\x00\
\x00\x00\x04\x00\x00 \x00\x00\x00\x01\x00\x00\x08\x00\x00@\
\x00\x00\x00\x02\x00\x00\x10\x00\x00\x80\x00\x00\x00\x01\x00\x00\
\x08\x00\x00@\x00\x00\x00\x02\x00\x00\x10\x00\x00\x80\x00\x00\
\x00\x04\x00\x00 \x00\x00\x00\x01\x00\x00\x08\x00\x00@\x00\
\x00\x00\x02\x00\x00\x10\x00\x00\x80\x00\x00\x00\x04\x00\x00 \
\x00\x00\x00\x01\x00\x004\xb9\x0fp:\x9d\xde\xad\x81\x12\
\x8d\xe3\xf8e\x0a\xf9w\xe0\x1bB\xa9b\x8cY\x9f?\
I)\xd9\x02\x00T\xc6\x15\x00\x00\x08\x00\x00@\x00\x00\
\x00\x02\x00\x00\x10\x00\x00\x80\x00\x00\x00\x04\x00\x00 \x00\
\x00\x00\x01\x00\x00\x08\x00\x00@\x00\x00\x00\x02\x00\x00\x10\
\x00\x00\x80\x00\x00\x00\x04\x00\x00 \x00\x00\x00\x01\x00\x00\
\x08\x00\x00\x10\x00\x00\x80\x00\x00\x00\x04\x00\x00 \x00\x00\
\x00\x01\x00\x00\x08\x00\x00@\x00\x00\x00\x02\x00\x00\x10\x00\
\x00\x80\x00\x00\x00\x04\x00\x00 \x00\x00\x00\x01\x00\x00\x08\
\x00\x00@\x00\x00\x00\x02\x00\x00\x10\x00\x00 \x00\x00\x00\
\x01\x00\x00\x08\x00\x00@\x00\x00\x00\x02\x00\x00\x10\x00\x00\
\x80\x00\x00\x00.\xcd\x0f\x00\x00\x00\xff\xff\x03\x00\x1c\xd1\
I\x8bme\x1f\xa3\x00\x00\x00\x00IEND\xaeB\
`\x82\x00\x00\x02e\x89PNG\x0d\x0a\x1a\x0a\x00\x00\
\x00\x0dIHDR\x00\x00\x00\x13\x00\x00\x00\x14\x08\x04\
\x00\x00\x00\xc5\\\xce\xff\x00\x00\x00 cHRM\x00\
\x00z%\x00\x00\x80\x83\x00\x00\xf9\xff\x00\x00\x80\xe9\x00\
\x00u0\x00\x00\xea`\x00\x00:\x98\x00\x00\x17o\x92\
_\xc5F\x00\x00\x00\x02bKGD\x00\xff\x87\x8f\xcc\
\xbf\x00\x00\x00\x09pHYs\x00\x00\x0b\x13\x00\x00\x0b\
\x13\x01\x00\x9a\x9c\x18\x00\x00\x00\x07tIME\x07\xe7\
\x0c\x1b\x12+\x16\x18{\x83#\x00\x00\x014IDA\
T(\xcf}\xd2/\x93\xd3@\x18\x07\xe0\xa7\xad\xc15\
\"\xb6sA\xe5\x1c\xd15\x04\x87\xac=E\xaa\x18\x14\
|\x03\x8eO@\xcf\x1d\xeaZ\xc5\xe0\xca'\xa05\xe8\
\x9c\\\x97\x0e:3\x8b\x03\x87H\xda\xa3G\xe9O\xee\
>\xfb\xee\xbb\x7f\x06\xfa\xe4\x99J\xe99v6\xd6a\
\xdd\x8d\xcf\xc1\xa0G\xd7\xde;\xceV\x15\x9a#\x96/\
\xbd\x02Q\x8dL\x06~*C}`\xf9\xc2[D\xd7\
\xe1\xa6\xaf]\xfa\xa8\xc0N1\x8d0\xca3\x9f\x11\xbd\
\x08_\xf7\xfb\xb5M\xfb)-\\J\xfc\x9el`\xe8\
\x1d\xf8\x10\xeaG\xbd\xcdE\xfaYC%\x84\xc5#$\
D+\x8c\xbf\x97\x1d{\x86\xadS\xd9\x80\xa2c\xffO\
\x04I\xc7\x9a\xfd\x8a\x7fR>\xd4\x1c\xdab\x9cW'\
X7Vwl\x09\x16yrl\xf2\x85\x0b\xac\xfa{\
k\x9b\xf4\xa9\xc2\x13Wi\xdd6=I\xd2[\xaf\x11\
]M\xe2\xfe\x15\x12\xdf\xfa\xee\xee\xad\x91\x99\x19\x83U\
\xa8\xfe~\xd3\xc4\x9d\xd9\xc9c\xcc\xa7K\x18A\xfb\xab\
\xfd\x92n%.\xfb\xc9\xc6\xc2\xdaK\xcc~\xec&\xf5\
\xe1#\x1d\x1a\xcf\\\xb8\x0f\x11\xf2\xca\xdd\xbe\xe2\xc0\x99\
<\xc0\xd19\xd6\xd6\xe9\xce\x0c\xf1,\xeba3}\xf3\
\x07\x11\x82_\xa0\xc9\xfb\x92\x9a\x00\x00\x00%tEX\
tdate:create\x00202\
3-12-27T17:34:14\
+00:00Eb\x9bo\x00\x00\x00%tE\
Xtdate:modify\x0020\
23-12-27T17:34:1\
4+00:004?#\xd3\x00\x00\x00(t\
EXtdate:timestam\
p\x002023-12-27T18:\
43:22+00:00b\xe2\xeb\x1a\x00\
\x00\x00\x00IEND\xaeB`\x82\x00\x00\x0b\x0c\x89\
PNG\x0d\x0a\x1a\x0a\x00\x00\x00\x0dIHDR\x00\
\x00\x00\x13\x00\x00\x00\x14\x08\x04\x00\x00\x00\xc5\\\xce\xff\
\x00\x00\x00 cHRM\x00\x00z%\x00\x00\x80\x83\
\x00\x00\xf9\xff\x00\x00\x80\xe9\x00\x00u0\x00\x00\xea`\
\x00\x00:\x98\x00\x00\x17o\x92_\xc5F\x00\x00\x00\x02\
bKGD\x00\xff\x87\x8f\xcc\xbf\x00\x00\x00\x09pH\
Ys\x00\x00\x0b\x12\x00\x00\x0b\x12\x01\xd2\xdd~\xfc\x00\
\x00\x00\x07tIME\x07\xe7\x0c\x1b\x12+'I\xa5\
\x83\x19\x00\x00\x07\x1ezTXtRaw pr\
ofile type xmp\x00\x00\
x\x9c\xed]\xdb\x92\xa38\x0c}\xd7W\xcc'\x80\xe5\
\x0b|\x0e\x1d\xe0m\xaa\xf6q?\x7f\x8fL\x02\x01\xcc\
%\xa4kKTyR\x9d\xa6\xc1\xb6t$\x1d\xc9\xb1\
\xba\xa6\xe9\xdf\xbf\xff\xd0\x9f?\x7fJg\x82%~p\
\x1f\xaaP\xf8\xd2\xb3\xff\xf1.XSx\xe3\x9d\x0f\xbe\
\xf6\x1d\xb7\xc6t\xfd\xcf\xcfOo\x0c\xee\xd7\xde\xca\x1d\
\x17\xd8\xd9\x96\x0b\xdb\x86\xc22\xc6V\xbe&[\x85&\
`\xa2\xe3\xd0\xd8\xceY\x8f\xefX\x90\x19\x93\x8c\xe1\x9e\
\xbb\xa2\xe1G\xa8\xb8\x09\x95\xc7D\xdf\x8a0_\x9aB\
~\xf6\x0f\xdf\x05\x96g$\x12\xa0\x8d\xf5\xbd\xe8\xc1\xcd\
\xf0`\x1c\x1e5\x99\x96\xc1\xbd\x1f\x99a\xc7\x19\xa6p\
\x95m]AF\x94\xebC\xbc\xc5\xcet\xf8j\xa1O\
\xc1\x86!\x95\x03\xd7\xb8W\xb2c\xcb5\xbe\x97\xe6a\
\xe4Y\x81k6=\xde\x0b\xbc\x1b\xae\xc9\xb4\xf2\x98\x1b\
\x0c\x0cx/\xd9\x9bb\xf12\x02o\xb8\x06H\x03]\
<7\xceXk\xfd\x04\x90\"\xc2\xe1\xa1\x80\xac\x82\xc5\
\xab\xe0\x06\xa0\xfa\x10\xff\x99.`\x90\xe9\xa2\xde!j\
Q\xcb\x0bW\xd0-\xeacLK\xc3\"\xa6\x0d\x1c\xe0\
%\xb1K\xa8\x00\x0e\x96\x92\xe7\x93.K\x8d\xa0\x0e\x9c\
\x07\xd7\x18_\x8b\xed\x08.\xed}\x07\x15\x9f\x03`x\
\x03\xd90\xb5h\x08K7+\xa8\xcf\xd7\xc2k\xe2\x8b\
5\xa8\xa8Q7y\x13\xd7p\x89o\x01\xb7\x82\xceb\
\xe0\x12N(\xc4\xab\x83(:\x92\x85\xa58a\xbd\x02\
:\x1b\xff\x98,G2\x10\x1a8Lt\x12=b\xa7\
\xc0O\x89\xe5$\xf1H !V+\xac\x0a\x080\x9d\
\\}\x06t\x9cM\xaf\xe9k\xd4\xc7\x06\x16\xfb\xda\x16\
\xac\x83h\xbajd,\xd8\xbe\x0bM\x18{&\x95\x83\
\xb5.\xf8!\x18\xf6\x84\xd2\x9eT\xc9\x16\x01\xe1\x861\
\xbd31\x00\xfb\xe8-\xa4\x0eY~p\x8d\x04n\xd1\
$\xdd\xbf\xd2\xcb\"l}\x8aD\x93V\xb4\xb2\xc5s\
\xd2\xa7\xc6'\x84\x9c\xc3\x8f\xf5\xbe\xbc\xa5\xb8\xd7\x9cI\
\x1c\xad\x899\xd23\xba\x17\xf4\x14b:XOb\xcd\
8Y\xb4\xf7\x0f\xeef\xc9\xad\xa0e8J\xa2\xb3\x8c\
\xa5\x90\xf7b\x1e\x1frB|nj~D\x97$\x04\
\xd0$\xe1\xb4^\xce\xda\xe1;w\xcf\\i\x91\x8fb\
rjq\xa3rVn!K\x16\\\xc5\xf7\x12\xf7_\
\xd7\xc5\x86.\xe3\xa2t\xa8I\x0b}\xa3'C\x9d\xd2\
\x04\xdf\x03\xde\xe1\xb52j\x82\xfa\x81/\x13\xdf\xfd\xf0\
8\xa1Ir\xd1d>\x9ai\x12\x0b\x92\x1f&\x94{\
\xda\x882\xf4\x816\x1b\x0boh\x143b\x83\xd0\x96\
\xcc\xd7\xca`\xee\x00FB!\x08\xe7\xc0\xbc\xce\x07\x11\
1\x1fI\xc3\xd0\x0d\x83\xaf\x93^#\xe5\x14\xa4\xc0\xe4\
\xa7\xc5\x04,\xf3\x83\xde\xb3\xdc\xfe\xf0}a4\x9b^\
KT;)M=T\xae%\x8f3\xf8\x86\xaa\x8al\
\x81\x98\xaf-\\\x8cb&%\xd2G{\x9aX\xd0\x01\
4\x95\xb37\x16\xdc\x8b7\xdb\x122.&\x0a\xcf\xa3\
O\xba\x98\xb4\x10%\xd0$\x0e1bj\xd9\x175\xb2\
\xd1A<[/q\x17\xc0\xf8\x96\xbd\x97\x1d\x83h\x16\
\xdd_y\x89\x89\x9ae\xb3%t\x81:BW\x04\xc4\
0\x05\x19Fv%S0\xc4\x84\xbf\x10O/\xf9\xfb\
\x8a\xc7\x89Bo\x0ec\xf5\x9b\xebM1\xe4Eq\xd1\
\xa0\x14K\xb2\x81\x0aE\x0cL\x13w\x1d\xd0\xd1\xcb\x03\
h\xeb\x91\xa0%$q\x85\x10\xc6]\xc63\x8c\xf2%\
E\x10\xb0\xecJ\xf1\xa4\xfcm\xbdi\x9c(\xf1Y\x0f\
[P,\xfe\xd8\x07\xb2\xc6A\xd7\x80\xacq\xd0'\xfa\
\xec9\xe4\xb5\x10jBt%\x16\x0cuz\xca8\xf1\
\xb5\x8bD\xc4\x85r\x83\xfd\xe9)\x88\xecz\xda\xd3\xc9\
\xe6\x1e\xe2\xb0\xcc\xab\x0e\xc7M\xc4\xb2\x14o\x95\xa7\xa4\
\xa0ig\xd0D\xf7\xc7\xea\x8ar\x88\xcc\xf3\x96\xd6\xe1\
\x151\xe5\xdb\xe0\xf9\xd8\xb9\xb8Mhsy\xfe\x90\x8d\
\xf4\x1bQ-\x9a\xd2\x18\x0d\x87\xf2\xf7-Gi(!\
 79\xb1\xc4\xacf\xec\x94RZ\xd4\xd2\xe4bg\
\xbcH+]$[\xe3\x0a\xcb\x94\xe2A\x1b\xab\x87D\
\xf7r\xff1\xcf\xactj\xffqB\x10m\x15\xa3y\
(\x98\xfe=\xcaS3\xd6%\xfb\x03Z\xbc\xb3\x82\xbe\
\xa1\xc5{\xa4\x93\xd4-H\xf3\x9fR\xe2d\x1c\x1dS\
\"2B \xfa\x18\xe5\xf8\x94]\xbdv x\x14\x8b\
\x11\x1e\xd6R\x96b\xe8\x9b\xa1~\xc5\xe1~(N\x18\
[\xb3\x93[\xef\x08\xe8*%\x96Hh\x97\x12\xe36\
\xeap\x17\xc5t\x95\x12\xab\xc4v\x95\x12KF\xd0U\
J,\x19\xb1\x9f\xfc\xdf\x03B\xf4\x10g\x84\x18q\x1d\
>\x85\xccD\xd2z\xc85\xe6\xedh\xf4\x19\xf3hN\
\xbd\xeb\xcc\xa3%\xa3\xae2o\x03\xda\xe7\xcc\xa3\xa3\xbd\
\xe1\xd9\xad!\xf1*r\xae1\x8fRP\xae0\x8f\xe6\
\xd4\xbb\xce<\xfa\x9db\x14\x86S\xbf\xef\x8b\x91\xc4\xd1\
\xb5\xb4\xbfb\x1e\xad|v\x91y\xb4W\xf4R4\x9d\
\xef\x1c\x17\xee_m\xd6OlM\x01\xf5u\xf4\x12\xf7\
\xc4r|\xe8\x9e\xe7\x8f#\x8f\x86O`\xf3\x81\xa9q\
\xc9\xc4\xf6.\xc1U\xaf\x8c\xe0\x1fr\"9\x0a\x08\xf1\
$t!f\x18M\xeb\xe1G@\\\x9d\x12C\x9br\
\x92\xc3\xb7\xc5\xd0811\xcd\xc1*0\xbb\x8d\x9c\x9b\
\x8bY\x8d\xa6\xf7\xe1ii\xe3A\xd5\xdbgo\xc7\xcf\
\xc3}\xf7r\x0d\x1d\x0d;Z\x1c\xac\xabq\xed\xc8?\
\\em<k\x10\xf7\xf2[\x08D\xa6\xad\xa7\xa4g\
l\x1e\xfb$\x17\xa8\x93\"%g\xc9I\xc4\xf9)\xcb\
C\xf2\x898\xd6\xd2\xfc\x9c|9e\xc6\xb2x\xca?\
\xb47\x84R\xf3\x06\x07>\x1d\x9dM$\xfb\xaf\xddJ\
\xfb?.4a\xd1\xa2\xd1\x17\x0bm9\xe6\x96\xd0N\
V\xda{@\xbbB\x19\xb5\xd0\xbe\xe7\xbf\x1eh;\xbd\
\xa3\xfbAK;\xe6\xa6\xd0N\x1e\xfb\xdc\x03\xda\xe7\x94\
Q\x0c\xed[\xfek\x82vx\x0c}'h)\xc7\xdc\
\x16\xdaq\x94\xdd\x08\xda\xa7\x94Q\x0d\xed;\xfe\xeb\x82\
vx\xeaw'h\x87\xcd\x83;A;y\xeaw\x0f\
h\x9fQF9\xb4o\xf8\xaf\x0d\xda\xce\xefh\xdd\x0f\
\xda\xc93\xff{@;\xd9:\xbc\x07\xb4O(\xa3\x1e\
\xdau\xfe+\x84\xf6\x1b\x87\x99Z\xa0\x9d\xfc\x05\x94{\
@\xdbs\xcc\xed\xa0\x9d\x8f\xb2\x1b@\xbbJ\x19\x95\xd0\
~\x87\xff:\xa0\x9d\xfc\xe5\x8a{@\xdbv\xcc\x0d\xa1\
\x9d\x8d\xb2[@\xbbF\x19\xa5\xd0r3S)\xb4\xdc\
\xcc\xd4\x0a-73\x95B\xcb\xcdL\xad\xd0r3S\
+\xb4\xdc\xccT\x0a-73\xb5B\xcb\xcdL\xa5\xd0\
r3S+\xb4\xdc\xcc\xd4\x0a-73\x95B\xcb\xcd\
L\xad\xd0r3S+\xb4\xdc\xccT\x0a-73\xb5\
B\xcb\xcdL\xa5\xd0r3S+\xb4\xdc\xcc\xd4\x0a-\
73\x95B\xcb\xcdL\xad\xd0r3S)\xb4\xdc\xcc\
\xd4\x0a-73\xb5B\xcb\xcdL\xa5\xd0r3S+\
\xb4\xdc\xccT\x0a-73\xb5B\xcb\xcdL\xad\xd0r\
3S)\xb4\xdc\xcc\xd4\x0a-73\xb5B\xcb\xcdL\
\xa5\xd0r3S+\xb4\xdc\xccT\x0a-73\xb5B\
\xcb\xcdL\xad\xd0r3S)\xb4\xdc\xcc\xd4\x0a-7\
3\x95B\xcb\xcdL\xad\xd0r3S+\xb4\xdc\xcc|\
N]\xffQc,$\xff\xf9\xff\xf0\xf7\x8bC\x18\xfe\
 1\xfd\x07m;\xee\x87\xc7\"\xde\xf0\x00\x00\x00\x01\
orNT\x01\xcf\xa2w\x9a\x00\x00\x00\x17IDA\
T(\xcfc\xfc\xcf@\x0c`\"J\xd5\xa8\xb2Qe\
CX\x19\x00H\x1e\x01';N\x7fU\x00\x00\x00%\
tEXtdate:create\x00\
2023-12-27T17:34\
:14+00:00Eb\x9bo\x00\x00\x00\
%tEXtdate:modify\
\x002023-12-27T17:3\
4:14+00:004?#\xd3\x00\x00\
\x00(tEXtdate:times\
tamp\x002023-12-27T\
18:43:39+00:00\xacO\
\xbf~\x00\x00\x00\x13tEXtdc:for\
mat\x00image/png\xff\xb9\x1b\
>\x00\x00\x00\x15tEXtphotosh\
op:ColorMode\x003V\x02\
\xb3@\x00\x00\x00&tEXtphotos\
hop:ICCProfile\x00s\
RGB IEC61966-2.1\
\x1c/l\x0b\x00\x00\x00\x10tEXtxmp:\
ColorSpace\x001\x05\x0e\xc8\xd1\
\x00\x00\x00(tEXtxmp:Crea\
teDate\x002014-02-2\
8T14:08:01-08:00\
\xc7\x81\x04\xb1\x00\x00\x00.tEXtxmp:\
CreatorTool\x00Adob\
e Photoshop CC (\
Macintosh)Xq t\x00\x00\
\x00*tEXtxmp:Metada\
taDate\x002014-07-3\
1T15:52:56-07:00\
EK\xe6\xa3\x00\x00\x00(tEXtxmp:\
ModifyDate\x002014-\
07-31T15:52:56-0\
7:00y\xef\xb5\x1d\x00\x00\x00\x16tEXt\
xmp:PixelXDimens\
ion\x0019\xf8\xd1,\x09\x00\x00\x00\x16tE\
Xtxmp:PixelYDime\
nsion\x0020w\xb6\x1e\xeb\x00\x00\x00=\
tEXtxmpMM:Docume\
ntID\x00xmp.did:321\
3c2f0-0299-4c62-\
b2da-e2c34b9aac4\
5\xdd\x14\x8a\xbd\x00\x00\x00=tEXtxmp\
MM:InstanceID\x00xm\
p.iid:9dedd170-6\
d76-418d-90ab-44\
ac24176c79t\xa0?#\x00\x00\
\x00EtEXtxmpMM:Orig\
inalDocumentID\x00x\
mp.did:3213c2f0-\
0299-4c62-b2da-e\
2c34b9aac45\xd1\xc9\xe4N\x00\
\x00\x00\x00IEND\xaeB`\x82\x00\x00\x173\x89\
PNG\x0d\x0a\x1a\x0a\x00\x00\x00\x0dIHDR\x00\
\x00\x00>\x00\x00\x00>\x08\x06\x00\x00\x00s\xc1\xa8D\
\x00\x00\x00\xc3zTXtRaw prof\
ile type exif\x00\x00x\
\xdamP\xdb\x0d\xc30\x08\xfcg\x8a\x8e`\x1eq\xf0\
8N\x9bJ\xdd\xa0\xe3\x17\x0c\x8e\x92\xb6'\xf9\x8c9\
t\x06`\x7f\xbf\x9eps\x10\x0a\xc8\xb2jm\xb5\x16\
\x834i\xd4-\xd0\x12\xe8\x83\xb1\xc8\xe0\x01\xdeS\xc3\
k\x1e\x0e\x81,\xc5^\x19O\xadY?\xf3x\x18\xc4\
\xd5-ZNFzOa\xbb\x0aM\xd2_\xbf\x8c(\
;\xf3\x8e<~\xa4QK#\xa6\x100\x0dz\x8cU\
j\xd3\xf5<\xc26'\x98\xd08\xe0$zm\xfb\xe7\
\xbd\xda\xf6\x1e\x8b\xfd\xc3D;#\x17c\xe6\x1a\x0d\xb0\
\x1f\x01\xee#pnV\x88\\-f\x16c\xe4\xd9\x89\
-\xe4\xdf\x9e&\xe0\x03v\xefY|[\x9e\xcf\xa9\x00\
\x00\x01\x84iCCPICC profi\
le\x00\x00x\x9c}\x91=H\xc3@\x1c\xc5_S\
\xc5\x0f*\x0ef\x10q\xc8P\x8b\x83]T\xc4\xb1V\
\xa1\x08\x15B\xad\xd0\xaa\x83\xc9\xa5_\xd0\xa4!Iq\
q\x14\\\x0b\x0e~,V\x1d\\\x9cuup\x15\x04\
\xc1\x0f\x10g\x07'E\x17)\xf1\x7fi\xa1E\x8c\x07\
\xc7\xfdxw\xefq\xf7\x0e\x10\xeae\xa6\xdb]1@\
7\x1c+\x95\x88K\x99\xec\xaa\xd4\xf3\x0a\x01}\x10\x11\
\xc1\xb8\xc2lsN\x96\x93\xf0\x1d_\xf7\x08\xf0\xf5.\
\xca\xb3\xfc\xcf\xfd9\x06\xb4\x9c\xcd\x80\x80D\x1cc\xa6\
\xe5\x10o\x10\xcfl:&\xe7}b\x91\x15\x15\x8d\xf8\
\x9cx\xc2\xa2\x0b\x12?r]m\xf2\x1b\xe7\x82\xc7\x02\
\xcf\x14\xadtj\x9eX$\x96\x0a\x1d\xacv0+Z\
:\xf14qX\xd3\x0d\xca\x172M\xd68oq\xd6\
\xcbU\xd6\xba'\x7fa(g\xac,s\x9d\xe6(\x12\
X\xc4\x12dHPQE\x09e8\x88\xd2j\x90b\
#E\xfbq\x1f\xff\x88\xe7\x97\xc9\xa5\x92\xab\x04F\x8e\
\x05T\xa0C\xf1\xfc\xe0\x7f\xf0\xbb[;?5\xd9L\
\x0a\xc5\x81\xee\x17\xd7\xfd\x18\x03zv\x81F\xcdu\xbf\
\x8f]\xb7q\x02\x04\x9f\x81+\xa3\xed\xaf\xd4\x81\xd9O\
\xd2km-|\x04\x0cn\x03\x17\xd7mM\xdd\x03.\
w\x80\xe1'S\xb1\x14O\x0a\xd2\x14\xf2y\xe0\xfd\x8c\
\xbe)\x0b\x0c\xdd\x02\xfdk\xcd\xdeZ\xfb8}\x00\xd2\
\xd4U\xf2\x0688\x04\"\x05\xca^\xf7ywog\
o\xff\x9ei\xf5\xf7\x03\xad\xc6r\xbem\xe6\xca\x14\x00\
\x00\x0eYiTXtXML:com.a\
dobe.xmp\x00\x00\x00\x00\x00<?x\
packet begin=\"\xef\xbb\
\xbf\" id=\"W5M0MpCeh\
iHzreSzNTczkc9d\"\
?>\x0a<x:xmpmeta xm\
lns:x=\"adobe:ns:\
meta/\" x:xmptk=\"\
XMP Core 4.4.0-E\
xiv2\">\x0a <rdf:RDF\
 xmlns:rdf=\"http\
://www.w3.org/19\
99/02/22-rdf-syn\
tax-ns#\">\x0a  <rdf\
:Description rdf\
:about=\"\"\x0a    xm\
lns:xmpMM=\"http:\
//ns.adobe.com/x\
ap/1.0/mm/\"\x0a    \
xmlns:stEvt=\"htt\
p://ns.adobe.com\
/xap/1.0/sType/R\
esourceEvent#\"\x0a \
   xmlns:stRef=\"\
http://ns.adobe.\
com/xap/1.0/sTyp\
e/ResourceRef#\"\x0a\
    xmlns:GIMP=\"\
http://www.gimp.\
org/xmp/\"\x0a    xm\
lns:dc=\"http://p\
url.org/dc/eleme\
nts/1.1/\"\x0a    xm\
lns:tiff=\"http:/\
/ns.adobe.com/ti\
ff/1.0/\"\x0a    xml\
ns:xmp=\"http://n\
s.adobe.com/xap/\
1.0/\"\x0a   xmpMM:D\
ocumentID=\"xmp.d\
id:594212BAAE431\
1EEAAE1B600F4AC3\
953\"\x0a   xmpMM:In\
stanceID=\"xmp.ii\
d:d3b1e467-f604-\
4e84-b30c-5c3962\
e3e81b\"\x0a   xmpMM\
:OriginalDocumen\
tID=\"xmp.did:008\
0117407206811871\
FA882204C4943\"\x0a \
  GIMP:API=\"2.0\"\
\x0a   GIMP:Platfor\
m=\"Mac OS\"\x0a   GI\
MP:TimeStamp=\"17\
07514456688033\"\x0a\
   GIMP:Version=\
\"2.10.36\"\x0a   dc:\
Format=\"image/pn\
g\"\x0a   tiff:Orien\
tation=\"1\"\x0a   xm\
p:CreatorTool=\"G\
IMP 2.10\"\x0a   xmp\
:MetadataDate=\"2\
024:02:09T16:34:\
14-05:00\"\x0a   xmp\
:ModifyDate=\"202\
4:02:09T16:34:14\
-05:00\">\x0a   <xmp\
MM:History>\x0a    \
<rdf:Seq>\x0a     <\
rdf:li\x0a      stE\
vt:action=\"saved\
\"\x0a      stEvt:ch\
anged=\"/\"\x0a      \
stEvt:instanceID\
=\"xmp.iid:37cce3\
4b-33a7-4171-811\
e-474610e8ba8b\"\x0a\
      stEvt:soft\
wareAgent=\"Gimp \
2.10 (Mac OS)\"\x0a \
     stEvt:when=\
\"2024-02-09T16:3\
4:16-05:00\"/>\x0a  \
  </rdf:Seq>\x0a   \
</xmpMM:History>\
\x0a   <xmpMM:Deriv\
edFrom\x0a    stRef\
:documentID=\"ado\
be:docid:photosh\
op:060af42f-1f48\
-9d4b-848a-1b784\
1247ef0\"\x0a    stR\
ef:instanceID=\"x\
mp.iid:8b414b91-\
01fa-41f0-a69c-5\
19695056937\"/>\x0a \
 </rdf:Descripti\
on>\x0a </rdf:RDF>\x0a\
</x:xmpmeta>\x0a   \
                \
                \
                \
                \
                \
                \
 \x0a              \
                \
                \
                \
                \
                \
      \x0a         \
                \
                \
                \
                \
                \
           \x0a    \
                \
                \
                \
                \
                \
                \
\x0a               \
                \
                \
                \
                \
                \
     \x0a          \
                \
                \
                \
                \
                \
          \x0a     \
                \
                \
                \
                \
                \
               \x0a\
                \
                \
                \
                \
                \
                \
    \x0a           \
                \
                \
                \
                \
                \
         \x0a      \
                \
                \
                \
                \
                \
              \x0a \
                \
                \
                \
                \
                \
                \
   \x0a            \
                \
                \
                \
                \
                \
        \x0a       \
                \
                \
                \
                \
                \
             \x0a  \
                \
                \
                \
                \
                \
                \
  \x0a             \
                \
                \
                \
                \
                \
       \x0a        \
                \
                \
                \
                \
                \
            \x0a   \
                \
                \
                \
                \
                \
                \
 \x0a              \
                \
                \
                \
                \
                \
      \x0a         \
                \
                \
                \
                \
                \
           \x0a    \
                \
                \
                \
                \
                \
                \
\x0a               \
            \x0a<?x\
packet end=\"w\"?>\
=h\xbb\xd9\x00\x00\x00\x06bKGD\x00\xff\x00\xff\
\x00\xff\xa0\xbd\xa7\x93\x00\x00\x00\x09pHYs\x00\x00\
\x0b\x13\x00\x00\x0b\x13\x01\x00\x9a\x9c\x18\x00\x00\x00\x07t\
IME\x07\xe8\x02\x09\x15\"\x10\x91\xe3\x18z\x00\x00\
\x05\xfcIDATh\xde\xed\x9b{lSU\x1c\xc7\
\xbf\xe7\xde\xdbv\xeb`\xed\xb6vn)\x8f\x11A\x8a\
2\x04\x8c\xb8\x88Q!\x1a\xd0\x0c4\x021.`\x0c\
\xc4\x19\x91@d\x82\x99ADt\x81\x10A@\x0d\xe1\
%L!\x0a\x04\x04A\xa7F&\x04|\x00\x1b\xb0\xc9\
\xa3{\x8fn\xdd\x80n}l]o{_\xc7?\x98\
\xc3\xc9\xbat\x0f\xb6\xae\xf4\xf7\xdf=9\xe7\xe6|\xce\
\xf9\xfd~\xe7\xf7\xbb\xe7w\x09\x82\x90\xc7\xb2\xd2\xe3\x8d\
f\xd3\xe2\xcb~\xc72\xab\xafE\x8bP\x17\x99\xdeD\
\x8b\xffS\xa5\xa8~\x13=r\x95\xef\xa8\x0b\xd7)\xf0\
;\xe9j]\x8a\xf1\xf9\x98D\xddjN\xcd\x8d\xe5\xea\
\\\x04\x03AX\x92\x08}t\x0e3\xd1\x04\xf9\xc8\xd5\
\xb5\x1dua\x02\x0ce\xa6\xac}\xe5\xc1\xa4\x09#\xf6\
\xc4\x9a\xe2\xf71,\x93\x0a\x85\x0e\x0c\xe8\x7fE\xa1\x0c\
\xb4\xaa\x0cf\xa2I\x1f\xd4\x8e?\x9e\xfdBB\xdc\xc8\
\xa4\xcc(}\xccRB\x88\x81*\x14\x03V\x14\xe80\
\xca\x10\x8d\xf36W@\xf0\xd1/MR\xa7L}h\
\x9a\xd6\xa8\xfb\x90U\xb3\x13\xa8BA\xe9\x00\x86\xbe\xad\
\xf6\x08\xb8\xe3\xb9\xbf\xed\x8f;X{\xf2\x0buL\xd4\
,J\xa9z@\xefr\x90\xc2\x00@\xdc}\x09CT\
1\x9a\x97)\xa5j\xdc#\xc2\x00\x00m\x15\xdcC\xc2\
\xe0\x1e\x15\xae\xcfV\x98\x10\xbc14\x0d\xd1\\T\xb7\
\xc6[\\V\x1cs\x94\x83AWNU\x1a\xa5%\xbe\
\xa9\xec\x9c\x11N\x00 \x0a\xa5Kg,,X\xf9\xda\
r{\x9f\x81\xab\x19\x0e+\xa6\xbf\x09\xbd6\xb6[\xe3\
\xbf/\xca\xc7\xd1\xfc\x8d\x00\x09\x1e\x9c\x80&\xaa\x06\xb1\
\xb9D\xd2\xdcZ\x06YVH\x14;\x13\xc0O\\\x9f\
\xaa\x17a\xa1aU\xdd\xd4\x98n[%\xdbn-\"\
6\x1e\x12\xd1\xa5\x12\x8c\xbd\x86\x17\xb8_\x12\xb1\xfc\x87\
\x8d\xb0:\xeb:3V\xd4z\x1d=Q\xf7P\xdcq\
\x8aJW=\xf2\x1aK\x83pV\xe1v\x8e\xf7C\xde\
w\xcf:\xb7\xd0\x00\xef\x87`\x99\xeb\x7f-'0\xeb\
M\xd0\x91\x8e\xa7\"*\x12N\xbb\xaapC\x16\xc2\x0b\
\\\xcd\xa9\xf0q\xfab(\x01r\xa4f\xc1\x8b\x85\xfb\
V\xe1\xb0\xa3,\xfc\xce\xf1\xce\xa29Q\x16\xbb\x18\x9f\
G\x9c[\xe8\xef\xb8 K\xa0\x01<\x9c\xa0Hw\xc5\
\xf7q\xfd\x0f-b\xcd/;\xd0\xd0d\x0f\x00.\xa3\
\xc0m\x0d?pJ)\xce\xdd,E^Ci\x9f\xc6\
7!\xa1\xea\x84\x90>\x0f\xde\"\x91[\x04<\x02\x1e\
\x01\x8f\x80G\"\xb7nf\x9eM>\x0fX\x86m\xd7\
\xee\x97\x04\x88\xb2\x14\xbe\xe0~YD\xda\xde%`;\
X\x90F\xd9\x1f\xde\xb1z\xa3\xe4\x8b\xd8x\x04<\x02\
\x1e\x01\x8f\x80G\xc0#\xe0]\xce\xf4{~\x8e\xcb\x92\
\x0c\xd9\xed\x81\x9ao\xe9\x97+\x9fna\xcb\x0a\x10\xa0\
\x82+(\xf0\xa6F\x07*,%p\xb9\x9d\x88\x0e\xf7\
X\x9d\x10B}<OjJ+`\xb3\xd5\x04y\x87\
=\x90\xc1\x09\x00\x10W\xf3u\xe77\xc5E\x05\xb3\xfd\
\x92`\x0c\xeb\xec\x8c\x00 \x0c\x11$^\xfc\xd9Um\
\x7f\xbf\xf0\xbb\x13Nnl\xecL\xc2t\xdd\xa0)(\
\xcc\xb1\xc3`\xd0\xc6\xb5\xb5\xf9D?\xac\xee:\xd8\xa5\
f\xa8\x19\x0e\x8f$\x9a;\xbc\xe8\x97d\x09E\x8de\
0\xeb\x86#F\xa3m\xcbdx\x81G\x95\xdb\x06\x87\
\xec\xed\x15\x17\xc3\x01\x00\xcb0Pdj\xf1^w\xe6\
\xd4\x9e);x\xf9\xabSB\xf4\x04\xe3\xd0\xeef0\
.\xd9\x8f\xd5\x19\xd9xj\xfc\x13\xa0\xad\x8b\xea\x97\x04\
\xd4\xdc\xa8\xc5\x8e\xa3\xbbq\xd6Z\x84}+vC\xcd\
\xddYH\xe9\xf66a\xee\xbaLlX\x90\x83QC\
\xefok\xe7E?\xaalU\xf8\xfc\xd0V\x1c*=\
\xde;\xe0Q<W}-\xaf\xf8\xe9\xf3\xbb\xf2\x1bz\
+\xf7f\x19\x16*N\x85\xfa\xc6\x1b(\xb4\x9c\x879\
e4\xcc\xc3\x1f\xc0\xbbs\xb3\xb0`\xfd[8^p\
\x12*\x8e\xc3\xb8\x91\xa90\x19\x92ak\xa8GQ\xd9\
\xdf\xf0\x0a<\x1a\xbcNp\xad\xe3-\xd62X\xaa,\
\x187*\x15\x0f\x8fL\xc5{\xf3\x96\xa10\xa7\x18\xd7\
|\xf6\x9e\x83?3\xf1I\x0f\x00\xcf\xdd\xb0%\x9b\xbd\
\x0e3\xb6eb\xee\xe8\xe9\xd8\x9a\xb5\x19F]\x02\x0c\
\x83\xe31o\xe7\x120\x00~|{\x0fL\x86dT\
\xd4Ua\xd6\x96LhX5\xdc\xcc\xed\x0f\x13W\xaa\
-\x98\xf3\xe5\"dO^\x80\x95\xf3\xb3\x91lHB\
rlb\x8f\xc1\xfb(\x80\x91\xf1\xff2\x7f\x96\xe5\xc0\
\xb2\\[\xc1\x1e!\x04\x1c\xcb\x81e\xd9;|\xadB\
\x14\xc4\x0d\xd6\x83!\x04\x92$A\x94\xc5\xd0\xff\x10\x91\
\x18oDn\xc6z\xa4\x8dy\x14\xd1\x9a(\xd8]\x8d\
\xb0\xdak\x82vP\x93S\xd3p\xe5\x83_\x91lL\
\x02\x00\x9c\xba\xf8;J\x9c\xd5\xa1\x0fn2$c\xf6\
\x94\x17!\x8a\"\xcak*\xb1\xfd\xe8.\\p\x94\x83\
\x04Y\x9a\xc9\xb1\x1c\x12\xf4\xf1\xd0\x0f\xd2\xa1\xb2\xbe\x1a\
\xd9{?\x82G\x11B\x1f\xdcr\xad\x0c\x9b\x0e|\x01\
'\xef\xc6\x1f\xf5Eh\x11}`\xbbP\xafv\xe2\xe2\
i\x1c8y\x08\xdb\xb2>\xc3\xb0\xc4!\x989~\x1a\
6\xff\xf9u\x97\xde\xd1/6\xee\xf3\xf3\xd8n9\x86\
\xfc\x9as\xf0IB\x97'L\x00|[~\x1c\x7f]\
:\x0b\x8e\xe50?\xfdUd\x8cy.4\xb33\xa6\
5`i\xe6=\xe0E\x7f\xa7Y\x92\xd7\xefE\x13\xef\
\x01/\xf0\xff\x81%\xe0E\x1f\x9ay\x0f|\x92\x00\x0d\
\xa3\xc2\x96c;Qs\xd3\x86\x94\xa4a\x98>\xe9\xd9\
\x1e\xff/sWT]\xc7j\xb0\xee\xc0F\xe4\xe6\xed\
\x81\xc3\xebB\x1c\xa3\x0ex\xde\xaf\xd9\xbf\x1e\x06m<\
\xec^\x07T\xec\xad\xe9\xe8\x89\x0a\xd9;W!V3\
\x08\xb5M\xd7\xa1eU8a+\xc4\xeb\x1b\x16a\xec\
\x103.\xd5\x96\x04\xed#\xfa\x14\x9c\x80\xa0\xd8U\x09\
\xb8*\xdb\x9e\x03\xc9\x05G9\xe0@\xbb~\x04\x04g\
\xecW\xda\xbd\x0f\x048\xd7`\xc1Y\xfb\xd5\x1eCw\
\xaa\xea\xd4+\xf1\x84\xa0%\xe4rlBz\xcd\x1c;\
vJ%\xce\x06ET\x0e\x83\x0c\xac\x1f\x0c{\xc5\xb9\
\x09\x15M9\x0a/}\x02J]\xe1\x06\xfe\x0f\xc9^\
IT\xb3\x0e\xee\xda\x00\x00\x00\x00IEND\xaeB\
`\x82\x00\x00\x14Y\x89PNG\x0d\x0a\x1a\x0a\x00\x00\
\x00\x0dIHDR\x00\x00\x00\x80\x00\x00\x00\x80\x08\x04\
\x00\x00\x00i7\xa9@\x00\x00\x14 IDATx\
\xda\xed\x9dy\x94\\U\x9d\xc7?\xf7\xbe\xa5\x96\xee\xea\
\xee\xf4\x9a\xa4\x13\x12\x08\xd9\x1a\x12\x12 \x10\x96\x10\xc3\
\"\xb2\x88\x0a\x8aB\xc6\x05\x97Q\xc6\xe38:\xce\xc8\
qfp\x16\x8fg\xc6\x05\xc63\xa3\xcc\x0c\xa0 :\
\xa2\x03\x88\x03\xa2a\x0b\x11BdI0\x90\x85$\x90\
\xa4\xb3w\xa7\xd7\xda\xdfz\xe7\x8f\xf7\xaa\xba\x13;\xe9\
\xaa\xeaP\xed`\xff\xee\xe9\x9c\x9c\xd3U\xef\xdd\xfb\xbd\
\xf7\xfe\x96\xef\xefwo\xc3\x84L\xc8\x84L\xc8\x84L\
\xc8\x84L\xc8\x84L\xc8\x84L\xc8\x84L\xc8\x84L\xc8\
\x1f\x99\x88\xf1z\xf1\x9f\x8b8\x11t<\xb2d\xf8\xae\
\xfa#\x01\xe0\x9d\xa2\x99:\x11\x135\"!V\x0b)\
$\x0aW]\xa4R*\xab\xb2*\xa9\xbaX\xa3\xde\xb6\
\x00\xc4\xc4\\\xa6\xc9\x16\xb1E;\xa0\xed\x95Hd\xf8\
v\x85\x8fw\x81\xd7\xe27x\xddj\x9fz\xb5\xaa\x10\
\xe8\xd5{\x95\x81.\xfb\xb4Gu\x8c\x95\xa7}d\xe5\
\xfc\x0e\xa3\x11\x14\x02\xf0\xd2\xab\x1e\xfb\xd2\x7f\xf4[\x93\
\xdd\xf3\xbc\xa8\xd7J\xb7z[j\x9b&m^\x84Z\
\x1a\xbf\xf1\xa9>\xb7O\x1d\xdd\x9e\xbc\x8fV\xea\x9bb\
\x17\x1a\xd3d5\xbb\xa5U\xebER\xd6k\xbb\x0d\xa2\
\xd4\xdc}\xbb1E\xe1\xa3\x865\x98\xb20\xb3\xf5\xa5\
\xdd95\xe0\xd7\xf8)\xaa\xb7\x04\xaa\x86\xb6.z4\
L\xa2$\x8c\x19\x1e\xeeQ\xcd\xc3\xe7\xe6OQC$\
i\xd8\x9a^E\xcdT%\x00\x84\x88JG\xc7$\xfe\
\xae\x0e\xd9\xe02Rk]\xd2\xdaH\x0c\xa3O\x8b\xbe\
\xfd\x00\x88\x0aW\xa2\x13!\xbe\xf4\x12\x0f\x0f\x0f\xff\x88\
\xe6\xe1\xe1\xeb\x1d'\x11\xc5\xcck\x09\x99\x10o3\x00\
\x1a\x85\xafa\x10!\xfe\x81\xcb\x8f\xdc\xfdA\x0b`\x98\
1\x8f8&\x86-[\xab\x06@U\xcc\xe0\x192\xaf\
\xed7\x88\x10\xbd~i\xe3\xc9.\xfe\x08\x9fQ\xf8|\
\xfc\xba{\x9f!K\xbe[?\xddkU\xebF\xd0\x84\
\x1f\x155\xe8\x08\x14.\xdf;!\x9ar\xccH_'\
\xea\x88\x8b\x1a\"BW\x16i\xfaU/\x8f\x0d\xeb\xda\
e\"\"Lm\x8d\xd9\x1b\xa7\xbe\xa6\xf5\xd9\xef\xb7\xcd\
\x1d\x19\x00\xd00\xf8\xe9]\x7f\xf1=\xfaH\xb5\xe6.\
sl\xdfV\xbf(>\xe9|\xd1F\x9bl\x12u\xc2\
d\xbb8IeUR\xf5\xab\x1e\xf5\x98\x1aG\x00\x96\
\x8a)\xa2Q$\xe4zi\x0aCH<e\xfbK\xfd\
~5\xe0\xa7\xb1\x91\xc4\xa8\x155\xf2\x90|\xd8 F\
m\xfb\xe4o\xdf\xba\xfc\x8a@\xe3\x8f\xd4\x11\x89\x8e\xce\
\x13\x0f~\xeb\xdf~\xb7\x93\x0c\xd6\xb9\xeey\x9e\xadr\
\xbe\x8d\x87.b\xa2_;,\xd7hh7\x9d\xeay\
?\xdc\x85\xb7\xcc[\xe8\xf5\xf9\x87\xfdClR\xe3\x02\
\xc0\x99b\xb2l\x96O\xea\x07\xb4\x19\xb1k\xdf\xab\x9f\
\xecvn~\xe6\xf1Cx\xcb\xdd\xa9\xfe\x14\xdfEb\
\x88\xe7\xb5\xb5\x1a\x06\xe6\x95\xf3\xaf\xfb\xe8\x15\xd7j\xf5\
\x81\xc9;VWtt4p\xb6?y\xcf\xbdw\xad\
\xc6\xc1\x99\xe1M\xf7\x96\xab\x9dt\xca}\xda\x1e\x1d}\
A\xf3\xf7o\x9fy%\xa4_\xfe\xcc\x17Wm\xc2Y\
\xec\x9c\xe2\x1d\xf6\xbb\xd5\xeb\xaa\xea\x00,\x12\xcd\xd2\xd5\
\x9f\xd11\x17\xb6=\xfc\xb3\xda\x05\x00\xb8[\x1f\xfc\xec\
W7\xf5\xe0\xe2\xa1\x00\x0d\xbd%z\xfd\x95\x9f\xfdh\
\xf3\x05J\x80\xc7\xb1\xe6\xbf\xb0\x09\x82\x06\x82\xfc\x9b\x0f\
\xdcw\xf7O7\xf7\x84_\x90\xe8M\xd1[n\xbc\xf1\
\x8bzk\xa83R\xb7|\xf8\x9eu\xe4[\x9d\xa5n\
\xaf\xd7\xa3\xb6\xa9\xaa\x02\xd0!Z\xa4\xab\xaf5\x89\x9c\
>\xf5\xe1\x9f$:T\xf1a\xd6\x9e/|\xee\xc1\x0d\
\xb8(\xc4\xb2\xf6\x8f\xac\xbc\xf2\x06crA\xd3\x07\xe6\
O\x1d\xa73\x12\x0d\x0d\x89\x08:\x96\xdf\xf4\xc8=?\
\xba\xef\x15x\xff\xac\x8b\xdf}\xcd\x07\x8d\xf6\x82\xd5\x10\
HT\xfaK7\xfdx-\xb9f\xeb,\xb7\xd7\xebV\
{T\xd5\x008IL\x96\xe8/F\x88v\xb4\xff\xfc\
\xc7\xf5\xf3\xfdpX\x12\x81D\xa8\xfe\xf5\xab7*\xff\
\xc29m\x17\xa0\x0f7s\xfeq\x87_\x80\xa0\x10(\
\x16`p\x07\xa4)\xe3\x81\x9dP\xc5\x05!\xd1P\xe9\
/~\xfc\xfe\xb5d\x1b\xad\x0e\xb7\xcb\xdb\xa3,U\x15\
\x00L1CF\xf4M&\xb1\x8ei\x0f\xfd\xb8~\xde\
\xd0\xbc\x0a4$Z\xf1\xa1*\xecta\xe8\xaa\xc4.\
\x89#\x80\x10\xc5'\x05.S\xe1M\x1a\x1a*\xfd\x97\
\x9f\xb8\xff92u\xd6\x14\xa7\xd3\xcfW\x05\x00a\x8a\
&\xed`\x84h{\xf3\xaa\x9f5.\xf0\xf0p\xc3\xc1\
\x89pf\xe4Q\x9dV%\x0f~x\xb7F\x06@\x15\
=8\x0d\x1d\x0d?u\xedU/n'\xdbn\xf5\xb8\
\x96*?\x8a\xaa\xc0\x11R\xb2W\xc7$~\xcb\xcd\x8d\
\x0b\x82\xb0\xc6\x1f\xe6\xccH\xbc\"\xd3Q\xce\xbc\x1f\xed\
\x16\x81\x1f\xae\x85\xc2\xb3\x8e|\x92\x17\xc2\xaa%\x96^\
\xfe\xe2^\xdc\x1eO\xf9\xc740'\x14\x00\xe1I\xdf\
 B\xfc\xf2\xab\x0aq\xdc\x91\x1d\x13\xf8\xc5YcL\
\x81\xad\x0a7\x04#>\xa9\x00\x01u\xc4\xb0,Gs\
\xab\x04\x80\xaf\xa1c\x12w\x8d`\xf6\xd5\x08\xdd>q\
r\xbc\xa7\x05\xe3=\xb4\x9f(&yO \xca\x7f\xb9\
\xac@k\x084L\"\xb7\xff\xac0\xff\xe3\xd7<R\
\xc9Gw`\xa0#+\x0b\xec*\xf9R`\xae\xf5;\
_z\xfa\xc5\xf1\x1d\xbeB\xf1_\x8ff\xd5\x90\xe3P\
\xcdpX \xfe\xe5\x97\x8e3\xbe\xc3_\xbd\xf1\x8e\xb5\
\xc3x\xb5\xaap\x82\x820\xb2'>\xa0O\x9e4\xff\
\xa4\xf1\xe3Ys\xf9\x9b\xee\xce\xf73H\x924y\xec\
Q\xfd\xac\x13\xb2\x02\x02\x9f\xd6\xc5\xc2\"\xff\x93u\x8c\
#\x85\xbdn\xdb@\x8a\x1cy\xec0\xfaP\xd5\xb0\x02\
\xe0\xe3bc\x91#\xb7\xed\xe0\x9e\x83\xd3\xa7\x8e\x17\x00\
\xdb{\xc8\x91#\x87\x85\x83{\x9c(\xeb\x84\x02\xa0B\
\x00\xf2\xe4\xc8\x92\xff\xdd\x9ei\xe3\x04\x80\xa0V\x92'\
G\x1e\x0bg\x948\xeb-\xd8\x026y\xf2\xe4\x857\
^\xf9U\xc1\x8a\x99XX\xd88\xb8\xc2\xafl3V\
\xb2\x05\x825\xe0`c\x1b\xee\xc5\x1d\xaa\xb2\xb57\xe6\
\xe1+f\x9e\xbc\xbc}\xcd\xde\xc0\x1d\xd5\x95S5R\
T\x09\xa5\x82\xc0\xcc}\xdf\xe9u\x93\x9c\x0a\xa0\xb7\x9d\
\xed\x87\xb7\xf6\x1f\xce\xa7\xf3QcRtN\xfd\xbc\x96\
\xfax\xf9\xf3\xa0Xy\xe9\x9a\xdf\x861\xaar+Z\
\x02\x15\xb1\xc2\x06v\xf8\xbf\x8f]Z\xae\x09\xf6\xfdg\
w=\xb2}\xed>\xdb)\xc67\x02\x0d\xb9\xa0\xe5\xf2\
\xd9\xef\x99\x1b\x8f\x94\x17.-[\xd6\x9e\xd8\xdf\x8bD\
\xc4\x84\x85[\x15?\x00!\xe2\x9am\x10\xa5\xf6\x9c9\
\x9f\xbc\xd9\x15^\x19\x00<\xb7\xf3\xafW\xdd\xff\xea\xee\
./C6l\x81\x12\xb3\xbbS\xcf\xef}\xf0u\xa9\
\xe6\xb7JY\xea&\x10\xe8\xba\xdd\xb3n#\x16N\xdc\
\xf3}\xa7\xa2\xadT\xfe\xfcKM\xcf\xc7\xa9\xa7\xe9\xb6\
/_q\xbdE\xa9K/k}}\xf5\xaa\xedX\xe4\
\xb0\xb0\xb1q\xf1\xf1\x91\x08t\x0cL\"D\x89\xcen\
\xfb\xfae3\x9bK\xf5\xc8L\xb2\xbb\x97|\x90\x1e\x06\
\x1b3\xd2\xee\xf1\xab\xb0\x024Q#\x1d\xc3\x8b\x11o\
j\xfe\xda\xdf\xf9\x11\xb7\xc4-\xd0\x93\xfc\xf4C/\xef\
$\xc5 \x83\xf43\xc0\x00\x83\x0c\x92\"I:\\\x07\
6\x0e^_\xf6\x97ot\xb4\xb47\x94\x1a,\xc7\x1b\
\xf6m|}/v\xcem\xf7t\x95y\xeb\x01h\x14\
\xba\x962\x89\x91\xf8\xf0{\xcf\xbf\xd4>.\xcb;$\
}\xa9O?\xd0y\x80$\x03\xf4\xd1\x1f\x02\x90$I\
\x8a\x0ci\xb2d\x83\x8d\x80\x83\xe7x\x8f\xef^8y\
jC\xa9\xdb\xa05\xfa\xc0jl\xdcZ\x7f\xb2\x7fP\
\xbd\xc5\x00\x9c!\x9a\xe4!\xc3\x8eRK\xdd\xb7\xbf\x1c\
muJ\xf2>\x1c\xf7s\x0f\xbc\xb9\x97\x01\xfa\xc2\xd6\
\xcf )\xd2d\xc8\x92#\x17x\x14X\x05\x97\xd6W\
\xcft^|j]\xbc\xb450u\xda\xd3\x8f\xf7$\
q\x07\xbdS\xd5b5\x9b\xedo\x15\x00\xd7\x88\xb9\xa2\
Q\xee\xd7\x0fF\x88S\xf7\xe1\xcb\xde\xb5\xd2)q\xfe\
\xefX\xfd\xd4\xab\xf4\xd3O\xef\xb0\xc1g\xc3A\x17\x9a\
\x1d84\x01\xeb\xe9\xf0j\xd7\xd5\x0bGW\x87\x0a\x81\
\xa6\xbd\xeb\x9c\x8d\xeb\x0f\x0c\xe0\xefQ\xb5b\xae8C\
t\x889\x9c,v\x9c8\x00\xde!\x16\x893eB\
\xdb\xa6\xbfnvF\xa9!\xf1\xee\x0b\xff\xfe\x9f=\xc3\
\x09\x19\xa1\xe3\xb7]\x07\xff\xf1\x7fU?}\xc3\x86\x9f\
\x0d\x87\xee`\xe3\xe2\xe0\x16\xff-\xa4TD\xaf]\x17\
\x9b?}\xf4\x80\x18$\xb5\x93\xde\x7f\xed\xfc\xe6\xcc\x9e\
\xce\xf4A\xb9^v\xcb\x9c\x98\x8e\x10\xed\xc4E\xf7\xd8\
\xad@\x9b8\x89\x16\xd9 \xb7j\xafh\xe8\x98\x17O\
?i\xf1\x85\xef\\v\xad\xab\x07[vt\xb9\xf5'\
\xab_\xa1\x87\x1ez\xe9'E\x0e\x0b7$\x92\xd5\x11\
\xe9\x00\x9d\x08Q\x12\xd4\xd3D3\xcd\xf5\x93\xff\xe7\xf3\
\xb1\xe8\xe8\xbe\xbcI\x04\x13\x0d\xd4\xe0\xfa_=\xb5\xeb\
\xe5\xee-\x8f\xee\xc7\xbd\xd8\x8dz]\xfen\xd5\xab\xc6\
\xe6\x08\x09Mh\xb2_{L\xc7|\xe7\xac?\xfd\xdc\
\x82\xabe#(\\\x1c\x9c\x92\x0c`O\xcf\xea\xcd\x0c\
2@?\x03$\xc9`\x8d\x10\xba\x1eM\xfbK4\x8c\
A\xf3\x89\x8d\xef>w\xb4\xe7{8\x08\x14\x06R\xd4\
\x9d\xfd\xc1\xb3\x05p\xc3\xdd\x1f\xbb\xe5ik\x923\xcb\
\x95\xa3\xaa\xa8\xd1\xb6\x80\xa8\xd3\xd0^1\x89~\xedC\
\x7f\xf5\xd3\xb6\xb3\x88\xf9\xc5@\xc0)\x89\x84\xfd\xf9\xba\
\xf5\x9b\x8a\x8a/\x83\x85s\x0c\xae|\xf8\xaa\x0eS\xc5\
\xb6\x7f\xf9\x12U\x829,$_\x0a_o?3\xb5\
\xfd\x95\x9dy\xe5\xf9\x8cj\x18\xe5h\xec_Nn5\
\x88^\xba\xe0\xfd\xdf\xf1\"\x0e6\x16\xf90\x04w\x8f\
*s\x19\xa9\xc1\xc6\xad\xa4I\x91\"\x1d\xc6\xed\xc7\xce\
\x8f\x15\x02\xed\x1c\x19\xd2\xa4H\xaf\xdf\x99I\x8f\xfe\x0e\
\x0f\x87\\hNr\xa1j\xb9\xfa*\xe2\x98]\xfa\xe8\
\xd1\xee\xa8[ \xa9\x13!v\xea\xa5\x9e\x1e\xa8</\
\xfc)\xcd\xe9r\x9d\xf5\xbb\xc8\x90\x09\xd5\x9e3\xca\x17\
\x87\xb8\x86\x0cq2*\xbbg\xff\x9c\xb9\xa5\xac\x81\x80\
\xa5\x11h\xa1[Y7\x95\x1a\\\xdcA\x8fQ<u\
}\xb4\x15\xe0\xea\x98\xd4\xf8\xf1\xd0K)+\xdd!\x18\
\xecs\x0b\x96\xde\x1e1\x890\x12\x04\xc1B\xcb\x92#\
\xb7\xe3P)\x00\x0c\xe5\x0f<\x04\x0e>\x96I\x0dy\
,\xcbF\x1e\x7f\xae\xf4Q\xb7\x88N\x84\x98\x1b\xb1\xb0\
\xf0\xca\xce\xf0eSE\xdf\xbfT\xce\xa6\xb0\x0al\xf2\
\xe4\xbb\x07\xcbK\xb4\x04\x0a\xc4\xc6\xd6\x88\x11\x09\xea-\
\xc6\xb2\x05\x82\x0c\x80I\xd43m\xca\x8f\xb7\x15\xbe\x87\
\x1d\x1a\x8cR)\xabB!\x81\x83\x8d\xad\x1cU\xc1[\
=lI\x04\xa3Xj\xa0*\x07@\xa0\xa1c*\xdd\
\xaf\x88\xf7\x89\x9a\xc3JAK\x1fI\x00\x81\x8bk\xe8\
\x95\xa4\xda\x14\xbe\xc0@C\x1b=a2\xfa\x16\x90H\
4%UE\x1dI$B\x8d\xa9\x84R\xaa\x8cu\x1c\
\xfa\x05s\x1b*{\xaf\x12\xc5\xdc\xfa\x18\x01\x08\xbd4\
_U\xd6\x91\xda\xc6\x96\xe8a\x05(\xadl\x0d\x02\xa8\
S\xa6V\xb6\x02l\xb7T\xa6C\x96\x06\xe8\xa1}G\
\x16\xba\x94\xd2\x14\x0a%\xcf\x9f\x17\xcc\x83\x8eQ6U\
\xdd\x10i\x9b\xe9W\xf4\xdeW\xf7\x96\xbace\x09*\
\xc9\xc7{zk\xd7\xfer\xf3v\x81\x93r\xe1\x124\
$2/K-\x81\xd6\x85\x1eVK\xadX,\x8c\x8a\
r\xc6\xee#\xcf\x16+\xb2\xd4X\x00P\xa1Qr\x95\
\xf57w\xbe\xbae`\xb0|\x08\xce=\xbf\xb9\x16\x1d\
\x0dY+jJ\x82 .TP,f\xbc\xef\x12\xb7\
\xec\xf4{.\xbf\xab\xf3\x1b\xf7\xec80\xcc\xf2\xa8\xb1\
\xe8\x80\xc0\xd3\xcc\x93\xdb\xbd\xf7\x96{\xa9\xafo:\xfb\
\x94e\xa7.\x9eQ\x1aq\xa9\xf0\x88\xd6\xae\xbc\xea;\
wc\xa0\xe5e\xc2\x1b\x9d\xb2J\x88\x84Lj\xe8\x98\
\xe7\x9c:\xfb\xdcL\x89\x8c\x03@g\xf7\xd3o\xbc\xf4\
\xc6\xde.\x06\xe9#K\xbe4\xcfC+\xc1\x0f\xd00\
\xd0\x03\x93b9\xbb\xfa\x9e\xd9\xf9\xdb]\x0d\x91\xf6\xc6\
R\xd4\x8c@\xb2p\xceS\x8f\x0d&q\xa4\xd7\xeaG\
H\x1d\xf7\xf3\x0d\xa2N\xe6\xf5\\\x948u\xdf\xbc5\
1\xcd.Qu\xbeq\xe8\xb6'\x7f\xf0\xc2\xd6=\xc9\
>\x92\x0c\x86|c\x9a\xfc\xe8\xde\x9bV\x8a\x0d\x08M\
\x8a\x0aK=\xbd\x81\xecs\x9d\x87\x06\xcf=e4\x08\
\x02\xbf\xcc\x8c\xcem}t5\xae\xe3\xb6\xf8q?\xce\
\xe0q\xbe1U\x0a\xed`\x84\x18\x89\x9b\xaf]\xb12\
\x8f]R\xc4\xf9\xd4\xa6\x7f\xfau\xd7a\xd2\xc5\xc1\x0f\
0@*\x8c=\xc7\x04\x80(R&\xa1.\xc0\x0eY\
\x1c\x7f\xf7\xc0\xc9M\xedM\xa5\xb9\xa6'\xcdjJ>\
\xb7\x09\xaf\xc7\x9b\xec'T==\xc7\xf8\xf4i\xb2^\
\xdbgXQ\x12K\x16}\xe5[\x8eaQJ\xd6)\
\x9d\xb9\xf5\x17n\x92$\x03\x0c\xd0\x1fR\xae\x85\x8a\x81\
Qs\xc6\xa3\xaf\x00\x8au\xaeA\x90RLEg\xad\
\xe5\x0bJ\xe5\xef\x17\x9eg\xec}\xe9M\xbcn5]\
5\xa9V\xf6\xff\xde\xa7\x16\x8aY\xb2Q\xdb\xac\x0fF\
\xa9=}\xfe\x1dw\xaa\xfa\xa0\xe2at\xf9\xf5\x86\x97\
\xb70\x18r\x0e}\x0c\x84\x9cc\x0e\x1b\x871\x13\"\
G\xd8\x02\xec\xb0\xb9\xf8p0\xbb\xa2\xa3\xa6\xa6\x94/\
\x0b4y\xf6%m\xa9\xdflF\xedg\x16S\xd5\\\
f\x8bm\xc5\xcf\\!:D\xab\xb4\xf5MFo\x8c\
\x9a\xcb\x97\xde~\xb7l\xce\x91/-\xe5\xef\xff\xfb\xcf\
\x93]\xf4\x86|s0\xf7\x99b\xd1\xc4\x09\x01\x80\xe2\
\xb1\x1ew\x18s+\xd0t\xf3\x8c9\xa5\x00\xa0\x00)\
O[~\xc1\xec\xcd\x1b\xfa\xf2;\xe9\x17\x9e<\x8d%\
\xe2Lq\x968K,\x91\x8d2\xa5\xbf`\xbc\x16\xc9\
\xc4\xea\xeb\xff\xf6\xb3\x9f\xf9&\xb5yJ\xdd\xff[w\
<\xfc\x9ba\x84k\x90d\xb1\x8a\xc3?!\xa91\xc1\
P\x15\xac\x8eI\x8c\x04\x0d4\xd3\x9ah\xbf\xeb+z\
\x09\xe9\xcc\xe0\xbc\\\x0c\x03\x7f\xe0\x97w\xdcsO\xe7\
@\xb0\x8d.\xf0\x01\xd6\x06\xc91=\x12\xbd\xe1\xeaO\
|!>\xc7\x09\xf9\xf2R\xf4\xbf\xe0\xf6{\x9f}\x81\
n\x0e\xd3O\x92l\xc88\x16\xe8(ub\x00\x18\xfa\
d\x00B\x94Z\xeai\xa6\x8d\xb6\xcf\xaf\\vni\
\xc60H\xfd\x99h\xf8\xa9m\xbf^\xb5\xeaw\xeb^\
\xeb\x0dgHN\x8d-;s\xd1\x8a\x15\xef1\xa6\xfb\
8!c^\x9a\xf9K\xf5\x7f\xf2\xeb\xde!\xba8\xcc\
\x00)rE\xc6\xb1\xe4\x00\xa2\xf4\xf4\xb8\x82\"\x17\xa6\
\xa1\x13%N\xcd\xe3\xcf/;G\x89R\xb6\x81\x15\x16\
\x96\x98\xe8\x89y\x1f\x98\xff\x01\xf0z\xec\x83\xf8H\xbd\
\xce\x98\x8eT(l\x9cP\xcb\x96\x1a8=\xf1\x82\x97\
&\x1d\xe6\x98\xf2%\x12\xd5\x15\x020\x9c\xaf\xb10\xc8\
\x92!\xb3\xb5\xb3\xb3s\xda\xccR\xd5\x88\x8b\x83\x89\x81\
\x11\x14\xd57\x9b\xcd\x81\x91qQx8\xc5V2u\
\xe0=\xf9b\x98d\xcf\x97\x85\xdb\x18\x00\x18\xa2\xac\xac\
\x80\x86}\xe2\xa5\x9bf\x96G\xf4\xe8\xe1\xd9\xa0\xe1\xa7\
\xe7}\\<\x1c\xbc2\xaa\xdd\x04\xc9\xbe\xee\xde\x90\x0a\
.\x8dq<!\x00\x0c\xad\x82<9r]\xfbE\xc9\
\xde\xba\x0agZ\xe3\xc8\xeb\x03T\x91i.\x8fu\xa8\
\xad\x11\xb6\xb2\xcab\x1cO\x08\x00\x14M\xa2\x85\x15\x13\
\x82\xd2I\x8b!\xee\x96ad\x8d\xaa\xa8\xb4^\x10\x8b\
/\x99\xf2bg`Qt\xdf\xad\xa8J\xac\x92Za\
%\x94VX\xcf\xce\xc9\xd3*\xab\xb4\x0bT\xe2p\xc2\
\xb0\xdc\xfe\x0b\x04W\x9c_X:qU\xd9\\\xea\x95\
\xa1\xa6)O\xa1P\x0d\xc6{/\xa2\xf2J\xe51\x89\
\x8fb\xe9\xf9S\x13\x07\xba\x11\xa0\x89HEER\x15\
U\x8bk\xe8\xe1\xc9\xa6[?\x9dh\x19\xcf\xd3\x022\
\xfe\xa9\x0f\x05:\xd5\x13\x86\xa8\xd6\x16\x10\x9a\xccjh\
\xe8\xd7\xbfc\xf1\xc5\xe3wh\"PC\xcb\xae9{\
>\x06\xba\xadiR\x8a*\x01\xe0\x05\xe9\x92\xc8\x8d\x7f\
bc\x17\xcf\xeeT\xbf\xb9\xd8x\xe6W\xff!^\x83\
\x997,\xa9\xaa\x05\x80\xa3a`\x9e\xd2R;?0\
\xc0\xe3\xb7\x05\x1c,\xe2'\x9f;\x1b\x13#\xa7UR\
\xf4W\xc1\xa1)\xa4\xd2\xd01\xa7\xb5[\xa2\xd4\x98\xfd\
\xad\x11\x85\x83\x85t\xb6%1\xd1<MTpl\xaa\
\x12+\x10\x94/\x98\xbbRy\xc71\xfc\xf1<1\x81\
\x87\xcd\xcb\xab\x0f8\xc5<`\x05\x0a\xbd\xfc\xe1\x07\xd1\
mM2Z_;m\xbe\xcfx\x8ab\xff\xae\xdb\xfe\
\xd3N\x06\x14\x88p\xca_\x8eZ\x05Z\xa3pf\xa8\
v\xc3\xc1\xe6I\xd3g\x8c'\x00\xfb\xf6}\xe3\xceT\
/)2\xc5\xa2\x95*\x04CC\x1c\xa1s\xd7#\x9e\
y\xe1\xd2\xdf\xffP\x7fr\xeb\xa1Ak~\xcb\x8c6\
1\xc6\xf3\x14}\xc95\xdbvu;^s\xddy\xb3\
:\xa6\x1f\xf9\xbb\xbd\x07\xbe\xfd\xa3\xd4 \x16\x0eN\x19\
\x09\x84\x13\x10\x0cy\xc5x0\xfb\x83_\xf9\xda\xb2%\
\xc3~\xa9^\xdb\xbdz\xcbk\xfb\x83S\xee\xd3\x1b\xde\
\xd1\xb1tv$RI\xd7|\x7fk\xe73[^\xd9\
\x13\x04\xb9\xdb\xe5\xf3\xaf_4\xfb\x86\xe5F\xb1\xc7{\
\x0e\xdcv\x7f\xba\x8f4\x19r\x95G\x83\xa2B\x1d\x10\
\xa3\x8eI\xb4\xd0B3\x8d7^\xb6\"\\\x05\xfb\xba\
\xff\xfb\xd9\x1d\x07\xb1\xf1\xf0B\x06\xc9\x88\xc6\xce\x9f\xbb\
\xa2crK9/Ig\xd6\xbe\xfe\x9b\xcd\xdd\xfda\
qE\x81\x841\xa76_\xb3d\xc1)f\x04\xde\xd8\
\xfd\xdd\x87\xd2\xdd\xf4\xd1\xcbaz\xc34H\x05:\xa0\
\x92\x05*C>\xa8\x8e&\x9ah\xa2\x91\xfa3;.\
:cr\xe3\x867\x1fz\xc1-\x14\xc3{(4t\
\x0c\"D\x88\xcck_~\xfa\x99\xa7\x96\x92R\xdb\xd3\
\xf5\xc4\xab/\xbf\xe1\xe6\x8b\xa5\xb4\xc1\xb0t\x0c\xa2D\
\x88HcJ\"\x93\x1b\x18$\xc5@H\x87\x0e\x864\
x\x05\x84H%\x00\x14\x8eN\xd6PO\x03ML\xa2\
\x9eZ\xa2HTx\x9a,\x1f\xfaG\x05*0\x16\xfc\
Li\xfe\xe4%\xd3\xdb\x8e\xff\xf0u[~\xb0&\xac\
x+\x94W\x05\x05\x89\x06&1bD1\x10\xb8\xe4\
I1\x18\xe6\x01\x0a\xc3\xaf`\x13h\x8ce\xdb\x0c%\
\x81\x1d,r\xa4I\x86\xd9\x99 =\x91\x09I\xea \
\x99\xe2\xa5\xf3\x1bv/\x9aYs\x9c*\xf0d\xea_\
\x7f\xe1%\x8bO)<)\x19r~\xf9\x90\x86\xc9\x90\
*\x9e:\x08L`U\x09\x91\x80\x1e-d\x8d|\\\
\xf2\xd4\x10A\xe0c\x93'[\\\x01ZX\xff\x1b\xa7\
\x86Z\x12$\xd2\xee\x03\xcf\xfc\xd9u\xc7~\xf4\xaa\xdf\
\xda\xfd$\x8b'\x09\x02\xae\xcf\xc5/z\x1fQ\"\xe8\
\xe1\x9b\xb2d\xc8\x14\x93 U<6W\x80\xc0.\xe6\
\x8cr\xa41\x10\xa8\"\xab\x1d\x10\x942\xd4\x01Qj\
\xc2\x8ez\x1b\xb7[Y\xf3\x18k\xc0\xb3\xd7n\x08\xab\
\x8a\x83\xf5\x93/j\x93P\x09\x12\xc1\x08\x01p\xb0\xc2\
5\xe1T>\xfc\xca\xef\x12+\xac\x82\x02?\x98\x09\xaf\
\xf8*\x10\xbbn\xb8F\xb4\xf0<\xd00\xbd\x90\x1d4\
\xe3j\xc4\x9d\xf5\xfa\xb6\\?\x03\xf4\x869\x9e\\\xc8\
\xf5\x15\x0a\xa8\x036\xd5\x083\xd5\xee\xb0<\xd5\x18\xfc\
\xf1\xca/S\x0b \x08\x822\x9b\xa0*W\x85la\
\x81\xdc-\x94\xc1\xeb\xe1L\x82\x86\xd9\xd55i\xca\xc8\
\xfd\xdd\xbc\x83T\x98\xe3\x0d\xb2<\xce\xb0\xaa\\\x81\x13\
^\x1d\x13\x84<jX\x0eh\x0c\xe1\xc8Xn\x93+\
@\xe0\xe1\x84\xf77\xa8#\xae\x0bR\x08<\x04.Z\
\xb8\"$&\xb1\x97^\x99\xb7H\x8dh]\x0f\xec$\
E\x8ad\x98\xddu\x8eHp\x09\xfc\xf0~\x16q\x84\
\x02\x1e\xe3\x9d\x1dc\xbbOP\x0d;F[8\xf8\xe2\
\x0e\xddn2\xcci\xb6\xc8\x93%C\x8a\xf4\xf3\x1b\x0e\
t\x8e\xf84g\xcf>2Gdy\x86s\xa5\xaax\
jyh\x93yc\xa7#O\xcc\xa5\xaa\xea\xa8\x82\xfd\
\x91\xd9p\x89\xc4\xc0P\xe6\xa6\xce\xc5\x0b\xa2G)B\
;\xf3\xc3\xfbv\xef\xa0\x8f\x01Rd\xa9\xa42\xb7\"\
\xa9\xd6\xd1o\x11&U\x1bh\xa6\x8d\x96\x9a\xc9\x8b\x16\
\x19\x094$\xe0\xe3%\x0fo\xd9\x9a\xef\xa2\x9bn\x0e\
\x87n\xad\xf7\xf6\x02\x800\x82H\xd0H3\xcdL\xa2\
\x8e\x9a\xe0\xa8\x0f\x1e6Y\x92\xf4\xd3SLs;\x95\
\xdc\x09Tm%X~\x0c\xe9\x90'\x83\x81\x16:2\
&z\x11\x804\x03\x0c\x86^\x9d_=\x9e\xad\xba\x00\
\x04\x1eC\x103\xe4\xc2r\x01\x8a\xc0\xa4\x8a%\x0eU\
\xa4\x99\xaa\x09\x80\xc2E \x01\x17\x8bt\xf1@\x83W\
\xbc\x92cL\x91\xfd\x1f:\x00CqC\xe0\xc6\x9a\xe8\
\xe8a<\xe1\x85\x05XV\xb5\x87_\xed\xbf/0T\
i4\xbcD@\x0d\x1d\x90\x08\x8f\xa2\xbdm\x018\xfe\
m\x89j\x0c\xf7\xef\xfd\xbf\x01\xa0\xf0N1\xac\x0a\x95\
\xa2\xd7\x08o\xcb\xbf,0!\x132!\x132!\x13\
2!\x132!\x13\xf2\x07(\xff\x07\x90Bm\xc9[\
3\x01-\x00\x00\x00\x00IEND\xaeB`\x82\x00\
\x00?\x9f\x89PNG\x0d\x0a\x1a\x0a\x00\x00\x00\x0dI\
HDR\x00\x00\x00\xbc\x00\x00\x00\xc0\x08\x06\x00\x00\x00\
\xbe\xa9\x09\x11\x00\x00\x00\x09pHYs\x00\x00\x0b\x13\
\x00\x00\x0b\x13\x01\x00\x9a\x9c\x18\x00\x008*iTX\
tXML:com.adobe.x\
mp\x00\x00\x00\x00\x00<?xpacket\
 begin=\"\xef\xbb\xbf\" id=\
\"W5M0MpCehiHzreS\
zNTczkc9d\"?>\x0a<x:\
xmpmeta xmlns:x=\
\"adobe:ns:meta/\"\
 x:xmptk=\"Adobe \
XMP Core 5.5-c02\
1 79.155772, 201\
4/01/13-19:44:00\
        \">\x0a   <r\
df:RDF xmlns:rdf\
=\"http://www.w3.\
org/1999/02/22-r\
df-syntax-ns#\">\x0a\
      <rdf:Descr\
iption rdf:about\
=\"\"\x0a            \
xmlns:xmp=\"http:\
//ns.adobe.com/x\
ap/1.0/\"\x0a       \
     xmlns:dc=\"h\
ttp://purl.org/d\
c/elements/1.1/\"\
\x0a            xml\
ns:photoshop=\"ht\
tp://ns.adobe.co\
m/photoshop/1.0/\
\"\x0a            xm\
lns:xmpMM=\"http:\
//ns.adobe.com/x\
ap/1.0/mm/\"\x0a    \
        xmlns:st\
Evt=\"http://ns.a\
dobe.com/xap/1.0\
/sType/ResourceE\
vent#\"\x0a         \
   xmlns:tiff=\"h\
ttp://ns.adobe.c\
om/tiff/1.0/\"\x0a  \
          xmlns:\
exif=\"http://ns.\
adobe.com/exif/1\
.0/\">\x0a         <\
xmp:CreatorTool>\
Adobe Photoshop \
CC 2014 (Macinto\
sh)</xmp:Creator\
Tool>\x0a         <\
xmp:CreateDate>2\
013-08-28T10:34:\
51-07:00</xmp:Cr\
eateDate>\x0a      \
   <xmp:ModifyDa\
te>2014-08-04T21\
:54:43-07:00</xm\
p:ModifyDate>\x0a  \
       <xmp:Meta\
dataDate>2014-08\
-04T21:54:43-07:\
00</xmp:Metadata\
Date>\x0a         <\
dc:format>image/\
png</dc:format>\x0a\
         <photos\
hop:ColorMode>3<\
/photoshop:Color\
Mode>\x0a         <\
xmpMM:InstanceID\
>xmp.iid:a978b58\
8-70b6-422c-8de4\
-5e6e959b2a23</x\
mpMM:InstanceID>\
\x0a         <xmpMM\
:DocumentID>xmp.\
did:a978b588-70b\
6-422c-8de4-5e6e\
959b2a23</xmpMM:\
DocumentID>\x0a    \
     <xmpMM:Orig\
inalDocumentID>x\
mp.did:a978b588-\
70b6-422c-8de4-5\
e6e959b2a23</xmp\
MM:OriginalDocum\
entID>\x0a         \
<xmpMM:History>\x0a\
            <rdf\
:Seq>\x0a          \
     <rdf:li rdf\
:parseType=\"Reso\
urce\">\x0a         \
         <stEvt:\
action>created</\
stEvt:action>\x0a  \
                \
<stEvt:instanceI\
D>xmp.iid:a978b5\
88-70b6-422c-8de\
4-5e6e959b2a23</\
stEvt:instanceID\
>\x0a              \
    <stEvt:when>\
2013-08-28T10:34\
:51-07:00</stEvt\
:when>\x0a         \
         <stEvt:\
softwareAgent>Ad\
obe Photoshop CC\
 2014 (Macintosh\
)</stEvt:softwar\
eAgent>\x0a        \
       </rdf:li>\
\x0a            </r\
df:Seq>\x0a        \
 </xmpMM:History\
>\x0a         <tiff\
:Orientation>1</\
tiff:Orientation\
>\x0a         <tiff\
:XResolution>720\
000/10000</tiff:\
XResolution>\x0a   \
      <tiff:YRes\
olution>720000/1\
0000</tiff:YReso\
lution>\x0a        \
 <tiff:Resolutio\
nUnit>2</tiff:Re\
solutionUnit>\x0a  \
       <exif:Col\
orSpace>65535</e\
xif:ColorSpace>\x0a\
         <exif:P\
ixelXDimension>1\
88</exif:PixelXD\
imension>\x0a      \
   <exif:PixelYD\
imension>192</ex\
if:PixelYDimensi\
on>\x0a      </rdf:\
Description>\x0a   \
</rdf:RDF>\x0a</x:x\
mpmeta>\x0a        \
                \
                \
                \
                \
                \
            \x0a   \
                \
                \
                \
                \
                \
                \
 \x0a              \
                \
                \
                \
                \
                \
      \x0a         \
                \
                \
                \
                \
                \
           \x0a    \
                \
                \
                \
                \
                \
                \
\x0a               \
                \
                \
                \
                \
                \
     \x0a          \
                \
                \
                \
                \
                \
          \x0a     \
                \
                \
                \
                \
                \
               \x0a\
                \
                \
                \
                \
                \
                \
    \x0a           \
                \
                \
                \
                \
                \
         \x0a      \
                \
                \
                \
                \
                \
              \x0a \
                \
                \
                \
                \
                \
                \
   \x0a            \
                \
                \
                \
                \
                \
        \x0a       \
                \
                \
                \
                \
                \
             \x0a  \
                \
                \
                \
                \
                \
                \
  \x0a             \
                \
                \
                \
                \
                \
       \x0a        \
                \
                \
                \
                \
                \
            \x0a   \
                \
                \
                \
                \
                \
                \
 \x0a              \
                \
                \
                \
                \
                \
      \x0a         \
                \
                \
                \
                \
                \
           \x0a    \
                \
                \
                \
                \
                \
                \
\x0a               \
                \
                \
                \
                \
                \
     \x0a          \
                \
                \
                \
                \
                \
          \x0a     \
                \
                \
                \
                \
                \
               \x0a\
                \
                \
                \
                \
                \
                \
    \x0a           \
                \
                \
                \
                \
                \
         \x0a      \
                \
                \
                \
                \
                \
              \x0a \
                \
                \
                \
                \
                \
                \
   \x0a            \
                \
                \
                \
                \
                \
        \x0a       \
                \
                \
                \
                \
                \
             \x0a  \
                \
                \
                \
                \
                \
                \
  \x0a             \
                \
                \
                \
                \
                \
       \x0a        \
                \
                \
                \
                \
                \
            \x0a   \
                \
                \
                \
                \
                \
                \
 \x0a              \
                \
                \
                \
                \
                \
      \x0a         \
                \
                \
                \
                \
                \
           \x0a    \
                \
                \
                \
                \
                \
                \
\x0a               \
                \
                \
                \
                \
                \
     \x0a          \
                \
                \
                \
                \
                \
          \x0a     \
                \
                \
                \
                \
                \
               \x0a\
                \
                \
                \
                \
                \
                \
    \x0a           \
                \
                \
                \
                \
                \
         \x0a      \
                \
                \
                \
                \
                \
              \x0a \
                \
                \
                \
                \
                \
                \
   \x0a            \
                \
                \
                \
                \
                \
        \x0a       \
                \
                \
                \
                \
                \
             \x0a  \
                \
                \
                \
                \
                \
                \
  \x0a             \
                \
                \
                \
                \
                \
       \x0a        \
                \
                \
                \
                \
                \
            \x0a   \
                \
                \
                \
                \
                \
                \
 \x0a              \
                \
                \
                \
                \
                \
      \x0a         \
                \
                \
                \
                \
                \
           \x0a    \
                \
                \
                \
                \
                \
                \
\x0a               \
                \
                \
                \
                \
                \
     \x0a          \
                \
                \
                \
                \
                \
          \x0a     \
                \
                \
                \
                \
                \
               \x0a\
                \
                \
                \
                \
                \
                \
    \x0a           \
                \
                \
                \
                \
                \
         \x0a      \
                \
                \
                \
                \
                \
              \x0a \
                \
                \
                \
                \
                \
                \
   \x0a            \
                \
                \
                \
                \
                \
        \x0a       \
                \
                \
                \
                \
                \
             \x0a  \
                \
                \
                \
                \
                \
                \
  \x0a             \
                \
                \
                \
                \
                \
       \x0a        \
                \
                \
                \
                \
                \
            \x0a   \
                \
                \
                \
                \
                \
                \
 \x0a              \
                \
                \
                \
                \
                \
      \x0a         \
                \
                \
                \
                \
                \
           \x0a    \
                \
                \
                \
                \
                \
                \
\x0a               \
                \
                \
                \
                \
                \
     \x0a          \
                \
                \
                \
                \
                \
          \x0a     \
                \
                \
                \
                \
                \
               \x0a\
                \
                \
                \
                \
                \
                \
    \x0a           \
                \
                \
                \
                \
                \
         \x0a      \
                \
                \
                \
                \
                \
              \x0a \
                \
                \
                \
                \
                \
                \
   \x0a            \
                \
                \
                \
                \
                \
        \x0a       \
                \
                \
                \
                \
                \
             \x0a  \
                \
                \
                \
                \
                \
                \
  \x0a             \
                \
                \
                \
                \
                \
       \x0a        \
                \
                \
                \
                \
                \
            \x0a   \
                \
                \
                \
                \
                \
                \
 \x0a              \
                \
                \
                \
                \
                \
      \x0a         \
                \
                \
                \
                \
                \
           \x0a    \
                \
                \
                \
                \
                \
                \
\x0a               \
                \
                \
                \
                \
                \
     \x0a          \
                \
                \
                \
                \
                \
          \x0a     \
                \
                \
                \
                \
                \
               \x0a\
                \
                \
                \
                \
                \
                \
    \x0a           \
                \
                \
                \
                \
                \
         \x0a      \
                \
                \
                \
                \
                \
              \x0a \
                \
                \
                \
                \
                \
                \
   \x0a            \
                \
                \
                \
                \
                \
        \x0a       \
                \
                \
                \
                \
                \
             \x0a  \
                \
                \
                \
                \
                \
                \
  \x0a             \
                \
                \
                \
                \
                \
       \x0a        \
                \
                \
                \
                \
                \
            \x0a   \
                \
                \
                \
                \
                \
                \
 \x0a              \
                \
                \
                \
                \
                \
      \x0a         \
                \
                \
                \
                \
                \
           \x0a    \
                \
                \
                \
                \
                \
                \
\x0a               \
                \
                \
                \
                \
                \
     \x0a          \
                \
                \
                \
                \
                \
          \x0a     \
                \
                \
                \
                \
                \
               \x0a\
                \
                \
                \
                \
                \
                \
    \x0a           \
                \
                \
                \
                \
                \
         \x0a      \
                \
                \
                \
                \
                \
              \x0a \
                \
                \
                \
                \
                \
                \
   \x0a            \
                \
                \
                \
                \
                \
        \x0a       \
                \
                \
                \
                \
                \
             \x0a  \
                \
                \
                \
                \
                \
                \
  \x0a             \
                \
                \
                \
                \
                \
       \x0a        \
                \
                \
                \
                \
                \
            \x0a   \
                \
                \
                \
                \
                \
                \
 \x0a              \
                \
                \
                \
                \
                \
      \x0a         \
                \
                \
                \
                \
                \
           \x0a    \
                \
                \
                \
                \
                \
                \
\x0a               \
                \
                \
                \
                \
                \
     \x0a          \
                \
                \
                \
                \
                \
          \x0a     \
                \
       \x0a<?xpacke\
t end=\"w\"?>d\xa1*\xc1\x00\
\x00\x00 cHRM\x00\x00z%\x00\x00\x80\x83\x00\
\x00\xf9\xff\x00\x00\x80\xe9\x00\x00u0\x00\x00\xea`\x00\
\x00:\x98\x00\x00\x17o\x92_\xc5F\x00\x00\x06\xefI\
DATx\xda\xec\x9dqk\x1aI\x1c\x86\xdff\xc5\
\x12Q\xb2`IP.\x9cp\xd0\x83B\xfe\xea\x17\xf0\
\xa3\xe7[\x14\x02\x85\x0b\x01\x8f\x04\x84\x14\x83!R\xf1\
\xfe\xd8\x91xb\x8c\xc6Ug\xe7}\x1e(G\xae\x90\
\xee\xce<\xfb\xdbwfwf?\xcdf\xb3\xef\x020\
\xa1\x16\xfe;\xa2)\xc0\x80Vm\xe1\x07\xa4\x87\xa4e\
_\xac\xf0s\x9eh\x17H\x90\xe6r\xa4\x11\x95\x1eR\
\xae\xecsNh\x0fp\x02\xe1\x01\xe1\x01\x10\x1e\x00\xe1\
\x01\x10\x1e\x00\xe1\x01\x10\x1e\x00\xe1\x01\x10\x1e\x00\xe1\x01\
\x10\x1e\x00\xe1\x01\x10\x1e\x10\x1e\x00\xe1\x01\x10\x1e\x00\xe1\
\x01\x10\x1e\x00\xe1\x01\x10\x1e\x00\xe1\x01\x10\x1e\x00\xe1\x01\
\x10\x1e\x00\xe1\xc1\x96\x1aMpP\x1a\x92\xb25\x7f\xcf\
6\x87\x08_I\xa9\x9b*\xf64\xac\x87\x9f7e,\
\xe9\xd7\xd2\xff\xfb-i(iJ\xd3\"|,\x82\x9f\
\x06\xc1\xe7\x92\xef\xf2\xbbV] ]I\x0f\x92\x064\
7\xc2\x1f\x92LR\xbe v\xeb\x80\xffn'\xdc9\
~R\xed\x11\xfe\x10\x9c\x87J\x9b\x1d\xf1\x18Z\x92\xae\
$\xdd\x84\xf8\x03[\xc2,\xcdf\xd5\xf5/I\x97G\
\x96}\xf1x\xbeFr,\x08\x9f`>\xff\x16bL\
l\x17a\x0f\xe9\x11\xbeL\xda\xa1\x92\xd6#=\xbe<\
\xc4\x9b.\xe2\x93\xe1w\xa5\x1b\x06\x89U\x88[\x9d0\
\xbe`\x16\x07\xe1?$\xd0e\xa8\xeeU;\xee\x8e\xa4\
3I\xb7\x0ch\x894\xdb\x0c\x06\xdb\x15>\x87F8\
\x87\x06\xdd\x89\xf0\xef\x89r\x95\x88(\x99\xa4?\xe9R\
\x84_7\xf8Km\x9a\xaf\xa1\xf8f\x96\x10>\x02\xda\
*\xe6\xd8\xb3D/d@\xf8\xffq\x99\xf0\xb9\xb5\xd0\
\x1b\xe1W\xe5\xddT\xa9#=\xc2/rnp\x8e\x1d\
\x14G\xf89]\x83slQ\xe5\x11~>\xa0sy\
\x1c\xff\x07\x9a#|nt\xae\x8d\xc4\x07\xe7\x08\xbf\xe1\
\xad\xdem\xbcRGwO\xe13\xd3\xce\xef\xa2\xbb\xa7\
\xf0\xae\xef\x990x5\x15\xde\xb5\xe3\x894\xa6\xc27\
\x8d\xfb\xbb\x81\xf0t\xba\xdb\xf8\x05\xe1\x8d\xc8\xe9t\x84\
w\x13\x1e\x10\x9e\x01+\x91\x06\xe1S\xecl\xf7\x99\x0a\
\x06\xadt\xb6\x15u\x84\x07\x84Gx\x00\x84\x07@\xf8\
\x0a\xc1\xe6D`%<{\xaaK\x9f\x11\xde\x8b\x09\x83\
V\x84w\xe2\x85\"\x8f\xf0Tx\xce\x1f\xe1\xe9\xf0$\
yDx/\xdcgj\xee\x11\xde\x0b\xe7\x99\x9a1w\
8?\xe1\x9d\xbft\xfd\x8b!\xab\xe7\x93V\xd7*\xc7\
g\xedM\x85w\x9d\x9a\xe4I\xb3\xa9\xf0\xcf\xa6}\xcd\
\x93f\xf1\xf2\x18 |\xf2\x9c\x9a\xf6u\xd5?\xd8V\
\x0an\x9f\xad\xcc\xe4\xbd\xf3X+\x0c^m\xa7'\xdd\
*|[,d\xfeB\xa4\xf1\xe1\x82\x14\xab3\x84\xf7\
\xa0!^\x8f\x95\xcc\x17\xb3;\x09\xdf\xc4u`\x9b\x0e\
@\xf8D!\xce\x00\x0f\x9e\x0c\x99\"<\x1d\xed\xc4\x18\
\xe1=\xe0m\xc1\x82'\x84\xf7\xe0\x11\xd7i\x07'\xe1\
'\xe2\x15\xd9)\x91\xc6\x8b\x07s\xe1\x87\xee\xb7\xb7\x13\
\xc3\x0ew\x1e\xbc\xb2\x88\xdb\xf0\x9c]\xab\xfc\x83X\xc4\
m)\xfc\xbda\x95\x9fH\x1a0^\xf7\x14~jX\
\xe5\x7f\x8a\xe7\x10\xb6\xc2\xbbU\xf9\x7f\xc5\xec\x94\xbd\xf0\
SIw\x06\xe79&\xca \xfc\x9ca\xe2\x95o*\
\xe9\x16\xc5\x11~\x91\xdbD\xa3\xcdT\xd2\x0dQ\x06\xe1\
W\xdd\xf2\xef\x12\x93~\x8c\xecoS\xa3\x094T\xf1\
~I\xaebU\x7f;\x01\xd9\x99\x91\xa1\xc2\xbf\x1b\x01\
\x86\x09\x0cd\x1f\x90\x1d\xe1\xb7\x15\xbf\xcaO#'t\
!\xc2o\x0b\xef\xcd#\xbc\x15\x8f\x15\xcf\xf0\x80\xf0[\
\x0b_\xd5\x1cL~G\xf8\x0f1\xa4\x09\x10\xde\x89{\
\x9a\x00\xe1\x9d\x98\x885\xb0\x08o\xc6\x03M\x80\xf0N\
\x8c\xc4\x14%\xc2\x9b\xf1D\x13 \xbc[\x95\x07\x84\x07\
@\xf8\x14\xa9\xda\x93K\xb6\x04G\xf8\x9d\xa8\xda\x93\xcb\
\x8c.Cx7\xe9\x01\xe1mbM\x8b\xeeBx\x00\
\x84\xdf\x82\xe7\x0a\x1d+\x1fnCx\xab\x0c\xcf\xa0\x15\
\xe1w\xe6w\x85\x8e\x95iI\x84\xb7\x8a4H\x8f\xf0\
v\x9c\xd2\x04\x08\xef\x04S\x93\x08\xbf\x13/\x08\x8f\xf0\
NTm\xaf\x97:\xd2#\xbc\x1b\x1d\x9a\x00\xe1\xddr\
\xfc9\xcd\x80\xf0NtC\xbc\x81\x05\xd8=\xf8}\xb2\
\x0a\x1f\xf7\xdfa\xd0\xdd\x08?OU\xac\xe2z\x94\xe9\
\xde;\x08\xbf~\xf0\xf7\xa5\xe2\xd1\xa0\xbeT\xe53\x15\
\xdb\x82\xe7\xe1\x0e\xf0\x8f\xcc\x961\"\xfcjz\xaa\xf6\
>\xf1\x9b^\x0c_\x83\xf46\xd5\x9e\x0c\xbfz\xc0\xd7\
6\xbb\xb8s*\xbc\x1f\xed\x10_\x1c\xdfE\xe9\xa9\xd8\
xj\x1c\"\xce\x14\xe1\xd3\xae\xe8\x1dy?\xac\xc9\xf4\
:w?\xffp\xf3\x00\xe1\xd3\xcb\xb0]\xb3\xf8\xb2\x8d\
\xfcgJ\xf0{Q5\xd3\x0e\xbd\x08\xf1\x85\x05\x13o\
\xd3\x90t\x15b\xce\x93\x8au\x01\xcf\x0bw\x811\xc2\
#z\x8am\xd6Z\x13\xf7F*>m?B\xf8x\
\xc8\xc3\x1f\xa2\xcb~\xc6?-\x15/\xd8\x0dT\x81\xe9\
\xcdZ\xc2\x1d1\x17\x9d\xc7\xeb\x87\x19\x0f\xf5\xc2\x98(\
j\xf1S\x11~\xfe\x04q.:\x91\x05\xf1\x93\x13\xbe\
\x11\xe4>\x13\xeb8c\x15\xbf\x1d[\xc6\xafUL\xf0\
\xe6Bn\xa4\x8aW'\xe3\x8fT\xbc\xc20A\xf8\xf5\
\x8du\x8a\xe0\xc9\x88\x7f\x15\"\xce\x9d\x8e8\xb7\x1f\x93\
\xf0\x8bo\xf2\xe58\x92$\xed\xd0\xb7\x03\x1d\xe9\x1bZ\
1\x08\xcf\x13O/2I\x97A\xfc\x83\xc7\x9c\x1a\xa2\
\xc3\x11c\xce\xb7CW\xfbc\x09\xdf\x15\x0b\x8d\xe1\xb5\
\xda7B\xb5ON\xf8L\xc5\xa2\x03\xa6\x11a9\xdb\
\x9fJ\xfa\xb1\xef\x7f\xe8\xd0\x0b@\x90\x1d\xde\xa2\x11\xaa\
}2\xc2\xf7\x90\x1d\xde\xe1\\{^\x97p(\xe1s\
\x06\xa7\xb0!\x9d\xaa\x0b\x9f\x85\xea\x0e\xb0\x09\xad}V\
\xf9C\x08\xdf\x13OI!\x92*\x7fr\x80\xab5\xa7\
\xff \x96*\xbfo\xe1\x892\xf0Q\xdaU\x13\xbe-\
\x16_\xc0n\xfedU\x11~\xfe\x04\x0d \xaa*\xbf\
/\xe1/\x18\xa8BI\x1eE/|&\xf6&\x87r\
\xa8\xab\xe4\x87\x95'{\xba*\xa9\xee\x10e\xac)[\
x\xaa;\x94M\x1e\xb3\xf0Tw\x88:\xd6\x94-<\
\xd5\x1d\xa2\x8e5'%\x1f\x14\xd5\x1d\xa2\x8e5e\x0a\
\xdf\xa5_ \xf6XsR\xe2\x15\xc8SU\x88\xbe\xca\
\x97%<\xd9\x1d\xf6\xcdY\x19\xbf\xa4\xac5\xad7U\
h\xb1\xeb\xeb\xebL\xac\xbaZf\xda\xef\xf7\xc7.'\
\xfbi6\x9b}W\xb1\x15\xdaH\xc5\xc6\xf7\xa3\x92%\
[\xf5\x9a\xe7\xbaW?\x9b\x1b\xfc\xda\xcfD\xa8(\xd8\
\xc4\x95\x89\xde\xde{\xe6e\xc5\xdf\xbd\xf4\xfb\xfd2\xf7\
\xaaiia\x8b\xc6\x9d\x85\x0fB\xe7*V\x9dK\xaf\
\x1f\xc1\x05(\x83\xb1\x8a\xad\xf9\xa6\x92\x9e\xfb\xfd\xfe`\
\x17\xe1\xcb\x884/\xe1\xcf4H?\xa6\x0aC\xc9w\
\x8fg\x95\xf4\x99\x9d\xbdG\x9a\xa5\xbb\xc1[\xd5\xbf\x1e\
.\x10\xed\x18u\x88=\x87\x8d+\x9bF\x97\xf7~\xe7\
\xb8\xdf\xef\xefk\x83\xd5r#\x8d#\x91\x0c~\xcb\xce\
\xba\xa9\x82\xf0\xe0+<\x9f\x9e\x07+\x10\x1e\x10\x1e\x00\
\xe1\x01\x10\x1e\x00\xe1\x01\x10\x1e\x00\xe1\x01\x10\x1e\x00\xe1\
\x01\x10\x1e`[V\xbd\x1e\xdc\xa2Y\xc0E\xf8&M\
\x02.\xc2S\xd9\xc1Fxd\x07\x0b\xfe\x1b\x00<n\
\x15\xfb_\x80G9\x00\x00\x00\x00IEND\xaeB\
`\x82\x00\x00\x02\\\x89PNG\x0d\x0a\x1a\x0a\x00\x00\
\x00\x0dIHDR\x00\x00\x00\x13\x00\x00\x00\x14\x08\x04\
\x00\x00\x00\xc5\\\xce\xff\x00\x00\x00 cHRM\x00\
\x00z%\x00\x00\x80\x83\x00\x00\xf9\xff\x00\x00\x80\xe9\x00\
\x00u0\x00\x00\xea`\x00\x00:\x98\x00\x00\x17o\x92\
_\xc5F\x00\x00\x00\x02bKGD\x00\xff\x87\x8f\xcc\
\xbf\x00\x00\x00\x09pHYs\x00\x00\x0b\x13\x00\x00\x0b\
\x13\x01\x00\x9a\x9c\x18\x00\x00\x00\x07tIME\x07\xe7\
\x0c\x1b\x12+\x1bf\xca\xff\x9e\x00\x00\x01+IDA\
T(\xcf}\xd1\xb1\x95\xdaP\x10\x85\xe1\x0f\xce\xe6\xe0\
\x0a\xc0\xc1\x8b!S\x88\xd4\x01\xce}\x8eE\x05\xc6\x15\
\x98\xed\x80\x0e\xd0\x9e-\xc0r\x05\x16\x997\xd3\xc6/\
\xb0\xdc\x81Jp\xf0\x90\xbc\x8b\xf1\xdep\xe6\x9fy\xef\
\xde\x99<J\x0aK\xa5\xdc\x06\xbf5\xeaX\xa7\xfaG\
0IX8\xf8\xea\xb5\xce\xca\xd8\x0d\xd8\x14Bu\x81\
z\x8dF\x076\xda\xb0\x1ef\xa6\x84\xa3O\xe8\xed\xe3\
\xbbX\xc4\"\xbeWh1S\x87y\xc2&?\x97~\
\xa1W\xc4\xf6\xe5\x9b\xe1\x9b-\xee\xb3C\xda\xb6\x07\xf7\
\xaf!\xec\xf4\\\xba\xa6r\x88\xc7+H\xec=`\xf6\
\x94'l\x85\xb3[j\xc0zt\xfa\x1f\xf5`\x9e\xb0\
n\x98\xf8G\xf9\xdf\x9dSg\xccBy\x03K\xb56\
a\x158\x0e\x09\x8d\x81\x1c-\xf0\x90\xf50\x8dMr\
\xa4\x0d\xf9\x88\xccC\xe53z\x87T\xb9\xc3\xde\xca\xda\
\xc2\x8f\xf0\xac\xc6\xd2\xd6\x0c|\x8f]\x96\xae\xf0\x880\
w\xb2\xbdic\x97Uc \xb1\x8f\x1f\x14\xea\xb1\xd9\
9\\\xf2?=\x95\xe3\xb6\x17\x1f_Zx\x8e=\x84\
\xd2i\xd8x\x85]\xb9\x1d\xc1\xb7\xae Vv`s\
\xc7\xdb``\x95}\xf9\x03\x06\x95Y\xbd\x18\xea\x91\x1d\
\x00\x00\x00%tEXtdate:cre\
ate\x002023-12-27T1\
7:34:14+00:00Eb\x9b\
o\x00\x00\x00%tEXtdate:mo\
dify\x002023-12-27T\
17:34:14+00:004?\
#\xd3\x00\x00\x00(tEXtdate:t\
imestamp\x002023-12\
-27T18:43:27+00:\
000\xda\xc4\xbd\x00\x00\x00\x00IEND\xaeB\
`\x82\x00\x00\x01@\x89PNG\x0d\x0a\x1a\x0a\x00\x00\
\x00\x0dIHDR\x00\x00\x00\x0d\x00\x00\x00\x0c\x08\x06\
\x00\x00\x00\xb9\xb77\xd9\x00\x00\x00\x04sBIT\x08\
\x08\x08\x08|\x08d\x88\x00\x00\x00\x09pHYs\x00\
\x00\x0b\x12\x00\x00\x0b\x12\x01\xd2\xdd~\xfc\x00\x00\x00\x1c\
tEXtSoftware\x00Ado\
be Fireworks CS6\
\xe8\xbc\xb2\x8c\x00\x00\x00\x15tEXtCrea\
tion Time\x002/28/1\
4/\xf2\xbd\xb4\x00\x00\x00\x99IDAT(\x91\x85\
\x90\xbb\x15\x02!\x10E/\x1cs\xb7\x04:\xd0\x0e,\
E\xa2\x89\xadg\"\xe8\xc0\x12(a\xed@;\xd0\x0e\
LPq\xf9\xbd\x04\xe6\x0dw\xde\x1c\x0c\x03\x89\x88\x03\
\x1c\xb0\x00\xc7l_w\x9bG\x1e\xf0\xc0i0+\xd9\
\xb2R\xd5\x00\xdcG\xe9\xc0j:k\x05\xe0\xdc\xea\xa9\
\xaa\xb1\xad\x06p\x01^\x0d\xff\x06PA\"\xb2\x00\x09\
\xd87\xa0g\x05\x15\xc0\xa1\xb0\x1f\xc5=\xfdA\x1d \
\xaa\xaa\x03b9\xdcN\x00\x0f\x90\xcf\xf8M\x9a\x01\x1f\
\xe5z\x0509)\xf0\xfb\xe2\x0a\xe8JDB\x86\xa7\
z\x03sF5\x1e\xe5\xef\xdex\x00\x00\x00\x00IE\
ND\xaeB`\x82\
"

qt_resource_name = b"\
\x00\x0a\x0a\xc9w\x00\x00t\x00k\x00-\x00d\x00e\
\x00s\x00k\x00t\x00o\x00p\x00\x10\x000.\x87\
\x00s\x00h\x00o\x00t\x00g\x00u\x00n\x00_\
\x00l\x00o\x00g\x00o\x00.\x00p\x00n\x00g\
\x00\x13\x00=\x06\x87\x00l\x00o\x00a\x00d\x00i\
\x00n\x00g\x00_\x005\x001\x002\x00x\x004\
\x000\x000\x00.\x00p\x00n\x00g\x00\x05\x00{\
WG\x00x\x00.\x00p\x00n\x00g\x00\x14\x00\xc8\
\xbd\xe7\x00i\x00c\x00o\x00n\x00_\x00i\x00n\
\x00b\x00o\x00x\x00_\x00c\x00l\x00e\x00a\
\x00r\x00.\x00p\x00n\x00g\x00\x0f\x02\x9f\x05\x87\
\x00r\x00i\x00g\x00h\x00t\x00_\x00a\x00r\
\x00r\x00o\x00w\x00.\x00p\x00n\x00g\x00\x1d\
\x02\xa6\x99\xa7\x00m\x00i\x00s\x00s\x00i\x00n\
\x00g\x00_\x00t\x00h\x00u\x00m\x00b\x00n\
\x00a\x00i\x00l\x00_\x00p\x00r\x00o\x00j\
\x00e\x00c\x00t\x00.\x00p\x00n\x00g\x00\x0f\
\x02\xa6\xfa\x87\x00s\x00e\x00a\x00r\x00c\x00h\
\x00_\x00b\x00l\x00u\x00e\x00.\x00p\x00n\
\x00g\x00\x0c\x04D7\xa7\x00e\x00l\x00l\x00i\
\x00p\x00s\x00e\x00s\x00.\x00p\x00n\x00g\
\x00\x0e\x04\xa2\xfc\xa7\x00d\x00o\x00w\x00n\x00_\
\x00a\x00r\x00r\x00o\x00w\x00.\x00p\x00n\
\x00g\x00\x0e\x05O\xfe\x87\x00d\x00o\x00w\x00n\
\x00_\x00c\x00a\x00r\x00a\x00t\x00.\x00p\
\x00n\x00g\x00\x0e\x06,\xfcg\x00b\x00a\x00c\
\x00k\x00_\x00a\x00r\x00r\x00o\x00w\x00.\
\x00p\x00n\x00g\x00\x1d\x06\x9e\xefG\x00s\x00h\
\x00o\x00t\x00g\x00u\x00n\x00_\x00l\x00o\
\x00g\x00o\x00_\x00l\x00i\x00g\x00h\x00t\
\x00_\x00m\x00e\x00d\x00i\x00u\x00m\x00.\
\x00p\x00n\x00g\x00\x09\x06\xa6\x82g\x00c\x00r\
\x00o\x00s\x00s\x00.\x00p\x00n\x00g\x00\x18\
\x06\xb48g\x00d\x00e\x00f\x00a\x00u\x00l\
\x00t\x00_\x00s\x00y\x00s\x00t\x00r\x00a\
\x00y\x00_\x00i\x00c\x00o\x00n\x00.\x00p\
\x00n\x00g\x00\x0c\x07\x0b\xe4G\x00u\x00p\x00_\
\x00c\x00a\x00r\x00a\x00t\x00.\x00p\x00n\
\x00g\x00\x10\x07\xb4\xf4\x07\x00a\x00n\x00c\x00h\
\x00o\x00r\x00_\x00a\x00r\x00r\x00o\x00w\
\x00.\x00p\x00n\x00g\x00\x0b\x083@G\x00s\
\x00q\x00u\x00a\x00r\x00e\x00s\x00.\x00p\
\x00n\x00g\x00\x0f\x09\xa0\xfa\xe7\x00s\x00e\x00a\
\x00r\x00c\x00h\x00_\x00d\x00a\x00r\x00k\
\x00.\x00p\x00n\x00g\x00\x16\x0a\xb6\xf4'\x00s\
\x00e\x00a\x00r\x00c\x00h\x00_\x00t\x00r\
\x00a\x00n\x00s\x00p\x00a\x00r\x00e\x00n\
\x00t\x00.\x00p\x00n\x00g\x00\x14\x0bCD\xc7\
\x00w\x00a\x00i\x00t\x00_\x00s\x00c\x00r\
\x00e\x00e\x00n\x00_\x00i\x00c\x00o\x00n\
\x00.\x00p\x00n\x00g\x00\x08\x0b\x85Z\xe7\x00g\
\x00e\x00a\x00r\x00.\x00p\x00n\x00g\x00\x16\
\x0c\x8eG\xc7\x00d\x00e\x00f\x00a\x00u\x00l\
\x00t\x00_\x00u\x00s\x00e\x00r\x00_\x00t\
\x00h\x00u\x00m\x00b\x00.\x00p\x00n\x00g\
\x00\x10\x0c\xdc|\x87\x00s\x00e\x00a\x00r\x00c\
\x00h\x00_\x00l\x00i\x00g\x00h\x00t\x00.\
\x00p\x00n\x00g\x00\x12\x0d\x87E\xa7\x00u\x00p\
\x00_\x00r\x00i\x00g\x00h\x00t\x00_\x00a\
\x00r\x00r\x00o\x00w\x00.\x00p\x00n\x00g\
"

qt_resource_struct = b"\
\x00\x00\x00\x00\x00\x02\x00\x00\x00\x01\x00\x00\x00\x01\x00\x00\
\x00\x00\x00\x00\x00\x00\x00\x00\x00\x00\x00\x02\x00\x00\x00\x18\
\x00\x00\x00\x02\x00\x00\x00\x00\x00\x00\x00\x00\x00\x00\x00\x1a\
\x00\x00\x00\x00\x00\x01\x00\x00\x00\x00\x00\x00\x00\x00\x00\x00\
\x00\x00\x00\x00\x00@\x00\x00\x00\x00\x00\x01\x00\x00DS\
\x00\x00\x00\x00\x00\x00\x00\x00\x00\x00\x00l\x00\x00\x00\x00\
\x00\x01\x00\x00\x81P\x00\x00\x00\x00\x00\x00\x00\x00\x00\x00\
\x00|\x00\x00\x00\x00\x00\x01\x00\x00\x83m\x00\x00\x00\x00\
\x00\x00\x00\x00\x00\x00\x00\xaa\x00\x00\x00\x00\x00\x01\x00\x00\
\x85`\x00\x00\x00\x00\x00\x00\x00\x00\x00\x00\x00\xce\x00\x00\
\x00\x00\x00\x01\x00\x00\xc1\xcb\x00\x00\x00\x00\x00\x00\x00\x00\
\x00\x00\x01\x0e\x00\x00\x00\x00\x00\x01\x00\x01p\xe2\x00\x00\
\x00\x00\x00\x00\x00\x00\x00\x00\x012\x00\x00\x00\x00\x00\x01\
\x00\x01}\x0a\x00\x00\x00\x00\x00\x00\x00\x00\x00\x00\x01P\
\x00\x00\x00\x00\x00\x01\x00\x01\xd0)\x00\x00\x00\x00\x00\x00\
\x00\x00\x00\x00\x01r\x00\x00\x00\x00\x00\x01\x00\x02\x09+\
\x00\x00\x00\x00\x00\x00\x00\x00\x00\x00\x01\x94\x00\x00\x00\x00\
\x00\x01\x00\x02\x0a^\x00\x00\x00\x00\x00\x00\x00\x00\x00\x00\
\x01\xb6\x00\x00\x00\x00\x00\x01\x00\x02KG\x00\x00\x00\x00\
\x00\x00\x00\x00\x00\x00\x01\xf6\x00\x00\x00\x00\x00\x01\x00\x02\
r\x1c\x00\x00\x00\x00\x00\x00\x00\x00\x00\x00\x02\x0e\x00\x00\
\x00\x00\x00\x01\x00\x02uJ\x00\x00\x00\x00\x00\x00\x00\x00\
\x00\x00\x02D\x00\x00\x00\x00\x00\x01\x00\x02\xb1\x85\x00\x00\
\x00\x00\x00\x00\x00\x00\x00\x00\x02b\x00\x00\x00\x00\x00\x01\
\x00\x02\xb2\xbd\x00\x00\x00\x00\x00\x00\x00\x00\x00\x00\x02\x88\
\x00\x00\x00\x00\x00\x01\x00\x02\xb4P\x00\x00\x00\x00\x00\x00\
\x00\x00\x00\x00\x02\xa4\x00\x00\x00\x00\x00\x01\x00\x02\xf4\xb2\
\x00\x00\x00\x00\x00\x00\x00\x00\x00\x00\x02\xc8\x00\x00\x00\x00\
\x00\x01\x00\x02\xf7\x1b\x00\x00\x00\x00\x00\x00\x00\x00\x00\x00\
\x02\xfa\x00\x00\x00\x00\x00\x01\x00\x03\x02+\x00\x00\x00\x00\
\x00\x00\x00\x00\x00\x00\x03(\x00\x00\x00\x00\x00\x01\x00\x03\
\x19b\x00\x00\x00\x00\x00\x00\x00\x00\x00\x00\x03>\x00\x00\
\x00\x00\x00\x01\x00\x03-\xbf\x00\x00\x00\x00\x00\x00\x00\x00\
\x00\x00\x03p\x00\x00\x00\x00\x00\x01\x00\x03mb\x00\x00\
\x00\x00\x00\x00\x00\x00\x00\x00\x03\x96\x00\x00\x00\x00\x00\x01\
\x00\x03o\xc2\x00\x00\x00\x00\x00\x00\x00\x00\
"


def qInitResources():
    QtCore.qRegisterResourceData(0x03, qt_resource_struct, qt_resource_name, qt_resource_data)


def qCleanupResources():
    QtCore.qUnregisterResourceData(0x03, qt_resource_struct, qt_resource_name, qt_resource_data)


qInitResources()
